ANCHOR_ID,ANCHOR_TYPE,NAME,ANCHOR_ROLE,ANCHOR_CLASS,FLOOR,ENVIROMENT,AREA_TYPE,VERTICAL,X,Y,POLYGON,WALKABLE,NOTES,STATUS,ACCESS_WHEELCHAIR,ACCESS_STROLLER,ACCESS_LUGGAGE,PRE_SITE_QA,
ATM_F0,ATM,ATM West Banco Caja Rural,AMENITY,ATM,F0,OUTDOOR_OPEN_AIR,MALL,Falso,0.4926,0.7869,,Falso,ATM West Banco Caja Rural,ACTIVE,TRUE,TRUE,TRUE,Verdadero,
ATM1_F0,ATM,ATM Plaza De La Lonja,AMENITY,ATM,F0,OUTDOOR_OPEN_AIR,MALL,Falso,0.3626,0.1179,,Falso,ATM Plaza De La Lonja,ACTIVE,TRUE,TRUE,TRUE,Verdadero,
ATM2_F0,ATM,ATM BitBase Plaza Mayor,AMENITY,ATM,F0,OUTDOOR_OPEN_AIR,MALL,Falso,0.7076,0.5479,,Falso,ATM BitBase Plaza Mayor,ACTIVE,TRUE,TRUE,TRUE,Verdadero,
ATM3_F0,ATM,ATM  ING Plaza De Las Flores ,AMENITY,ATM,F0,OUTDOOR_OPEN_AIR,MALL,Falso,0.5676,0.7329,,Falso,ATM  ING Plaza De Las Flores ,ACTIVE,TRUE,TRUE,TRUE,Verdadero,
ATM4_F0,ATM,ATM Euronet Al Campo,AMENITY,ATM,F0,OUTDOOR_OPEN_AIR,MALL,Falso,0.3926,0.3639,,Falso,ATM Euronet Al Campo,ACTIVE,TRUE,TRUE,TRUE,Verdadero,
ATM5_F0,ATM,ATM CaixaBank  Plaza De La Lonja,AMENITY,ATM,F0,OUTDOOR_OPEN_AIR,MALL,Falso,0.3766,0.2159,,Falso,ATM CaixaBank  Plaza De La Lonja,ACTIVE,TRUE,TRUE,TRUE,Verdadero,
ATM6_F0,ATM,ATM Euronet Plaza De Las Flores,AMENITY,ATM,F0,OUTDOOR_OPEN_AIR,MALL,Falso,0.6066,0.7339,,Falso,ATM Euronet Plaza De Las Flores,ACTIVE,TRUE,TRUE,TRUE,Verdadero,
BUS_STOP_1,NODE,Bus Stop,BUS_STOP,TRANSPORT,B1,OUTDOOR_OPEN_AIR,MALL,Falso,0.7976,0.6529,,Falso,Bus Stop,ACTIVE,TRUE,TRUE,TRUE,Verdadero,
COR_COVERED_M1,CORRIDOR,Covered Corridor ,PATH,CORRIDOR,F0,INDOOR_ENCLOSED,MALL,Falso,0.3666,0.2599,,Verdadero,Covered Corridor ,ACTIVE,Verdadero,Verdadero,Verdadero,Falso,
COR_COVERED_M2,CORRIDOR,Covered Corridor ,PATH,CORRIDOR,F0,INDOOR_ENCLOSED,MALL,Falso,0.3746,0.2959,,Verdadero,Covered Corridor ,ACTIVE,Verdadero,Verdadero,Verdadero,Falso,
COR_COVERED_M3,CORRIDOR,Covered Corridor ,PATH,CORRIDOR,F0,INDOOR_ENCLOSED,MALL,Falso,0.3836,0.3339,,Verdadero,Covered Corridor ,ACTIVE,Verdadero,Verdadero,Verdadero,Falso,
COR_COVERED_M4,CORRIDOR,Covered Corridor ,PATH,CORRIDOR,F0,INDOOR_ENCLOSED,MALL,Falso,0.3906,0.3579,,Verdadero,Covered Corridor ,ACTIVE,Verdadero,Verdadero,Verdadero,Falso,
COR_COVERED_M5,CORRIDOR,Covered Corridor ,PATH,CORRIDOR,F0,INDOOR_ENCLOSED,MALL,Falso,0.4006,0.3969,,Verdadero,Covered Corridor ,ACTIVE,Verdadero,Verdadero,Verdadero,Falso,
COR_COVERED_M6,CORRIDOR,Covered Corridor ,PATH,CORRIDOR,F0,INDOOR_ENCLOSED,MALL,Falso,0.4176,0.4519,,Verdadero,Covered Corridor ,ACTIVE,Verdadero,Verdadero,Verdadero,Falso,
COR_COVERED_N,CORRIDOR,Covered Corridor ,PATH,CORRIDOR,F0,INDOOR_ENCLOSED,MALL,Falso,0.3576,0.2199,,Verdadero,Covered Corridor ,ACTIVE,Verdadero,Verdadero,Verdadero,Verdadero,
COR_COVERED_S,CORRIDOR,Covered Corridor ,PATH,CORRIDOR,F0,INDOOR_ENCLOSED,MALL,Falso,0.4286,0.4849,,Verdadero,Covered Corridor ,ACTIVE,Verdadero,Verdadero,Verdadero,Verdadero,
COR_EXT_E_M1,CORRIDOR,Corridor Outside East,PATH,CORRIDOR,F0,OUTDOOR_OPEN_AIR,MALL,Falso,0.5476,0.1359,,Verdadero,Corridor Outside East,ACTIVE,Verdadero,Verdadero,Verdadero,Falso,
COR_EXT_E_M2,CORRIDOR,Corridor Outside East,PATH,CORRIDOR,F0,OUTDOOR_OPEN_AIR,MALL,Falso,0.6216,0.1799,,Verdadero,Corridor Outside East,ACTIVE,Verdadero,Verdadero,Verdadero,Falso,
COR_EXT_E_M3,CORRIDOR,Corridor Outside East,PATH,CORRIDOR,F0,OUTDOOR_OPEN_AIR,MALL,Falso,0.6676,0.2099,,Verdadero,Corridor Outside East,ACTIVE,Verdadero,Verdadero,Verdadero,Falso,
COR_EXT_E_M4,CORRIDOR,Corridor Outside East,PATH,CORRIDOR,F0,OUTDOOR_OPEN_AIR,MALL,Falso,0.7406,0.2619,,Verdadero,Corridor Outside East,ACTIVE,Verdadero,Verdadero,Verdadero,Falso,
COR_EXT_E_M5,CORRIDOR,Corridor Outside East,PATH,CORRIDOR,F0,OUTDOOR_OPEN_AIR,MALL,Falso,0.8256,0.3179,,Verdadero,Corridor Outside East,ACTIVE,Verdadero,Verdadero,Verdadero,Falso,
COR_EXT_E_M6,CORRIDOR,Corridor Outside East,PATH,CORRIDOR,F0,OUTDOOR_OPEN_AIR,MALL,Falso,0.8946,0.3639,,Verdadero,Corridor Outside East,ACTIVE,Verdadero,Verdadero,Verdadero,Falso,
COR_EXT_E_M7,CORRIDOR,Corridor Outside East,PATH,CORRIDOR,F0,OUTDOOR_OPEN_AIR,MALL,Falso,0.9526,0.3999,,Verdadero,Corridor Outside East,ACTIVE,Verdadero,Verdadero,Verdadero,Falso,
COR_EXT_E_N,CORRIDOR,Corridor Outside East,PATH,CORRIDOR,F0,OUTDOOR_OPEN_AIR,MALL,Falso,0.5026,0.0999,,Verdadero,Corridor Outside East,ACTIVE,Verdadero,Verdadero,Verdadero,Verdadero,
COR_EXT_E_S,CORRIDOR,Corridor Outside East,PATH,CORRIDOR,F0,OUTDOOR_OPEN_AIR,MALL,Falso,0.972,0.4129,,Verdadero,Corridor Outside East,ACTIVE,Verdadero,Verdadero,Verdadero,Verdadero,
COR_EXT_MAIN_ENTRANCE_E,CORRIDOR,Corridor Outside Main Entrance,PATH,CORRIDOR,B1,OUTDOOR_OPEN_AIR,MALL,Falso,0.8126,0.5629,,Verdadero,Corridor Outside Main Entrance,ACTIVE,Verdadero,Verdadero,Verdadero,Verdadero,
COR_EXT_MAIN_ENTRANCE_M1,CORRIDOR,Corridor Outside Main Entrance,PATH,CORRIDOR,B1,OUTDOOR_OPEN_AIR,MALL,Falso,0.7856,0.6029,,Verdadero,Corridor Outside Main Entrance,ACTIVE,Verdadero,Verdadero,Verdadero,Falso,
COR_EXT_MAIN_ENTRANCE_W,CORRIDOR,Corridor Outside Main Entrance,PATH,CORRIDOR,B1,OUTDOOR_OPEN_AIR,MALL,Falso,0.7586,0.6429,,Verdadero,Corridor Outside Main Entrance,ACTIVE,Verdadero,Verdadero,Verdadero,Verdadero,
COR_EXT_N_MAIN_E,CORRIDOR,Corridor Outside North Main,PATH,CORRIDOR,F1,OUTDOOR_OPEN_AIR,MALL,Falso,0.18,0.0969,,Verdadero,Corridor Outside North Main,ACTIVE,TRUE,Verdadero,Verdadero,Verdadero,
COR_EXT_N_MAIN_M1,CORRIDOR,Corridor Outside North Main,PATH,CORRIDOR,F1,OUTDOOR_OPEN_AIR,MALL,Falso,0.248,0.0819,,Verdadero,Corridor Outside North Main,ACTIVE,Verdadero,Verdadero,Verdadero,Falso,
COR_EXT_N_MAIN_M2,CORRIDOR,Corridor Outside North Main,PATH,CORRIDOR,F1,OUTDOOR_OPEN_AIR,MALL,Falso,0.335,0.0619,,Verdadero,Corridor Outside North Main,ACTIVE,Verdadero,Verdadero,Verdadero,Falso,
COR_EXT_N_MAIN_W,CORRIDOR,Corridor Outside North Main,PATH,CORRIDOR,F1,OUTDOOR_OPEN_AIR,MALL,Falso,0.393,0.0479,,Verdadero,Corridor Outside North Main,ACTIVE,TRUE,Verdadero,Verdadero,Verdadero,
COR_EXT_W_M1,CORRIDOR,Corridor Outside West,PATH,CORRIDOR,F0,OUTDOOR_OPEN_AIR,MALL,Falso,0.3146,0.7219,,Verdadero,Corridor Outside West,ACTIVE,Verdadero,Verdadero,Verdadero,Falso,
COR_EXT_W_M2,CORRIDOR,Corridor Outside West,PATH,CORRIDOR,F0,OUTDOOR_OPEN_AIR,MALL,Falso,0.3636,0.7529,,Verdadero,Corridor Outside West,ACTIVE,Verdadero,Verdadero,Verdadero,Falso,
COR_EXT_W_M3,CORRIDOR,Corridor Outside West,PATH,CORRIDOR,F0,OUTDOOR_OPEN_AIR,MALL,Falso,0.4216,0.7899,,Verdadero,Corridor Outside West,ACTIVE,Verdadero,Verdadero,Verdadero,Falso,
COR_EXT_W_M4,CORRIDOR,Corridor Outside West,PATH,CORRIDOR,F0,OUTDOOR_OPEN_AIR,MALL,Falso,0.4916,0.8359,,Verdadero,Corridor Outside West,ACTIVE,Verdadero,Verdadero,Verdadero,Falso,
COR_EXT_W_M5,CORRIDOR,Corridor Outside West,PATH,CORRIDOR,F0,OUTDOOR_OPEN_AIR,MALL,Falso,0.5626,0.8819,,Verdadero,Corridor Outside West,ACTIVE,Verdadero,Verdadero,Verdadero,Falso,
COR_EXT_W_N,CORRIDOR,Corridor Outside West,PATH,CORRIDOR,F0,OUTDOOR_OPEN_AIR,MALL,Falso,0.2746,0.6859,,Verdadero,Corridor Outside West,ACTIVE,Verdadero,Verdadero,Verdadero,Verdadero,
COR_EXT_W_S,CORRIDOR,Corridor Outside West,PATH,CORRIDOR,F0,OUTDOOR_OPEN_AIR,MALL,Falso,0.6506,0.9229,,Verdadero,Corridor Outside West,ACTIVE,Verdadero,Verdadero,Verdadero,Verdadero,
COR_MAIN_E_M1,CORRIDOR,Avenida de Mediterraneo South,PATH,CORRIDOR,F0,OUTDOOR_OPEN_AIR,MALL,Falso,0.6646,0.4399,,Verdadero,Avenida de Mediterraneo South,ACTIVE,Verdadero,Verdadero,Verdadero,Falso,
COR_MAIN_E_M2,CORRIDOR,Avenida de Mediterraneo South,PATH,CORRIDOR,F0,OUTDOOR_OPEN_AIR,MALL,Falso,0.6606,0.4059,,Verdadero,Avenida de Mediterraneo South,ACTIVE,Verdadero,Verdadero,Verdadero,Falso,
COR_MAIN_E_M3,CORRIDOR,Avenida de Mediterraneo South,PATH,CORRIDOR,F0,OUTDOOR_OPEN_AIR,MALL,Falso,0.6536,0.3629,,Verdadero,Avenida de Mediterraneo South,ACTIVE,Verdadero,Verdadero,Verdadero,Falso,
COR_MAIN_E_M4,CORRIDOR,Avenida de Mediterraneo South,PATH,CORRIDOR,F0,OUTDOOR_OPEN_AIR,MALL,Falso,0.6366,0.3259,,Verdadero,Avenida de Mediterraneo South,ACTIVE,Verdadero,Verdadero,Verdadero,Falso,
COR_MAIN_E_N,CORRIDOR,Avenida de Mediterraneo South,PATH,CORRIDOR,F0,OUTDOOR_OPEN_AIR,MALL,Falso,0.6286,0.3089,,Verdadero,Avenida de Mediterraneo South,ACTIVE,Verdadero,Verdadero,Verdadero,Verdadero,
COR_MAIN_E_S,CORRIDOR,Avenida de Mediterraneo South,PATH,CORRIDOR,F0,OUTDOOR_OPEN_AIR,MALL,Falso,0.6646,0.4669,,Verdadero,Avenida de Mediterraneo South,ACTIVE,Verdadero,Verdadero,Verdadero,Verdadero,
COR_MAIN_E1_M1,CORRIDOR,Avenida de Mediterraneo North,PATH,CORRIDOR,F0,OUTDOOR_OPEN_AIR,MALL,Falso,0.5646,0.2319,,Verdadero,Avenida de Mediterraneo North,ACTIVE,Verdadero,Verdadero,Verdadero,Falso,
COR_MAIN_E1_M2,CORRIDOR,Avenida de Mediterraneo North,PATH,CORRIDOR,F0,OUTDOOR_OPEN_AIR,MALL,Falso,0.5306,0.2079,,Verdadero,Avenida de Mediterraneo North,ACTIVE,Verdadero,Verdadero,Verdadero,Falso,
COR_MAIN_E1_M3,CORRIDOR,Avenida de Mediterraneo North,PATH,CORRIDOR,F0,OUTDOOR_OPEN_AIR,MALL,Falso,0.4866,0.1819,,Verdadero,Avenida de Mediterraneo North,ACTIVE,Verdadero,Verdadero,Verdadero,Falso,
COR_MAIN_E1_M4,CORRIDOR,Avenida de Mediterraneo North,PATH,CORRIDOR,F0,OUTDOOR_OPEN_AIR,MALL,Falso,0.4416,0.1539,,Verdadero,Avenida de Mediterraneo North,ACTIVE,Verdadero,Verdadero,Verdadero,Falso,
COR_MAIN_E1_N,CORRIDOR,Avenida de Mediterraneo North,PATH,CORRIDOR,F0,OUTDOOR_OPEN_AIR,MALL,Falso,0.4146,0.1549,,Verdadero,Avenida de Mediterraneo North,ACTIVE,Verdadero,Verdadero,Verdadero,Falso,
COR_MAIN_E1_S,CORRIDOR,Avenida de Mediterraneo North,PATH,CORRIDOR,F0,OUTDOOR_OPEN_AIR,MALL,Falso,0.5866,0.2539,,Verdadero,Avenida de Mediterraneo North,ACTIVE,Verdadero,Verdadero,Verdadero,Falso,
COR_MAIN_E2_N,CORRIDOR,Corridor East Short,PATH,CORRIDOR,F0,OUTDOOR_OPEN_AIR,MALL,Falso,0.6506,0.2349,,Verdadero,Corridor East Short,ACTIVE,Verdadero,Verdadero,Verdadero,Falso,
COR_MAIN_E2_S,CORRIDOR,Corridor East Short,PATH,CORRIDOR,F0,OUTDOOR_OPEN_AIR,MALL,Falso,0.6346,0.2589,,Verdadero,Corridor East Short,ACTIVE,Verdadero,Verdadero,Verdadero,Falso,
COR_MAIN_N_M1,CORRIDOR,Paseo del Azahar,PATH,CORRIDOR,F0,OUTDOOR_OPEN_AIR,MALL,Falso,0.5886,0.5259,,Verdadero,Paseo del Azahar,ACTIVE,Verdadero,Verdadero,Verdadero,Falso,
COR_MAIN_N_M2,CORRIDOR,Paseo del Azahar,PATH,CORRIDOR,F0,OUTDOOR_OPEN_AIR,MALL,Falso,0.5666,0.5119,,Verdadero,Paseo del Azahar,ACTIVE,Verdadero,Verdadero,Verdadero,Falso,
COR_MAIN_N_M3,CORRIDOR,Paseo del Azahar,PATH,CORRIDOR,F0,OUTDOOR_OPEN_AIR,MALL,Falso,0.5506,0.4979,,Verdadero,Paseo del Azahar,ACTIVE,Verdadero,Verdadero,Verdadero,Falso,
COR_MAIN_N_M4,CORRIDOR,Paseo del Azahar,PATH,CORRIDOR,F0,OUTDOOR_OPEN_AIR,MALL,Falso,0.5306,0.4869,,Verdadero,Paseo del Azahar,ACTIVE,Verdadero,Verdadero,Verdadero,Falso,
COR_MAIN_N_N,CORRIDOR,Paseo del Azahar,PATH,CORRIDOR,F0,OUTDOOR_OPEN_AIR,MALL,Falso,0.4986,0.4719,,Verdadero,Paseo del Azahar,ACTIVE,Verdadero,Verdadero,Verdadero,Falso,
COR_MAIN_N_S,CORRIDOR,Paseo del Azahar,PATH,CORRIDOR,F0,OUTDOOR_OPEN_AIR,MALL,Falso,0.6016,0.5379,,Verdadero,Paseo del Azahar,ACTIVE,Verdadero,Verdadero,Verdadero,Falso,
COR_MAIN_N1_M1,CORRIDOR,Paseo de la Vega,PATH,CORRIDOR,F0,OUTDOOR_OPEN_AIR,MALL,Falso,0.4616,0.3939,,Verdadero,Paseo de la Vega,ACTIVE,Verdadero,Verdadero,Verdadero,Falso,
COR_MAIN_N1_M2,CORRIDOR,Paseo de la Vega,PATH,CORRIDOR,F0,OUTDOOR_OPEN_AIR,MALL,Falso,0.4486,0.3399,,Verdadero,Paseo de la Vega,ACTIVE,Verdadero,Verdadero,Verdadero,Falso,
COR_MAIN_N1_M3,CORRIDOR,Paseo de la Vega,PATH,CORRIDOR,F0,OUTDOOR_OPEN_AIR,MALL,Falso,0.4366,0.2889,,Verdadero,Paseo de la Vega,ACTIVE,Verdadero,Verdadero,Verdadero,Falso,
COR_MAIN_N1_M4,CORRIDOR,Paseo de la Vega,PATH,CORRIDOR,F0,OUTDOOR_OPEN_AIR,MALL,Falso,0.4316,0.2499,,Verdadero,Paseo de la Vega,ACTIVE,Verdadero,Verdadero,Verdadero,Falso,
COR_MAIN_N1_N,CORRIDOR,Paseo de la Vega,PATH,CORRIDOR,F0,OUTDOOR_OPEN_AIR,MALL,Falso,0.4226,0.2239,,Verdadero,Paseo de la Vega,ACTIVE,Verdadero,Verdadero,Verdadero,Falso,
COR_MAIN_N1_S,CORRIDOR,Paseo de la Vega,PATH,CORRIDOR,F0,OUTDOOR_OPEN_AIR,MALL,Falso,0.4726,0.4519,,Verdadero,Paseo de la Vega,ACTIVE,Verdadero,Verdadero,Verdadero,Falso,
COR_MAIN_W_E,CORRIDOR,West Corridor West,PATH,CORRIDOR,F0,OUTDOOR_OPEN_AIR,MALL,Falso,0.5626,0.7449,,Verdadero,West Corridor West,ACTIVE,Verdadero,Verdadero,Verdadero,Falso,
COR_MAIN_W_M1,CORRIDOR,West Corridor West,PATH,CORRIDOR,F0,OUTDOOR_OPEN_AIR,MALL,Falso,0.5326,0.7789,,Verdadero,West Corridor West,ACTIVE,Verdadero,Verdadero,Verdadero,Falso,
COR_MAIN_W_M2,CORRIDOR,West Corridor West,PATH,CORRIDOR,F0,OUTDOOR_OPEN_AIR,MALL,Falso,0.5546,0.7559,,Verdadero,West Corridor West,ACTIVE,Verdadero,Verdadero,Verdadero,Falso,
COR_MAIN_W_W,CORRIDOR,West Corridor West,PATH,CORRIDOR,F0,OUTDOOR_OPEN_AIR,MALL,Falso,0.5076,0.8069,,Verdadero,West Corridor West,ACTIVE,Verdadero,Verdadero,Verdadero,Falso,
COR_MAIN_W1_E,CORRIDOR,West Corridor East,PATH,CORRIDOR,F0,OUTDOOR_OPEN_AIR,MALL,Falso,0.6566,0.5829,,Verdadero,West Corridor East,ACTIVE,Verdadero,Verdadero,Verdadero,Falso,
COR_MAIN_W1_M1,CORRIDOR,West Corridor East,PATH,CORRIDOR,F0,OUTDOOR_OPEN_AIR,MALL,Falso,0.6146,0.6579,,Verdadero,West Corridor East,ACTIVE,Verdadero,Verdadero,Verdadero,Falso,
COR_MAIN_W1_M2,CORRIDOR,West Corridor East,PATH,CORRIDOR,F0,OUTDOOR_OPEN_AIR,MALL,Falso,0.6316,0.6269,,Verdadero,West Corridor East,ACTIVE,Verdadero,Verdadero,Verdadero,Falso,
COR_MAIN_W1_W,CORRIDOR,West Corridor East,PATH,CORRIDOR,F0,OUTDOOR_OPEN_AIR,MALL,Falso,0.5986,0.6839,,Verdadero,West Corridor East,ACTIVE,Verdadero,Verdadero,Verdadero,Falso,
COR_PLZ_CROSS_NS_N_F0,PLAZA,Plaza Mayor Cross NS,PATH,PLAZA,F0,OUTDOOR_OPEN_AIR,MALL,Falso,0.6666,0.4779,,Verdadero,Plaza Mayor,ACTIVE,Verdadero,Verdadero,Verdadero,Falso,
COR_PLZ_CROSS_NS_N_M1,PLAZA,Plaza Mayor Cross NS,PATH,PLAZA,F0,OUTDOOR_OPEN_AIR,MALL,Falso,0.6646,0.5279,,Verdadero,Plaza Mayor,ACTIVE,Verdadero,Verdadero,Verdadero,Falso,
COR_PLZ_CROSS_NS_S_F0,PLAZA,Plaza Mayor Cross NS,PATH,PLAZA,F0,OUTDOOR_OPEN_AIR,MALL,Falso,0.6576,0.5749,,Verdadero,Plaza Mayor,ACTIVE,Verdadero,Verdadero,Verdadero,Falso,
COR_PLZ_CROSS_WE_W_F0,PLAZA,Plaza Mayor Cross WE,PATH,PLAZA,F0,OUTDOOR_OPEN_AIR,MALL,Falso,0.6306,0.5549,,Verdadero,Plaza Mayor,ACTIVE,Verdadero,Verdadero,Verdadero,Falso,
COR_PLZ_CROSS_WE_W_M1,PLAZA,Plaza Mayor Cross WE,PATH,PLAZA,F0,OUTDOOR_OPEN_AIR,MALL,Falso,0.6626,0.5279,,Verdadero,Plaza Mayor,ACTIVE,Verdadero,Verdadero,Verdadero,Falso,
COR_PLZ_CROSS_WE_E_F0,PLAZA,Plaza Mayor Cross WE,PATH,PLAZA,F0,OUTDOOR_OPEN_AIR,MALL,Falso,0.7156,0.5029,,Verdadero,Plaza Mayor,ACTIVE,Verdadero,Verdadero,Verdadero,Falso,
COR_PLZ_E_E_F0,PLAZA,Plaza de Miguel Hernandez,PATH,PLAZA,F0,OUTDOOR_OPEN_AIR,MALL,Falso,0.6486,0.2739,,Verdadero,Plaza de Miguel Hernandez,ACTIVE,Verdadero,Verdadero,Verdadero,Falso,
COR_PLZ_E_N_F0,PLAZA,Plaza de Miguel Hernandez,PATH,PLAZA,F0,OUTDOOR_OPEN_AIR,MALL,Falso,0.6176,0.2539,,Verdadero,Plaza de Miguel Hernandez,ACTIVE,Verdadero,Verdadero,Verdadero,Falso,
COR_PLZ_E_S_F0,PLAZA,Plaza de Miguel Hernandez,PATH,PLAZA,F0,OUTDOOR_OPEN_AIR,MALL,Falso,0.6266,0.3099,,Verdadero,Plaza de Miguel Hernandez,ACTIVE,Verdadero,Verdadero,Verdadero,Falso,
COR_PLZ_E_W_F0,PLAZA,Plaza de Miguel Hernandez,PATH,PLAZA,F0,OUTDOOR_OPEN_AIR,MALL,Falso,0.5936,0.2879,,Verdadero,Plaza de Miguel Hernandez,ACTIVE,Verdadero,Verdadero,Verdadero,Falso,
COR_PLZ_FC_N_E_F1,PLAZA,Food Court – North,PATH,PLAZA,F1,OUTDOOR_OPEN_AIR,MALL,Falso,0.6466,0.4519,,Verdadero,Food Court – North,ACTIVE,Verdadero,Verdadero,Verdadero,Falso,
COR_PLZ_FC_N_E_M1,PLAZA,Food Court – North,PATH,PLAZA,F1,OUTDOOR_OPEN_AIR,MALL,Falso,0.6246,0.4349,,Verdadero,Food Court – North,ACTIVE,Verdadero,Verdadero,Verdadero,Falso,
COR_PLZ_FC_N_E_M2,PLAZA,Food Court – North,PATH,PLAZA,F1,OUTDOOR_OPEN_AIR,MALL,Falso,0.6446,0.4499,,Verdadero,Food Court – North,ACTIVE,Verdadero,Verdadero,Verdadero,Falso,
COR_PLZ_FC_N_N_F1,PLAZA,Food Court – North,PATH,PLAZA,F1,OUTDOOR_OPEN_AIR,MALL,Falso,0.6176,0.4259,,Verdadero,Food Court – North,ACTIVE,Verdadero,Verdadero,Verdadero,Falso,
COR_PLZ_FC_N_N_M1,PLAZA,Food Court – North,PATH,PLAZA,F1,OUTDOOR_OPEN_AIR,MALL,Falso,0.5776,0.4639,,Verdadero,Food Court – North,ACTIVE,Verdadero,Verdadero,Verdadero,Falso,
COR_PLZ_FC_N_N_M2,PLAZA,Food Court – North,PATH,PLAZA,F1,OUTDOOR_OPEN_AIR,MALL,Falso,0.5946,0.4419,,Verdadero,Food Court – North,ACTIVE,Verdadero,Verdadero,Verdadero,Falso,
COR_PLZ_FC_N_S_F1,PLAZA,Food Court – North,PATH,PLAZA,F1,OUTDOOR_OPEN_AIR,MALL,Falso,0.6056,0.5159,,Verdadero,Food Court – North,ACTIVE,Verdadero,Verdadero,Verdadero,Falso,
COR_PLZ_FC_N_S_M1,PLAZA,Food Court – North,PATH,PLAZA,F1,OUTDOOR_OPEN_AIR,MALL,Falso,0.6386,0.4739,,Verdadero,Food Court – North,ACTIVE,Verdadero,Verdadero,Verdadero,Falso,
COR_PLZ_FC_N_S_M2,PLAZA,Food Court – North,PATH,PLAZA,F1,OUTDOOR_OPEN_AIR,MALL,Falso,0.6256,0.4939,,Verdadero,Food Court – North,ACTIVE,Verdadero,Verdadero,Verdadero,Falso,
COR_PLZ_FC_N_W_F1,PLAZA,Food Court – North,PATH,PLAZA,F1,OUTDOOR_OPEN_AIR,MALL,Falso,0.5626,0.4889,,Verdadero,Food Court – North,ACTIVE,Verdadero,Verdadero,Verdadero,Falso,
COR_PLZ_FC_N_W_M1,PLAZA,Food Court – North,PATH,PLAZA,F1,OUTDOOR_OPEN_AIR,MALL,Falso,0.5986,0.5139,,Verdadero,Food Court – North,ACTIVE,Verdadero,Verdadero,Verdadero,Falso,
COR_PLZ_FC_N_W_M2,PLAZA,Food Court – North,PATH,PLAZA,F1,OUTDOOR_OPEN_AIR,MALL,Falso,0.5836,0.5029,,Verdadero,Food Court – North,ACTIVE,Verdadero,Verdadero,Verdadero,Falso,
COR_PLZ_FC_S_E_F1,PLAZA,Food Court – South,PATH,PLAZA,F1,OUTDOOR_OPEN_AIR,MALL,Falso,0.7836,0.5329,,Verdadero,Food Court – South,ACTIVE,Verdadero,Verdadero,Verdadero,Falso,
COR_PLZ_FC_S_E_M1,PLAZA,Food Court – South,PATH,PLAZA,F1,OUTDOOR_OPEN_AIR,MALL,Falso,0.7566,0.5069,,Verdadero,Food Court – South,ACTIVE,Verdadero,Verdadero,Verdadero,Falso,
COR_PLZ_FC_S_E_M2,PLAZA,Food Court – South,PATH,PLAZA,F1,OUTDOOR_OPEN_AIR,MALL,Falso,0.7276,0.4869,,Verdadero,Food Court – South,ACTIVE,Verdadero,Verdadero,Verdadero,Falso,
COR_PLZ_FC_S_E_M3,PLAZA,Food Court – South,PATH,PLAZA,F1,OUTDOOR_OPEN_AIR,MALL,Falso,0.7056,0.4689,,Verdadero,Food Court – South,ACTIVE,Verdadero,Verdadero,Verdadero,Falso,
COR_PLZ_FC_S_N_F1,PLAZA,Food Court – South,PATH,PLAZA,F1,OUTDOOR_OPEN_AIR,MALL,Falso,0.6876,0.4689,,Verdadero,Food Court – South,ACTIVE,Verdadero,Verdadero,Verdadero,Falso,
COR_PLZ_FC_S_S_F1,PLAZA,Food Court – South,PATH,PLAZA,F1,OUTDOOR_OPEN_AIR,MALL,Falso,0.7186,0.6299,,Verdadero,Food Court – South,ACTIVE,Verdadero,Verdadero,Verdadero,Falso,
COR_PLZ_FC_S_S_M1,PLAZA,Food Court – South,PATH,PLAZA,F1,OUTDOOR_OPEN_AIR,MALL,Falso,0.7326,0.6029,,Verdadero,Food Court – South,ACTIVE,Verdadero,Verdadero,Verdadero,Falso,
COR_PLZ_FC_S_S_M2,PLAZA,Food Court – South,PATH,PLAZA,F1,OUTDOOR_OPEN_AIR,MALL,Falso,0.7506,0.5839,,Verdadero,Food Court – South,ACTIVE,Verdadero,Verdadero,Verdadero,Falso,
COR_PLZ_FC_S_S_M3,PLAZA,Food Court – South,PATH,PLAZA,F1,OUTDOOR_OPEN_AIR,MALL,Falso,0.7656,0.5559,,Verdadero,Food Court – South,ACTIVE,Verdadero,Verdadero,Verdadero,Falso,
COR_PLZ_FC_S_W_F1,PLAZA,Food Court – South,PATH,PLAZA,F1,OUTDOOR_OPEN_AIR,MALL,Falso,0.5986,0.5519,,Verdadero,Food Court – South,ACTIVE,Verdadero,Verdadero,Verdadero,Falso,
COR_PLZ_FC_S_W_M1,PLAZA,Food Court – South,PATH,PLAZA,F1,OUTDOOR_OPEN_AIR,MALL,Falso,0.6816,0.6039,,Verdadero,Food Court – South,ACTIVE,Verdadero,Verdadero,Verdadero,Falso,
COR_PLZ_FC_S_W_M2,PLAZA,Food Court – South,PATH,PLAZA,F1,OUTDOOR_OPEN_AIR,MALL,Falso,0.6556,0.5799,,Verdadero,Food Court – South,ACTIVE,Verdadero,Verdadero,Verdadero,Falso,
COR_PLZ_FC_S_W_M3,PLAZA,Food Court – South,PATH,PLAZA,F1,OUTDOOR_OPEN_AIR,MALL,Falso,0.6226,0.5559,,Verdadero,Food Court – South,ACTIVE,Verdadero,Verdadero,Verdadero,Falso,
COR_PLZ_MAIN_E_F0,PLAZA,Plaza Mayor,PATH,PLAZA,F0,OUTDOOR_OPEN_AIR,MALL,Falso,0.7556,0.5369,,Verdadero,Plaza Mayor,ACTIVE,Verdadero,Verdadero,Verdadero,Falso,
COR_PLZ_MAIN_E_M1,PLAZA,Plaza Mayor,PATH,PLAZA,F0,OUTDOOR_OPEN_AIR,MALL,Falso,0.6236,0.5529,,Verdadero,Plaza Mayor,ACTIVE,Verdadero,Verdadero,Verdadero,Falso,
COR_PLZ_MAIN_E_M2,PLAZA,Plaza Mayor,PATH,PLAZA,F0,OUTDOOR_OPEN_AIR,MALL,Falso,0.6566,0.5749,,Verdadero,Plaza Mayor,ACTIVE,Verdadero,Verdadero,Verdadero,Falso,
COR_PLZ_MAIN_E_M3,PLAZA,Plaza Mayor,PATH,PLAZA,F0,OUTDOOR_OPEN_AIR,MALL,Falso,0.6856,0.5949,,Verdadero,Plaza Mayor,ACTIVE,Verdadero,Verdadero,Verdadero,Falso,
COR_PLZ_MAIN_N_F0,PLAZA,Plaza Mayor,PATH,PLAZA,F0,OUTDOOR_OPEN_AIR,MALL,Falso,0.6616,0.4799,,Verdadero,Plaza Mayor,ACTIVE,Verdadero,Verdadero,Verdadero,Falso,
COR_PLZ_MAIN_N_M1,PLAZA,Plaza Mayor,PATH,PLAZA,F0,OUTDOOR_OPEN_AIR,MALL,Falso,0.6166,0.5219,,Verdadero,Plaza Mayor,ACTIVE,Verdadero,Verdadero,Verdadero,Falso,
COR_PLZ_MAIN_N_M2,PLAZA,Plaza Mayor,PATH,PLAZA,F0,OUTDOOR_OPEN_AIR,MALL,Falso,0.6286,0.5019,,Verdadero,Plaza Mayor,ACTIVE,Verdadero,Verdadero,Verdadero,Falso,
COR_PLZ_MAIN_N_M3,PLAZA,Plaza Mayor,PATH,PLAZA,F0,OUTDOOR_OPEN_AIR,MALL,Falso,0.6436,0.4859,,Verdadero,Plaza Mayor,ACTIVE,Verdadero,Verdadero,Verdadero,Falso,
COR_PLZ_MAIN_S_F0,PLAZA,Plaza Mayor,PATH,PLAZA,F0,OUTDOOR_OPEN_AIR,MALL,Falso,0.7176,0.5949,,Verdadero,Plaza Mayor,ACTIVE,Verdadero,Verdadero,Verdadero,Falso,
COR_PLZ_MAIN_S_M1,PLAZA,Plaza Mayor,PATH,PLAZA,F0,OUTDOOR_OPEN_AIR,MALL,Falso,0.7286,0.5859,,Verdadero,Plaza Mayor,ACTIVE,Verdadero,Verdadero,Verdadero,Falso,
COR_PLZ_MAIN_S_M2,PLAZA,Plaza Mayor,PATH,PLAZA,F0,OUTDOOR_OPEN_AIR,MALL,Falso,0.7416,0.5719,,Verdadero,Plaza Mayor,ACTIVE,Verdadero,Verdadero,Verdadero,Falso,
COR_PLZ_MAIN_S_M3,PLAZA,Plaza Mayor,PATH,PLAZA,F0,OUTDOOR_OPEN_AIR,MALL,Falso,0.7556,0.5519,,Verdadero,Plaza Mayor,ACTIVE,Verdadero,Verdadero,Verdadero,Falso,
COR_PLZ_MAIN_W_F0,PLAZA,Plaza Mayor,PATH,PLAZA,F0,OUTDOOR_OPEN_AIR,MALL,Falso,0.6136,0.5389,,Verdadero,Plaza Mayor,ACTIVE,Verdadero,Verdadero,Verdadero,Falso,
COR_PLZ_MAIN_W_M1,PLAZA,Plaza Mayor,PATH,PLAZA,F0,OUTDOOR_OPEN_AIR,MALL,Falso,0.6856,0.4819,,Verdadero,Plaza Mayor,ACTIVE,Verdadero,Verdadero,Verdadero,Falso,
COR_PLZ_MAIN_W_M2,PLAZA,Plaza Mayor,PATH,PLAZA,F0,OUTDOOR_OPEN_AIR,MALL,Falso,0.7156,0.4999,,Verdadero,Plaza Mayor,ACTIVE,Verdadero,Verdadero,Verdadero,Falso,
COR_PLZ_MAIN_W_M3,PLAZA,Plaza Mayor,PATH,PLAZA,F0,OUTDOOR_OPEN_AIR,MALL,Falso,0.7446,0.5189,,Verdadero,Plaza Mayor,ACTIVE,Verdadero,Verdadero,Verdadero,Falso,
COR_PLZ_N_E_F0,PLAZA,Plaza de la Lonja,PATH,PLAZA,F0,OUTDOOR_OPEN_AIR,MALL,Falso,0.4106,0.2199,,Verdadero,Plaza de la Lonja,ACTIVE,Verdadero,Verdadero,Verdadero,Falso,
COR_PLZ_N_N_F0,PLAZA,Plaza de la Lonja,PATH,PLAZA,F0,OUTDOOR_OPEN_AIR,MALL,Falso,0.3876,0.1269,,Verdadero,Plaza de la Lonja,ACTIVE,Verdadero,Verdadero,Verdadero,Falso,
COR_PLZ_N_S_F0,PLAZA,Plaza de la Lonja,PATH,PLAZA,F0,OUTDOOR_OPEN_AIR,MALL,Falso,0.3666,0.2179,,Verdadero,Plaza de la Lonja,ACTIVE,Verdadero,Verdadero,Verdadero,Falso,
COR_PLZ_N_W_F0,PLAZA,Plaza de la Lonja,PATH,PLAZA,F0,OUTDOOR_OPEN_AIR,MALL,Falso,0.3516,0.1379,,Verdadero,Plaza de la Lonja,ACTIVE,Verdadero,Verdadero,Verdadero,Falso,
COR_PLZ_S_E_F0,PLAZA,Plaza De Las Flores,PATH,PLAZA,F0,OUTDOOR_OPEN_AIR,MALL,Falso,0.6156,0.7059,,Verdadero,Plaza De Las Flores,ACTIVE,Verdadero,Verdadero,Verdadero,Falso,
COR_PLZ_S_N_F0,PLAZA,Plaza De Las Flores,PATH,PLAZA,F0,OUTDOOR_OPEN_AIR,MALL,Falso,0.5776,0.6839,,Verdadero,Plaza De Las Flores,ACTIVE,Verdadero,Verdadero,Verdadero,Falso,
COR_PLZ_S_S_F0,PLAZA,Plaza De Las Flores,PATH,PLAZA,F0,OUTDOOR_OPEN_AIR,MALL,Falso,0.5866,0.7449,,Verdadero,Plaza De Las Flores,ACTIVE,Verdadero,Verdadero,Verdadero,Falso,
COR_PLZ_S_W_F0,PLAZA,Plaza De Las Flores,PATH,PLAZA,F0,OUTDOOR_OPEN_AIR,MALL,Falso,0.5516,0.7239,,Verdadero,Plaza De Las Flores,ACTIVE,Verdadero,Verdadero,Verdadero,Falso,
COR_PLZ_STAGE_E_F0,PLAZA,Event Stage,PATH,PLAZA,F0,OUTDOOR_OPEN_AIR,MALL,Falso,0.6656,0.5149,,Verdadero,Event Stage,ACTIVE,Verdadero,Verdadero,Verdadero,Falso,
COR_PLZ_STAGE_N_F0,PLAZA,Event Stage,PATH,PLAZA,F0,OUTDOOR_OPEN_AIR,MALL,Falso,0.6416,0.4959,,Verdadero,Event Stage,ACTIVE,Verdadero,Verdadero,Verdadero,Falso,
COR_PLZ_STAGE_S_F0,PLAZA,Event Stage,PATH,PLAZA,F0,OUTDOOR_OPEN_AIR,MALL,Falso,0.6386,0.5519,,Verdadero,Event Stage,ACTIVE,Verdadero,Verdadero,Verdadero,Falso,
COR_PLZ_STAGE_W_F0,PLAZA,Event Stage,PATH,PLAZA,F0,OUTDOOR_OPEN_AIR,MALL,Falso,0.6146,0.5319,,Verdadero,Event Stage,ACTIVE,Verdadero,Verdadero,Verdadero,Falso,
COR_PLZ_W_E_F0,PLAZA,London Square,PATH,PLAZA,F0,OUTDOOR_OPEN_AIR,MALL,Falso,0.4906,0.4679,,Verdadero,London Square,ACTIVE,Verdadero,Verdadero,Verdadero,Falso,
COR_PLZ_W_N_F0,PLAZA,London Square,PATH,PLAZA,F0,OUTDOOR_OPEN_AIR,MALL,Falso,0.4736,0.4529,,Verdadero,London Square,ACTIVE,Verdadero,Verdadero,Verdadero,Falso,
COR_PLZ_W_S_F0,PLAZA,London Square,PATH,PLAZA,F0,OUTDOOR_OPEN_AIR,MALL,Falso,0.4416,0.4919,,Verdadero,London Square,ACTIVE,Verdadero,Verdadero,Verdadero,Falso,
COR_PLZ_W_W_F0,PLAZA,London Square,PATH,PLAZA,F0,OUTDOOR_OPEN_AIR,MALL,Falso,0.4446,0.4719,,Verdadero,London Square,ACTIVE,Verdadero,Verdadero,Verdadero,Falso,
ELV_C_B1,ELEVATOR,Central Elevator,VERTICAL,TRANSPORT,B1,OUTDOOR_OPEN_AIR,MALL,Verdadero,0.7326,0.5859,,Verdadero,Central Elevator,PRE_SITE_QA,Verdadero,Verdadero,Verdadero,Verdadero,
ELV_C_F0,ELEVATOR,Central Elevator,VERTICAL,TRANSPORT,F0,OUTDOOR_OPEN_AIR,MALL,Verdadero,0.7326,0.5859,,Verdadero,Central Elevator,PRE_SITE_QA,Verdadero,Verdadero,Verdadero,Verdadero,
ELV_C_F1,ELEVATOR,Central Elevator,VERTICAL,TRANSPORT,F1,OUTDOOR_OPEN_AIR,MALL,Verdadero,0.7326,0.5859,,Verdadero,Central Elevator,PRE_SITE_QA,Verdadero,Verdadero,Verdadero,Verdadero,
ELV_N_F0,ELEVATOR,North Elevator,VERTICAL,TRANSPORT,F0,OUTDOOR_OPEN_AIR,MALL,Verdadero,0.3586,0.1159,,Verdadero,North Elevator,PRE_SITE_QA,Verdadero,Verdadero,Verdadero,Verdadero,
ELV_N_F1,ELEVATOR,North Elevator,VERTICAL,TRANSPORT,F1,OUTDOOR_OPEN_AIR,MALL,Verdadero,0.3586,0.1159,,Verdadero,North Elevator,PRE_SITE_QA,Verdadero,Verdadero,Verdadero,Verdadero,
ELV_W_B1,ELEVATOR,West Elevator Decathlon,VERTICAL,TRANSPORT,B1,OUTDOOR_OPEN_AIR,MALL,Verdadero,0.6006,0.8899,,Verdadero,West Elevator Decathlon,PRE_SITE_QA,Verdadero,Verdadero,Verdadero,Verdadero,
ELV_W_F0,ELEVATOR,West Elevator Decathlon,VERTICAL,TRANSPORT,F0,OUTDOOR_OPEN_AIR,MALL,Verdadero,0.6006,0.8899,,Verdadero,West Elevator Decathlon,PRE_SITE_QA,Verdadero,Verdadero,Verdadero,Verdadero,
ELV_W1_B1,ELEVATOR,West Elevator Leroy Merlin,VERTICAL,TRANSPORT,B1,OUTDOOR_OPEN_AIR,MALL,Verdadero,0.3706,0.7449,,Verdadero,West Elevator Leroy Merlin,PRE_SITE_QA,Verdadero,Verdadero,Verdadero,Verdadero,
ELV_W1_F0,ELEVATOR,West Elevator Leroy Merlin,VERTICAL,TRANSPORT,F0,OUTDOOR_OPEN_AIR,MALL,Verdadero,0.3706,0.7449,,Verdadero,West Elevator Leroy Merlin,PRE_SITE_QA,Verdadero,Verdadero,Verdadero,Verdadero,
ENT_E_MAIN,ENTRANCE,East Main Entrance,ENTRY,ENTRANCE,F0,OUTDOOR_OPEN_AIR,MALL,Falso,0.6656,0.2119,,Falso,East Main Entrance,PRE_SITE_QA,Verdadero,Verdadero,Verdadero,Verdadero,
ENT_N_MAIN,ENTRANCE,North Main Entrance,ENTRY,ENTRANCE,F1,OUTDOOR_OPEN_AIR,MALL,Falso,0.356,0.0678,,Falso,North Main Entrance,PRE_SITE_QA,Verdadero,Verdadero,Verdadero,Verdadero,
ENT_PARKING_1,ENTRANCE,Parking Entrance Main,ENTRY,ENTRANCE,B1,PARKING_GARAGE,PARKING,Falso,0.7676,0.7059,,Falso,Parking Entrance Main,PRE_SITE_QA,Falso,Falso,Falso,Verdadero,
ENT_PARKING_2,ENTRANCE,Parking Entrance West,ENTRY,ENTRANCE,B1,PARKING_GARAGE,PARKING,Falso,0.2026,0.7939,,Falso,Parking Entrance West,PRE_SITE_QA,Falso,Falso,Falso,Verdadero,
ENT_PARKING_3,ENTRANCE,Parking Entrance NE,ENTRY,ENTRANCE,B1,PARKING_GARAGE,PARKING,Falso,0.4916,0.1019,,Falso,Parking Entrance NE,PRE_SITE_QA,Falso,Falso,Falso,Verdadero,
ENT_PARKING_4,ENTRANCE,Parking Entrance SE,ENTRY,ENTRANCE,B1,PARKING_GARAGE,PARKING,Falso,0.997,0.3529,,Falso,Parking Entrance SE,PRE_SITE_QA,Falso,Falso,Falso,Verdadero,
ENT_S_MAIN,ENTRANCE,South Main Entrance,ENTRY,ENTRANCE,B1,OUTDOOR_OPEN_AIR,MALL,Falso,0.7726,0.5938,,Falso,South Main Entrance,PRE_SITE_QA,Verdadero,Verdadero,Verdadero,Verdadero,
ENT_W_MAIN,ENTRANCE,West Main Entrance,ENTRY,ENTRANCE,F0,OUTDOOR_OPEN_AIR,MALL,Falso,0.4916,0.8329,,Falso,West Main Entrance,PRE_SITE_QA,Verdadero,Verdadero,Verdadero,Verdadero,
ESC_C_B1,ESCALATOR,Central Escalator,VERTICAL,TRANSPORT,B1,OUTDOOR_OPEN_AIR,MALL,Verdadero,0.7156,0.5569,,Verdadero,Central Escalator,PRE_SITE_QA,Falso,Falso,Falso,Verdadero,
ESC_C_F0,ESCALATOR,Central Escalator,VERTICAL,TRANSPORT,F0,OUTDOOR_OPEN_AIR,MALL,Verdadero,0.7416,0.5729,,Verdadero,Central Escalator,PRE_SITE_QA,Falso,Falso,Falso,Verdadero,
ESC_C_FC_F0,ESCALATOR,Central Escalator Foodcourt,VERTICAL,TRANSPORT,F0,OUTDOOR_OPEN_AIR,MALL,Verdadero,0.6416,0.5389,,Verdadero,Central Escalator Foodcourt,PRE_SITE_QA,Falso,Falso,Falso,Verdadero,
ESC_C_FC_F1,ESCALATOR,Central Escalator Foodcourt,VERTICAL,TRANSPORT,F1,OUTDOOR_OPEN_AIR,MALL,Verdadero,0.6226,0.5099,,Verdadero,Central Escalator Foodcourt,PRE_SITE_QA,Falso,Falso,Falso,Verdadero,
ESC_E_B1,ESCALATOR,East Escalator,VERTICAL,TRANSPORT,B1,OUTDOOR_OPEN_AIR,MALL,Verdadero,0.6226,0.2789,,Verdadero,East Escalator,PRE_SITE_QA,Falso,Falso,Falso,Verdadero,
ESC_E_F0,ESCALATOR,East Escalator,VERTICAL,TRANSPORT,F0,OUTDOOR_OPEN_AIR,MALL,Verdadero,0.6276,0.2719,,Verdadero,East Escalator,PRE_SITE_QA,Falso,Falso,Falso,Verdadero,
ESC_N_F0,ESCALATOR,North Escalator,VERTICAL,TRANSPORT,F0,OUTDOOR_OPEN_AIR,MALL,Verdadero,0.3726,0.1219,,Verdadero,North Escalator,PRE_SITE_QA,FALSE,FALSE,FALSE,Verdadero,
ESC_N_F1,ESCALATOR,North Escalator,VERTICAL,TRANSPORT,F1,OUTDOOR_OPEN_AIR,MALL,Verdadero,0.3626,0.0879,,Verdadero,North Escalator,PRE_SITE_QA,FALSE,FALSE,FALSE,Verdadero,
ESC_W_B1,ESCALATOR,West Escalator,VERTICAL,TRANSPORT,B1,OUTDOOR_OPEN_AIR,MALL,Verdadero,0.5786,0.7169,,Verdadero,West Escalator,PRE_SITE_QA,Falso,Falso,Falso,Verdadero,
ESC_W_F0,ESCALATOR,West Escalator,VERTICAL,TRANSPORT,F0,OUTDOOR_OPEN_AIR,MALL,Verdadero,0.5676,0.7349,,Verdadero,West Escalator,PRE_SITE_QA,Falso,Falso,Falso,Verdadero,
EV_CHARGING_1_F0,EV_CHARGING,EV Charging Station 1,AMENITY,SERVICE,F0,OUTDOOR_OPEN_AIR,MALL,Falso,0.433,0.8245,,Falso,EV Charging Station 1,PRE_SITE_QA,Verdadero,Verdadero,Verdadero,Verdadero,
EV_CHARGING_2_B1,EV_CHARGING,EV Charging Station 2,AMENITY,SERVICE,B1,OUTDOOR_OPEN_AIR,MALL,Falso,0.3676,0.5989,,Falso,EV Charging Station 2,PRE_SITE_QA,Verdadero,Verdadero,Verdadero,Verdadero,
EXT_GAS_STATION_PARKING,POI,Gas Station,PARKING_SERVICE,SERVICE,F0,OUTDOOR_OPEN_AIR,PARKING,Falso,0.2446,0.6759,,Falso,Gas Station,PRE_SITE_QA,Verdadero,Verdadero,Verdadero,Verdadero,
FIRST_AID_F0,FIRST_AID,First Aid Point,AMENITY,AMENITY,F0,OUTDOOR_OPEN_AIR,MALL,Falso,0.6176,0.5349,,Falso,First Aid Point,PRE_SITE_QA,Verdadero,Verdadero,Verdadero,Verdadero,
INFO_MAIN_F0,INFO,Information Desk,AMENITY,AMENITY,F0,OUTDOOR_OPEN_AIR,MALL,Falso,0.6196,0.5369,,Falso,Information Desk,PRE_SITE_QA,Verdadero,Verdadero,Verdadero,Verdadero,
LOCKER_AMAZON_B1,LOCKER,Amazon Parcel Locker,AMENITY,AMENITY,B1,OUTDOOR_OPEN_AIR,MALL,Falso,0.454,0.5165,,Falso,Amazon Parcel Locker,PRE_SITE_QA,Verdadero,Verdadero,Verdadero,Verdadero,
LOCKER_CORREOS_B1,LOCKER,Correos Parcel Locker,AMENITY,AMENITY,B1,OUTDOOR_OPEN_AIR,MALL,Falso,0.453,0.5185,,Falso,Correos Parcel Locker,PRE_SITE_QA,Verdadero,Verdadero,Verdadero,Verdadero,
NODE_DOOR_100_MONTADITOS,STORE,100 Montaditos,NODE,DOOR,F1,OUTDOOR_OPEN_AIR,MALL,Falso,0.72,0.6463,,Falso,100 Montaditos,PRE_SITE_QA,Verdadero,Verdadero,Verdadero,Verdadero,
NODE_DOOR_ADIDASORIGINALS,STORE,Adidas Originals,NODE,DOOR,F0,OUTDOOR_OPEN_AIR,MALL,Falso,0.735,0.5095,,Falso,Adidas Originals,PRE_SITE_QA,Verdadero,Verdadero,Verdadero,Verdadero,
NODE_DOOR_ALCAMPO_N,STORE,Al Campo,NODE,DOOR,F0,OUTDOOR_OPEN_AIR,MALL,Falso,0.357,0.244,,Falso,Al Campo,PRE_SITE_QA,Verdadero,Verdadero,Verdadero,Verdadero,
NODE_DOOR_ALCAMPO_S,STORE,Al Campo,NODE,DOOR,F0,OUTDOOR_OPEN_AIR,MALL,Falso,0.38,0.305,,Falso,Al Campo,PRE_SITE_QA,Verdadero,Verdadero,Verdadero,Verdadero,
NODE_DOOR_ALEHOP,STORE,Ale Hop,NODE,DOOR,F0,OUTDOOR_OPEN_AIR,MALL,Falso,0.514,0.174,,Falso,Ale Hop,PRE_SITE_QA,Verdadero,Verdadero,Verdadero,Verdadero,
NODE_DOOR_ALEJOR,STORE,Alejor,NODE,DOOR,F0,OUTDOOR_OPEN_AIR,MALL,Falso,0.431,0.2555,,Falso,Alejor,PRE_SITE_QA,Verdadero,Verdadero,Verdadero,Verdadero,
NODE_STORE_ASTORIA,STORE,Astoria,,,F0,OUTDOOR_OPEN_AIR,MALL,Falso,0.5298,0.7618,,Falso,Astoria,PRE_SITE_QA,Verdadero,Verdadero,Verdadero,Verdadero,
NODE_DOOR_AVATEL,STORE,Avatel,NODE,DOOR,F0,OUTDOOR_OPEN_AIR,MALL,Falso,0.43,0.4435,,Falso,Avatel,PRE_SITE_QA,Verdadero,Verdadero,Verdadero,Verdadero,
NODE_DOOR_BANKCAJARURAL,STORE,Bank Caja Rural,NODE,DOOR,F0,OUTDOOR_OPEN_AIR,MALL,Falso,0.484,0.7915,,Falso,Bank Caja Rural,PRE_SITE_QA,Verdadero,Verdadero,Verdadero,Verdadero,
NODE_DOOR_BELROS,STORE,Belros,NODE,DOOR,F0,OUTDOOR_OPEN_AIR,MALL,Falso,0.382,0.228,,Falso,Belros,PRE_SITE_QA,Verdadero,Verdadero,Verdadero,Verdadero,
NODE_DOOR_BENETTON,STORE,Benetton,NODE,DOOR,F0,OUTDOOR_OPEN_AIR,MALL,Falso,0.647,0.322,,Falso,Benetton,PRE_SITE_QA,Verdadero,Verdadero,Verdadero,Verdadero,
NODE_DOOR_BERSHKA,STORE,Bershka,NODE,DOOR,F0,OUTDOOR_OPEN_AIR,MALL,Falso,0.596,0.5385,,Falso,Bershka,PRE_SITE_QA,Verdadero,Verdadero,Verdadero,Verdadero,
NODE_DOOR_BIGGERBETTERBURGER,STORE,Bigger Better Burger,NODE,DOOR,F1,OUTDOOR_OPEN_AIR,MALL,Falso,0.717,0.6485,,Falso,Bigger Better Burger,PRE_SITE_QA,Verdadero,Verdadero,Verdadero,Verdadero,
NODE_DOOR_BIJOUBRIGITTE,STORE,Bijou Brigitte,NODE,DOOR,F0,OUTDOOR_OPEN_AIR,MALL,Falso,0.641,0.5785,,Falso,Bijou Brigitte,PRE_SITE_QA,Verdadero,Verdadero,Verdadero,Verdadero,
NODE_DOOR_BLACK,STORE,Black,NODE,DOOR,F0,OUTDOOR_OPEN_AIR,MALL,Falso,0.583,0.2805,,Falso,Black,PRE_SITE_QA,Verdadero,Verdadero,Verdadero,Verdadero,
NODE_DOOR_BOMBONBOSS,STORE,BomBon Boss,NODE,DOOR,F0,OUTDOOR_OPEN_AIR,MALL,Falso,0.427,0.1815,,Falso,BomBon Boss,PRE_SITE_QA,Verdadero,Verdadero,Verdadero,Verdadero,
NODE_DOOR_BOSTON,STORE,Boston,NODE,DOOR,F0,OUTDOOR_OPEN_AIR,MALL,Falso,0.423,0.2815,,Falso,Boston,PRE_SITE_QA,Verdadero,Verdadero,Verdadero,Verdadero,
NODE_DOOR_BOTTICELLI,STORE,Botticelli,NODE,DOOR,F0,OUTDOOR_OPEN_AIR,MALL,Falso,0.613,0.6835,,Falso,Botticelli,PRE_SITE_QA,Verdadero,Verdadero,Verdadero,Verdadero,
NODE_DOOR_BOWLING,STORE,Bowling,NODE,DOOR,F0,OUTDOOR_OPEN_AIR,MALL,Falso,0.733,0.6165,,Falso,Bowling,PRE_SITE_QA,Verdadero,Verdadero,Verdadero,Verdadero,
NODE_DOOR_CA,STORE,C&A,NODE,DOOR,F0,OUTDOOR_OPEN_AIR,MALL,Falso,0.46,0.3375,,Falso,C&A,PRE_SITE_QA,Verdadero,Verdadero,Verdadero,Verdadero,
NODE_DOOR_CAFEOLE,STORE,Café Ole,NODE,DOOR,F0,OUTDOOR_OPEN_AIR,MALL,Falso,0.7,0.5015,,Falso,Café Ole,PRE_SITE_QA,Verdadero,Verdadero,Verdadero,Verdadero,
NODE_DOOR_CAFETERIAEXPRE3SS,STORE,Cafeteria Express,NODE,DOOR,F0,OUTDOOR_OPEN_AIR,MALL,Falso,0.43,0.4865,,Falso,Cafeteria Expre3ss,PRE_SITE_QA,Verdadero,Verdadero,Verdadero,Verdadero,
NODE_DOOR_CALZEDONIA,STORE,Calzedonia,NODE,DOOR,F0,OUTDOOR_OPEN_AIR,MALL,Falso,0.624,0.325,,Falso,Calzedonia,PRE_SITE_QA,Verdadero,Verdadero,Verdadero,Verdadero,
NODE_DOOR_CASINO,STORE,Casino Mediterraneo,NODE,DOOR,F0,OUTDOOR_OPEN_AIR,MALL,Falso,0.947,0.387,,Falso,Casino Mediterraneo,PRE_SITE_QA,Verdadero,Verdadero,Verdadero,Verdadero,
NODE_DOOR_CHE,STORE,Che,NODE,DOOR,F1,OUTDOOR_OPEN_AIR,MALL,Falso,0.688,0.4535,,Falso,Che,PRE_SITE_QA,Verdadero,Verdadero,Verdadero,Verdadero,
NODE_DOOR_CLAIRES,STORE,Claire's,NODE,DOOR,F0,OUTDOOR_OPEN_AIR,MALL,Falso,0.493,0.4845,,Falso,Claire's,PRE_SITE_QA,Verdadero,Verdadero,Verdadero,Verdadero,
NODE_DOOR_CONFORMA,STORE,Conforma,NODE,DOOR,F1,OUTDOOR_OPEN_AIR,MALL,Falso,0.235,0.0889,,Falso,Conforma,PRE_SITE_QA,Verdadero,Verdadero,Verdadero,Verdadero,
NODE_DOOR_CORTEFIEL,STORE,Cortefiel,NODE,DOOR,F0,OUTDOOR_OPEN_AIR,MALL,Falso,0.563,0.216,,Falso,Cortefiel,PRE_SITE_QA,Verdadero,Verdadero,Verdadero,Verdadero,
NODE_DOOR_COSTABLANCAWOHNUNGEN,STORE,Costablanca Wohnungen,NODE,DOOR,F0,OUTDOOR_OPEN_AIR,MALL,Falso,0.425,0.4255,,Falso,Costablanca Wohnungen,PRE_SITE_QA,Verdadero,Verdadero,Verdadero,Verdadero,
NODE_DOOR_DAFAVOLA,STORE,Da Favola,NODE,DOOR,F0,OUTDOOR_OPEN_AIR,MALL,Falso,0.407,0.3255,,Falso,Da Favola,PRE_SITE_QA,Verdadero,Verdadero,Verdadero,Verdadero,
NODE_DOOR_DECATHLON,STORE,Decathlon,NODE,DOOR,F0,OUTDOOR_OPEN_AIR,MALL,Falso,0.613,0.893,,Falso,Decathlon,PRE_SITE_QA,Verdadero,Verdadero,Verdadero,Verdadero,
NODE_DOOR_DECIMAS,STORE,Decimas,NODE,DOOR,F0,OUTDOOR_OPEN_AIR,MALL,Falso,0.64,0.242,,Falso,Decimas,PRE_SITE_QA,Verdadero,Verdadero,Verdadero,Verdadero,
NODE_DOOR_DEICHMANN,STORE,Deichmann,NODE,DOOR,F0,OUTDOOR_OPEN_AIR,MALL,Falso,0.446,0.5005,,Falso,Deichmann,PRE_SITE_QA,Verdadero,Verdadero,Verdadero,Verdadero,
NODE_DOOR_DESIGUAL,STORE,Desigual,NODE,DOOR,F0,OUTDOOR_OPEN_AIR,MALL,Falso,0.559,0.2435,,Falso,Desigual,PRE_SITE_QA,Verdadero,Verdadero,Verdadero,Verdadero,
NODE_DOOR_DONDINO,STORE,Don Dino,NODE,DOOR,F1,OUTDOOR_OPEN_AIR,MALL,Falso,0.381,0.056,,Falso,Don Dino,PRE_SITE_QA,Verdadero,Verdadero,Verdadero,Verdadero,
NODE_DOOR_DRUNI,STORE,Druni,NODE,DOOR,F0,OUTDOOR_OPEN_AIR,MALL,Falso,0.593,0.239,,Falso,Druni,PRE_SITE_QA,Verdadero,Verdadero,Verdadero,Verdadero,
NODE_DOOR_ELKIOSKO,STORE,El Kiosko,NODE,DOOR,F1,OUTDOOR_OPEN_AIR,MALL,Falso,0.595,0.4399,,Falso,El Kiosko,PRE_SITE_QA,Verdadero,Verdadero,Verdadero,Verdadero,
NODE_DOOR_ENCUENTRO,STORE,Encuentro,NODE,DOOR,F0,OUTDOOR_OPEN_AIR,MALL,Falso,0.588,0.3025,,Falso,Encuentro,PRE_SITE_QA,Verdadero,Verdadero,Verdadero,Verdadero,
NODE_DOOR_FASHIONNAILS,STORE,Fashion Nails,NODE,DOOR,F0,OUTDOOR_OPEN_AIR,MALL,Falso,0.419,0.3915,,Falso,Fashion Nails,PRE_SITE_QA,Verdadero,Verdadero,Verdadero,Verdadero,
NODE_DOOR_FIRST_AID_F0,INFO,Information Desk,AMENITY,AMENITY,F0,OUTDOOR_OPEN_AIR,MALL,Falso,0.6196,0.5369,,Falso,Information Desk,PRE_SITE_QA,Verdadero,Verdadero,Verdadero,Verdadero,
NODE_DOOR_FLYINGTIGER,STORE,Flying Tiger,NODE,DOOR,F0,OUTDOOR_OPEN_AIR,MALL,Falso,0.558,0.2415,,Falso,Flying Tiger,PRE_SITE_QA,Verdadero,Verdadero,Verdadero,Verdadero,
NODE_DOOR_FOSTERS,STORE,Foster’s Hollywood,NODE,DOOR,F1,OUTDOOR_OPEN_AIR,MALL,Falso,0.618,0.5695,,Falso,Foster’s Hollywood,PRE_SITE_QA,Verdadero,Verdadero,Verdadero,Verdadero,
NODE_DOOR_GAME,STORE,GAME,NODE,DOOR,F0,OUTDOOR_OPEN_AIR,MALL,Falso,0.447,0.3895,,Falso,GAME,PRE_SITE_QA,Verdadero,Verdadero,Verdadero,Verdadero,
NODE_DOOR_GELATERIA,STORE,Gelateria Icecream,NODE,DOOR,F0,OUTDOOR_OPEN_AIR,MALL,Falso,0.6916,0.4949,,Falso,Gelateria Icecream,PRE_SITE_QA,Verdadero,Verdadero,Verdadero,Verdadero,
NODE_DOOR_GEOX,STORE,Geox,NODE,DOOR,F0,OUTDOOR_OPEN_AIR,MALL,Falso,0.56,0.7675,,Falso,Geox,PRE_SITE_QA,Verdadero,Verdadero,Verdadero,Verdadero,
NODE_DOOR_GOLDRUSH,STORE,Goldrush,NODE,DOOR,F0,OUTDOOR_OPEN_AIR,MALL,Falso,0.401,0.3005,,Falso,Goldrush,PRE_SITE_QA,Verdadero,Verdadero,Verdadero,Verdadero,
NODE_DOOR_GOURMETCAFE,STORE,Gourmet Café,NODE,DOOR,F0,OUTDOOR_OPEN_AIR,MALL,Falso,0.596,0.7425,,Falso,Gourmet Café,PRE_SITE_QA,Verdadero,Verdadero,Verdadero,Verdadero,
NODE_DOOR_GRABA2,STORE,Graba 2,NODE,DOOR,F0,OUTDOOR_OPEN_AIR,MALL,Falso,0.6136,0.6669,,Falso,Graba 2,PRE_SITE_QA,Verdadero,Verdadero,Verdadero,Verdadero,
NODE_DOOR_GREENWICH,STORE,Greenwich,NODE,DOOR,F0,OUTDOOR_OPEN_AIR,MALL,Falso,0.464,0.149,,Falso,Greenwich,PRE_SITE_QA,Verdadero,Verdadero,Verdadero,Verdadero,
NODE_DOOR_GUESS_N,STORE,Guess,NODE,DOOR,F0,OUTDOOR_OPEN_AIR,MALL,Falso,0.422,0.2595,,Falso,Guess,PRE_SITE_QA,Verdadero,Verdadero,Verdadero,Verdadero,
NODE_DOOR_GUESS_S,STORE,Guess,NODE,DOOR,F0,OUTDOOR_OPEN_AIR,MALL,Falso,0.592,0.6685,,Falso,Guess,PRE_SITE_QA,Verdadero,Verdadero,Verdadero,Verdadero,
NODE_DOOR_GUESS_SS,STORE,Guess,NODE,DOOR,F0,OUTDOOR_OPEN_AIR,MALL,Falso,0.549,0.7815,,Falso,Guess,PRE_SITE_QA,Verdadero,Verdadero,Verdadero,Verdadero,
NODE_DOOR_HAAGEN_DASZ,STORE,Haagen Dasz,NODE,DOOR,F0,OUTDOOR_OPEN_AIR,MALL,Falso,0.394,0.1665,,Falso,Haagen Dasz,PRE_SITE_QA,Verdadero,Verdadero,Verdadero,Verdadero,
NODE_DOOR_HM_E,STORE,H&M,NODE,DOOR,F0,OUTDOOR_OPEN_AIR,MALL,Falso,0.641,0.38,,Falso,H&M,PRE_SITE_QA,Verdadero,Verdadero,Verdadero,Verdadero,
NODE_DOOR_HM_W,STORE,H&M,NODE,DOOR,F0,OUTDOOR_OPEN_AIR,MALL,Falso,0.476,0.409,,Falso,H&M,PRE_SITE_QA,Verdadero,Verdadero,Verdadero,Verdadero,
NODE_DOOR_ICECREAM,STORE,Icecream,NODE,DOOR,F0,OUTDOOR_OPEN_AIR,MALL,Falso,0.635,0.6195,,Falso,Icecream,PRE_SITE_QA,Verdadero,Verdadero,Verdadero,Verdadero,
NODE_DOOR_IKEA,STORE,Ikea,NODE,DOOR,F0,OUTDOOR_OPEN_AIR,MALL,Falso,0.439,0.2325,,Falso,Ikea,PRE_SITE_QA,Verdadero,Verdadero,Verdadero,Verdadero,
NODE_DOOR_INFINITYLOVE,STORE,Infinity Love,NODE,DOOR,F0,OUTDOOR_OPEN_AIR,MALL,Falso,0.586,0.2645,,Falso,Infinity Love,PRE_SITE_QA,Verdadero,Verdadero,Verdadero,Verdadero,
NODE_DOOR_INSIDE,STORE,Inside,NODE,DOOR,F0,OUTDOOR_OPEN_AIR,MALL,Falso,0.474,0.4845,,Falso,Inside,PRE_SITE_QA,Verdadero,Verdadero,Verdadero,Verdadero,
NODE_DOOR_IPANEMA,STORE,Ipanema,NODE,DOOR,F0,OUTDOOR_OPEN_AIR,MALL,Falso,0.357,0.157,,Falso,Ipanema,PRE_SITE_QA,Verdadero,Verdadero,Verdadero,Verdadero,
NODE_DOOR_JIJONENCA,STORE,Jijonenca Icecream,NODE,DOOR,F0,OUTDOOR_OPEN_AIR,MALL,Falso,0.6306,0.6279,,Falso,Jijonenca Icecream,PRE_SITE_QA,Verdadero,Verdadero,Verdadero,Verdadero,
NODE_DOOR_KEBABEXPRESS,STORE,Kebab Express,NODE,DOOR,F1,OUTDOOR_OPEN_AIR,MALL,Falso,0.672,0.6475,,Falso,Kebab Express,PRE_SITE_QA,Verdadero,Verdadero,Verdadero,Verdadero,
NODE_DOOR_KIKOMILANO,STORE,KIKO Milano,NODE,DOOR,F0,OUTDOOR_OPEN_AIR,MALL,Falso,0.636,0.3595,,Falso,KIKO Milano,PRE_SITE_QA,Verdadero,Verdadero,Verdadero,Verdadero,
NODE_DOOR_KOALABAY,STORE,Koala Bay,NODE,DOOR,F0,OUTDOOR_OPEN_AIR,MALL,Falso,0.439,0.137,,Falso,Koala Bay,PRE_SITE_QA,Verdadero,Verdadero,Verdadero,Verdadero,
NODE_DOOR_LA_TAGLIATELLA,STORE,La Tagliatella,NODE,DOOR,F1,OUTDOOR_OPEN_AIR,MALL,Falso,0.783,0.5195,,Falso,La Tagliatella,PRE_SITE_QA,Verdadero,Verdadero,Verdadero,Verdadero,
NODE_DOOR_LASERESTETIC,STORE,Laser Estetic,NODE,DOOR,F0,OUTDOOR_OPEN_AIR,MALL,Falso,0.376,0.2605,,Falso,Laser Estetic,PRE_SITE_QA,Verdadero,Verdadero,Verdadero,Verdadero,
NODE_DOOR_LEFTIES,STORE,Lefties,NODE,DOOR,F0,OUTDOOR_OPEN_AIR,MALL,Falso,0.537,0.5045,,Falso,Lefties,PRE_SITE_QA,Verdadero,Verdadero,Verdadero,Verdadero,
NODE_DOOR_LEROY_MERLIN,STORE,Leroy Merlin,NODE,DOOR,F0,OUTDOOR_OPEN_AIR,MALL,Falso,0.401,0.766,,Falso,Leroy Merlin,PRE_SITE_QA,Verdadero,Verdadero,Verdadero,Verdadero,
NODE_DOOR_LEROYMERLIN_PICKUP,STORE,Leroy Merlin,NODE,DOOR,F0,OUTDOOR_OPEN_AIR,MALL,Falso,0.272,0.676,,Falso,Leroy Merlin,PRE_SITE_QA,Verdadero,Verdadero,Verdadero,Verdadero,
NODE_DOOR_LEVIS,STORE,Levi's,NODE,DOOR,F0,OUTDOOR_OPEN_AIR,MALL,Falso,0.434,0.2205,,Falso,Levi's,PRE_SITE_QA,Verdadero,Verdadero,Verdadero,Verdadero,
NODE_DOOR_LIONOFPORCHES,STORE,Lion of Porches,NODE,DOOR,F0,OUTDOOR_OPEN_AIR,MALL,Falso,0.561,0.6895,,Falso,Lion of Porches,PRE_SITE_QA,Verdadero,Verdadero,Verdadero,Verdadero,
NODE_DOOR_LIZARRAN,STORE,Lizarran,NODE,DOOR,F1,OUTDOOR_OPEN_AIR,MALL,Falso,0.769,0.5455,,Falso,Lizarran,PRE_SITE_QA,Verdadero,Verdadero,Verdadero,Verdadero,
NODE_DOOR_LOCKER_AMAZON_B1,Locker Amazon,Amazon Parcel Locker,AMENITY,AMENITY,B1,OUTDOOR_OPEN_AIR,MALL,Falso,0.452,0.5145,,Falso,Amazon Parcel Locker,PRE_SITE_QA,Verdadero,Verdadero,Verdadero,Verdadero,
NODE_DOOR_LOCKER_CORREOS_B1,Locker Correos,Correos Parcel Locker,AMENITY,AMENITY,B1,OUTDOOR_OPEN_AIR,MALL,Falso,0.455,0.5185,,Falso,Correos Parcel Locker,PRE_SITE_QA,Verdadero,Verdadero,Verdadero,Verdadero,
NODE_DOOR_LOTERIA,STORE,Loteria Nacional,NODE,DOOR,F0,OUTDOOR_OPEN_AIR,MALL,Falso,0.4216,0.4089,,Falso,Loteria Nacional,PRE_SITE_QA,Verdadero,Verdadero,Verdadero,Verdadero,
NODE_DOOR_LOWCOST,STORE,Lowcost,NODE,DOOR,F0,OUTDOOR_OPEN_AIR,MALL,Falso,0.547,0.7355,,Falso,Lowcost,PRE_SITE_QA,Verdadero,Verdadero,Verdadero,Verdadero,
NODE_DOOR_LUXENTER,STORE,Luxenter,NODE,DOOR,F0,OUTDOOR_OPEN_AIR,MALL,Falso,0.507,0.4855,,Falso,Luxenter,PRE_SITE_QA,Verdadero,Verdadero,Verdadero,Verdadero,
NODE_DOOR_LUXURYFOOD,STORE,Luxury Food,NODE,DOOR,F0,OUTDOOR_OPEN_AIR,MALL,Falso,0.648,0.5865,,Falso,Luxury Food,PRE_SITE_QA,Verdadero,Verdadero,Verdadero,Verdadero,
NODE_DOOR_MANGO,STORE,Mango,NODE,DOOR,F0,OUTDOOR_OPEN_AIR,MALL,Falso,0.589,0.292,,Falso,Mango,PRE_SITE_QA,Verdadero,Verdadero,Verdadero,Verdadero,
NODE_DOOR_MARVIMUNDO,STORE,Marvimundo,NODE,DOOR,F0,OUTDOOR_OPEN_AIR,MALL,Falso,0.453,0.2965,,Falso,Marvimundo,PRE_SITE_QA,Verdadero,Verdadero,Verdadero,Verdadero,
NODE_DOOR_MASSIMODUTTI_N,STORE,Massimo Dutti,NODE,DOOR,F0,OUTDOOR_OPEN_AIR,MALL,Falso,0.649,0.4635,,Falso,Massimo Dutti,PRE_SITE_QA,Verdadero,Verdadero,Verdadero,Verdadero,
NODE_DOOR_MASSIMODUTTI_S,STORE,Massimo Dutti,NODE,DOOR,F0,OUTDOOR_OPEN_AIR,MALL,Falso,0.649,0.4665,,Falso,Massimo Dutti,PRE_SITE_QA,Verdadero,Verdadero,Verdadero,Verdadero,
NODE_DOOR_MAXCOLCHON,STORE,Maxcolchon,NODE,DOOR,F0,OUTDOOR_OPEN_AIR,MALL,Falso,0.5158,0.7808,,Falso,Maxcolchon,PRE_SITE_QA,Verdadero,Verdadero,Verdadero,Verdadero,
NODE_DOOR_MAXIMA,STORE,Maxima,NODE,DOOR,F0,OUTDOOR_OPEN_AIR,MALL,Falso,0.481,0.158,,Falso,Maxima,PRE_SITE_QA,Verdadero,Verdadero,Verdadero,Verdadero,
NODE_DOOR_MAYKA_N,STORE,Mayka,NODE,DOOR,F0,OUTDOOR_OPEN_AIR,MALL,Falso,0.516,0.2195,,Falso,Mayka,PRE_SITE_QA,Verdadero,Verdadero,Verdadero,Verdadero,
NODE_DOOR_MAYKA_S,STORE,Mayka,NODE,DOOR,F0,OUTDOOR_OPEN_AIR,MALL,Falso,0.612,0.5195,,Falso,Mayka,PRE_SITE_QA,Verdadero,Verdadero,Verdadero,Verdadero,
NODE_DOOR_ME,STORE,ME,NODE,DOOR,F0,OUTDOOR_OPEN_AIR,MALL,Falso,0.464,0.4015,,Falso,ME,PRE_SITE_QA,Verdadero,Verdadero,Verdadero,Verdadero,
NODE_DOOR_MEDIAMARKT,STORE,MediaMarkt,NODE,DOOR,F0,OUTDOOR_OPEN_AIR,MALL,Falso,0.742,0.513,,Falso,MediaMarkt,PRE_SITE_QA,Verdadero,Verdadero,Verdadero,Verdadero,
NODE_DOOR_MISAKO,STORE,Misako,NODE,DOOR,F0,OUTDOOR_OPEN_AIR,MALL,Falso,0.629,0.228,,Falso,Misako,PRE_SITE_QA,Verdadero,Verdadero,Verdadero,Verdadero,
NODE_DOOR_MISTERMINT,STORE,Mister Mint,NODE,DOOR,F0,OUTDOOR_OPEN_AIR,MALL,Falso,0.399,0.2655,,Falso,Mister Mint,PRE_SITE_QA,Verdadero,Verdadero,Verdadero,Verdadero,
NODE_DOOR_MR_PEOPLE,STORE,Mr. People,NODE,DOOR,F0,OUTDOOR_OPEN_AIR,MALL,Falso,0.645,0.6215,,Falso,Mr. People,PRE_SITE_QA,Verdadero,Verdadero,Verdadero,Verdadero,
NODE_DOOR_MUERDELAPASTA,STORE,Muerde La Pasta,NODE,DOOR,F1,OUTDOOR_OPEN_AIR,MALL,Falso,0.5838,0.5729,,Falso,Muerde La Pasta,PRE_SITE_QA,Verdadero,Verdadero,Verdadero,Verdadero,
NODE_DOOR_MYTAPA,STORE,My Tapa,NODE,DOOR,F1,OUTDOOR_OPEN_AIR,MALL,Falso,0.769,0.5495,,Falso,My Tapa,PRE_SITE_QA,Verdadero,Verdadero,Verdadero,Verdadero,
NODE_DOOR_NAILS,STORE,Nails,NODE,DOOR,F0,OUTDOOR_OPEN_AIR,MALL,Falso,0.399,0.2905,,Falso,Nails,PRE_SITE_QA,Verdadero,Verdadero,Verdadero,Verdadero,
NODE_DOOR_NATURAGIFTSHOP,STORE,Natura Gift Shop,NODE,DOOR,F0,OUTDOOR_OPEN_AIR,MALL,Falso,0.759,0.5555,,Falso,Natura Gift Shop,PRE_SITE_QA,Verdadero,Verdadero,Verdadero,Verdadero,
NODE_DOOR_NORAUTO,STORE,Norauto,NODE,DOOR,F0,OUTDOOR_OPEN_AIR,MALL,Falso,0.774,0.278,,Falso,Norauto,PRE_SITE_QA,Verdadero,Verdadero,Verdadero,Verdadero,
NODE_DOOR_OYSHO,STORE,Oysho,NODE,DOOR,F0,OUTDOOR_OPEN_AIR,MALL,Falso,0.69,0.48,,Falso,Oysho,PRE_SITE_QA,Verdadero,Verdadero,Verdadero,Verdadero,
NODE_DOOR_PACOMARTINEZ,STORE,Paco Martinez,NODE,DOOR,F0,OUTDOOR_OPEN_AIR,MALL,Falso,0.652,0.6045,,Falso,Paco Martinez,PRE_SITE_QA,Verdadero,Verdadero,Verdadero,Verdadero,
NODE_DOOR_PALPELO_E,STORE,Palpelo,NODE,DOOR,F0,OUTDOOR_OPEN_AIR,MALL,Falso,0.404,0.225,,Falso,Palpelo,PRE_SITE_QA,Verdadero,Verdadero,Verdadero,Verdadero,
NODE_DOOR_PALPELO_W,STORE,Palpelo,NODE,DOOR,F0,OUTDOOR_OPEN_AIR,MALL,Falso,0.396,0.2625,,Falso,Palpelo,PRE_SITE_QA,Verdadero,Verdadero,Verdadero,Verdadero,
NODE_DOOR_PANDORA,STORE,Pandora,NODE,DOOR,F0,OUTDOOR_OPEN_AIR,MALL,Falso,0.631,0.5975,,Falso,Pandora,PRE_SITE_QA,Verdadero,Verdadero,Verdadero,Verdadero,
NODE_DOOR_PARFOIS,STORE,Parfois,NODE,DOOR,F0,OUTDOOR_OPEN_AIR,MALL,Falso,0.531,0.179,,Falso,Parfois,PRE_SITE_QA,Verdadero,Verdadero,Verdadero,Verdadero,
NODE_DOOR_PASGAR,STORE,Pasgar,NODE,DOOR,F0,OUTDOOR_OPEN_AIR,MALL,Falso,0.641,0.4775,,Falso,Pasgar,PRE_SITE_QA,Verdadero,Verdadero,Verdadero,Verdadero,
NODE_DOOR_PEPEJEANS,STORE,Pepe Jeans,NODE,DOOR,F0,OUTDOOR_OPEN_AIR,MALL,Falso,0.547,0.7395,,Falso,Pepe Jeans,PRE_SITE_QA,Verdadero,Verdadero,Verdadero,Verdadero,
NODE_DOOR_PEWTER,STORE,Pewter,NODE,DOOR,F0,OUTDOOR_OPEN_AIR,MALL,Falso,0.58,0.5025,,Falso,Pewter,PRE_SITE_QA,Verdadero,Verdadero,Verdadero,Verdadero,
NODE_DOOR_PHARMACY,STORE,Pharmacy,NODE,DOOR,F0,OUTDOOR_OPEN_AIR,MALL,Falso,0.516,0.802,,Falso,Pharmacy,PRE_SITE_QA,Verdadero,Verdadero,Verdadero,Verdadero,
NODE_DOOR_POLINESIA,STORE,Polinesia,NODE,DOOR,F0,OUTDOOR_OPEN_AIR,MALL,Falso,0.541,0.2285,,Falso,Polinesia,PRE_SITE_QA,Verdadero,Verdadero,Verdadero,Verdadero,
NODE_DOOR_POPEYES,STORE,Popeyes,NODE,DOOR,F1,OUTDOOR_OPEN_AIR,MALL,Falso,0.712,0.4635,,Falso,Popeyes,PRE_SITE_QA,Verdadero,Verdadero,Verdadero,Verdadero,
NODE_DOOR_PRIMARK,STORE,Primark,NODE,DOOR,F0,OUTDOOR_OPEN_AIR,MALL,Falso,0.329,0.145,,Falso,Primark,PRE_SITE_QA,Verdadero,Verdadero,Verdadero,Verdadero,
NODE_DOOR_PRIMICHI,STORE,Primichi ,NODE,DOOR,F0,OUTDOOR_OPEN_AIR,MALL,Falso,0.496,0.166,,Falso,Primichi ,PRE_SITE_QA,Verdadero,Verdadero,Verdadero,Verdadero,
NODE_DOOR_PRIMOR,STORE,Primor,NODE,DOOR,F0,OUTDOOR_OPEN_AIR,MALL,Falso,0.387,0.109,,Falso,Primor,PRE_SITE_QA,Verdadero,Verdadero,Verdadero,Verdadero,
NODE_DOOR_PULLBEAR,STORE,Pull&Bear,NODE,DOOR,F0,OUTDOOR_OPEN_AIR,MALL,Falso,0.613,0.546,,Falso,Pull&Bear,PRE_SITE_QA,Verdadero,Verdadero,Verdadero,Verdadero,
NODE_DOOR_PUNTROMA,STORE,Punt Roma,NODE,DOOR,F0,OUTDOOR_OPEN_AIR,MALL,Falso,0.499,0.4565,,Falso,Punt Roma,PRE_SITE_QA,Verdadero,Verdadero,Verdadero,Verdadero,
NODE_DOOR_RESTAURANTCASACARMEN,STORE,Restaurant Casa Carmen,NODE,DOOR,F1,OUTDOOR_OPEN_AIR,MALL,Falso,0.596,0.4315,,Falso,Restaurant Casa Carmen,PRE_SITE_QA,Verdadero,Verdadero,Verdadero,Verdadero,
NODE_DOOR_RITUALS,STORE,Rituals,NODE,DOOR,F0,OUTDOOR_OPEN_AIR,MALL,Falso,0.431,0.2095,,Falso,Rituals,PRE_SITE_QA,Verdadero,Verdadero,Verdadero,Verdadero,
NODE_DOOR_ROBERTOMARTIN,STORE,Roberto Martin,NODE,DOOR,F0,OUTDOOR_OPEN_AIR,MALL,Falso,0.43,0.3215,,Falso,Roberto Martin,PRE_SITE_QA,Verdadero,Verdadero,Verdadero,Verdadero,
NODE_DOOR_RXS,STORE,RXS,NODE,DOOR,F0,OUTDOOR_OPEN_AIR,MALL,Falso,0.47,0.3755,,Falso,RXS,PRE_SITE_QA,Verdadero,Verdadero,Verdadero,Verdadero,
NODE_DOOR_SANTOSOCHOA,STORE,Santos Ochoa,NODE,DOOR,F0,OUTDOOR_OPEN_AIR,MALL,Falso,0.633,0.303,,Falso,Santos Ochoa,PRE_SITE_QA,Verdadero,Verdadero,Verdadero,Verdadero,
NODE_DOOR_SAXO,STORE,Saxo,NODE,DOOR,F0,OUTDOOR_OPEN_AIR,MALL,Falso,0.639,0.6365,,Falso,Saxo,PRE_SITE_QA,Verdadero,Verdadero,Verdadero,Verdadero,
NODE_DOOR_SCOTTA,STORE,Scotta,NODE,DOOR,F0,OUTDOOR_OPEN_AIR,MALL,Falso,0.598,0.6505,,Falso,Scotta,PRE_SITE_QA,Verdadero,Verdadero,Verdadero,Verdadero,
NODE_DOOR_SMOOY,STORE,Smooy,NODE,DOOR,F0,OUTDOOR_OPEN_AIR,MALL,Falso,0.429,0.3435,,Falso,Smooy,PRE_SITE_QA,Verdadero,Verdadero,Verdadero,Verdadero,
NODE_DOOR_SOLOOPTICAL_E,STORE,Solooptical,NODE,DOOR,F0,OUTDOOR_OPEN_AIR,MALL,Falso,0.461,0.4455,,Falso,Solooptical,PRE_SITE_QA,Verdadero,Verdadero,Verdadero,Verdadero,
NODE_DOOR_SOLOOPTICAL_W,STORE,Solooptical,NODE,DOOR,F0,OUTDOOR_OPEN_AIR,MALL,Falso,0.437,0.4595,,Falso,Solooptical,PRE_SITE_QA,Verdadero,Verdadero,Verdadero,Verdadero,
NODE_DOOR_SPRINGFIELD,STORE,Springfield,NODE,DOOR,F0,OUTDOOR_OPEN_AIR,MALL,Falso,0.566,0.5245,,Falso,Springfield,PRE_SITE_QA,Verdadero,Verdadero,Verdadero,Verdadero,
NODE_DOOR_STARBUCKS,STORE,Starbucks,NODE,DOOR,F0,OUTDOOR_OPEN_AIR,MALL,Falso,0.512,0.1945,,Falso,Starbucks,PRE_SITE_QA,Verdadero,Verdadero,Verdadero,Verdadero,
NODE_DOOR_STRADIVARIUS,STORE,Stradivarius,NODE,DOOR,F0,OUTDOOR_OPEN_AIR,MALL,Falso,0.612,0.508,,Falso,Stradivarius,PRE_SITE_QA,Verdadero,Verdadero,Verdadero,Verdadero,
NODE_DOOR_SUPERDRY,STORE,Superdry,NODE,DOOR,F0,OUTDOOR_OPEN_AIR,MALL,Falso,0.588,0.2665,,Falso,Superdry,PRE_SITE_QA,Verdadero,Verdadero,Verdadero,Verdadero,
NODE_DOOR_SWAROVSKI,STORE,Swarovski,NODE,DOOR,F0,OUTDOOR_OPEN_AIR,MALL,Falso,0.661,0.5895,,Falso,Swarovski,PRE_SITE_QA,Verdadero,Verdadero,Verdadero,Verdadero,
NODE_DOOR_TACOBELL,STORE,Taco Bell,NODE,DOOR,F1,OUTDOOR_OPEN_AIR,MALL,Falso,0.575,0.4769,,Falso,Taco Bell,PRE_SITE_QA,Verdadero,Verdadero,Verdadero,Verdadero,
NODE_DOOR_TEASHOP,STORE,Tea Shop,NODE,DOOR,F0,OUTDOOR_OPEN_AIR,MALL,Falso,0.608,0.6335,,Falso,Tea Shop,PRE_SITE_QA,Verdadero,Verdadero,Verdadero,Verdadero,
NODE_DOOR_TERRASSA,STORE,Terrassa,NODE,DOOR,F0,OUTDOOR_OPEN_AIR,MALL,Falso,0.699,0.5785,,Falso,Terrassa,PRE_SITE_QA,Verdadero,Verdadero,Verdadero,Verdadero,
NODE_DOOR_THEBODYSHOP,STORE,The Body Shop,NODE,DOOR,F0,OUTDOOR_OPEN_AIR,MALL,Falso,0.605,0.6435,,Falso,The Body Shop,PRE_SITE_QA,Verdadero,Verdadero,Verdadero,Verdadero,
NODE_DOOR_THEFITZGERALD,STORE,The Fitzgerald,NODE,DOOR,F1,OUTDOOR_OPEN_AIR,MALL,Falso,0.603,0.4249,,Falso,The Fitzgerald,PRE_SITE_QA,Verdadero,Verdadero,Verdadero,Verdadero,
NODE_DOOR_THENORTHFACE,STORE,The North Face,NODE,DOOR,F0,OUTDOOR_OPEN_AIR,MALL,Falso,0.541,0.196,,Falso,The North Face,PRE_SITE_QA,Verdadero,Verdadero,Verdadero,Verdadero,
NODE_DOOR_TIENDANIMAL,STORE,Tiendanimal,NODE,DOOR,F0,OUTDOOR_OPEN_AIR,MALL,Falso,0.443,0.2615,,Falso,Tiendanimal,PRE_SITE_QA,Verdadero,Verdadero,Verdadero,Verdadero,
NODE_DOOR_TIMEROAD,STORE,Time Road,NODE,DOOR,F0,OUTDOOR_OPEN_AIR,MALL,Falso,0.584,0.5095,,Falso,Time Road,PRE_SITE_QA,Verdadero,Verdadero,Verdadero,Verdadero,
NODE_DOOR_TOUS,STORE,Tous,NODE,DOOR,F0,OUTDOOR_OPEN_AIR,MALL,Falso,0.611,0.7275,,Falso,Tous,PRE_SITE_QA,Verdadero,Verdadero,Verdadero,Verdadero,
NODE_DOOR_TRAMAS,STORE,Tramas,NODE,DOOR,F0,OUTDOOR_OPEN_AIR,MALL,Falso,0.457,0.4325,,Falso,Tramas,PRE_SITE_QA,Verdadero,Verdadero,Verdadero,Verdadero,
NODE_DOOR_ULANKA,STORE,Ulanka,NODE,DOOR,F0,OUTDOOR_OPEN_AIR,MALL,Falso,0.455,0.4135,,Falso,Ulanka,PRE_SITE_QA,Verdadero,Verdadero,Verdadero,Verdadero,
NODE_DOOR_UNKNOWN_MAYKA_FLYING,STORE,??? MAYKA/Flying,NODE,DOOR,F0,OUTDOOR_OPEN_AIR,MALL,Falso,0.506,0.2085,,Falso,??? MAYKA/Flying,PRE_SITE_QA,Verdadero,Verdadero,Verdadero,Verdadero,
NODE_DOOR_UNKNOWN_SUNGLASSES_SMOOY,STORE,???Sunglasses/smooy,NODE,DOOR,F0,OUTDOOR_OPEN_AIR,MALL,Falso,0.429,0.2975,,Falso,???Sunglasses/smooy,PRE_SITE_QA,Verdadero,Verdadero,Verdadero,Verdadero,
NODE_DOOR_VANS,STORE,Vans,NODE,DOOR,F0,OUTDOOR_OPEN_AIR,MALL,Falso,0.587,0.2685,,Falso,Vans,PRE_SITE_QA,Verdadero,Verdadero,Verdadero,Verdadero,
NODE_DOOR_WC_C_F0,WC,Restrooms – Central,AMENITY,AMENITY,F0,OUTDOOR_OPEN_AIR,MALL,Falso,0.6436,0.4879,,Falso,Restrooms – Central,PRE_SITE_QA,Verdadero,Verdadero,Verdadero,Verdadero,
NODE_DOOR_WC_C_F1,WC,Restrooms – Upper Floor,AMENITY,AMENITY,F1,OUTDOOR_OPEN_AIR,MALL,Falso,0.5966,0.4389,,Falso,Restrooms – Upper Floor,PRE_SITE_QA,Verdadero,Verdadero,Verdadero,Verdadero,
NODE_DOOR_WC_N_F0,WC,Restrooms – North,AMENITY,AMENITY,F0,OUTDOOR_OPEN_AIR,MALL,Falso,0.3486,0.1279,,Falso,Restrooms – North,PRE_SITE_QA,Verdadero,Verdadero,Verdadero,Verdadero,
NODE_DOOR_WC_S_F0,WC,Restrooms – South,AMENITY,AMENITY,F0,OUTDOOR_OPEN_AIR,MALL,Falso,0.6056,0.7369,,Falso,Restrooms – South,PRE_SITE_QA,Verdadero,Verdadero,Verdadero,Verdadero,
NODE_DOOR_WOKCENTER,STORE,Wok Center,NODE,DOOR,F1,OUTDOOR_OPEN_AIR,MALL,Falso,0.693,0.4555,,Falso,Wok Center,PRE_SITE_QA,Verdadero,Verdadero,Verdadero,Verdadero,
NODE_DOOR_WOMENSECRET,STORE,Women Secret,NODE,DOOR,F0,OUTDOOR_OPEN_AIR,MALL,Falso,0.581,0.5095,,Falso,Women Secret,PRE_SITE_QA,Verdadero,Verdadero,Verdadero,Verdadero,
NODE_DOOR_YVESROCHER,STORE,Yves Rocher,NODE,DOOR,F0,OUTDOOR_OPEN_AIR,MALL,Falso,0.574,0.2575,,Falso,Yves Rocher,PRE_SITE_QA,Verdadero,Verdadero,Verdadero,Verdadero,
NODE_DOOR_ZARA,STORE,Zara,NODE,DOOR,F0,OUTDOOR_OPEN_AIR,MALL,Falso,0.661,0.397,,Falso,Zara,PRE_SITE_QA,Verdadero,Verdadero,Verdadero,Verdadero,
NODE_DOOR_ZARAHOME,STORE,Zara Home,NODE,DOOR,F0,OUTDOOR_OPEN_AIR,MALL,Falso,0.67,0.465,,Falso,Zara Home,PRE_SITE_QA,Verdadero,Verdadero,Verdadero,Verdadero,
NODE_EXT_E_ENTRANCE,NODE,Corridor Outside East,JUNCTION,EXTERIOR,F0,OUTDOOR_OPEN_AIR,MALL,Falso,0.6646,0.2099,,Verdadero,Corridor Outside East,PRE_SITE_QA,TRUE,Verdadero,Verdadero,Verdadero,
NODE_EXT_MAIN_ENTRANCE,NODE,Corridor Outside West,JUNCTION,EXTERIOR,B1,OUTDOOR_OPEN_AIR,MALL,Falso,0.7846,0.6019,,Verdadero,Corridor Outside West,PRE_SITE_QA,TRUE,Verdadero,Verdadero,Verdadero,
NODE_EXT_N_ENTRANCE,NODE,Corridor Outside North,JUNCTION,EXTERIOR,F1,OUTDOOR_OPEN_AIR,MALL,Falso,0.348,0.0619,,Verdadero,Corridor Outside North,PRE_SITE_QA,TRUE,Verdadero,Verdadero,Verdadero,
NODE_EXT_W_ENTRANCE,NODE,Corridor Outside West,JUNCTION,EXTERIOR,F0,OUTDOOR_OPEN_AIR,MALL,Falso,0.4866,0.8289,,Verdadero,Corridor Outside West,PRE_SITE_QA,TRUE,Verdadero,Verdadero,Verdadero,
NODE_PLZ_CROSS_CENTER_F0,NODE,Plaza Cross Center,JUNCTION,PLAZA,F0,OUTDOOR_OPEN_AIR,MALL,Falso,0.6636,0.5289,,Verdadero,Center node of plaza cross,PRE_SITE_QA,TRUE,Verdadero,Verdadero,Verdadero,
PARKING_LOT_E,NODE,Outside Parking East,PARKING_OUTDOOR,PARKING,F0,OUTDOOR_OPEN_AIR,PARKING,Falso,0.6676,0.2089,,Verdadero,Outside Parking East,PRE_SITE_QA,Verdadero,Verdadero,Verdadero,Verdadero,
PARKING_LOT_N,NODE,Outside Parking North,PARKING_OUTDOOR,PARKING,F1,OUTDOOR_OPEN_AIR,PARKING,Falso,0.312,0.0649,,Verdadero,Outside Parking North,PRE_SITE_QA,Verdadero,Verdadero,Verdadero,Verdadero,
PARKING_LOT_W,NODE,Outside Parking West,PARKING_OUTDOOR,PARKING,F0,OUTDOOR_OPEN_AIR,PARKING,Falso,0.4886,0.8379,,Verdadero,Outside Parking West,PRE_SITE_QA,TRUE,Verdadero,Verdadero,Verdadero,
PARK_RED_ALCAMPO_B1,PARK_RED,Parking Red - Al Campo,PARK_ZONE,PARKING,B1,PARKING_GARAGE,PARKING,Falso,0.3676,0.3458,,Verdadero,Parking Red - Al Campo,PRE_SITE_QA,Verdadero,Verdadero,Verdadero,Verdadero,
PARK_GREEN_LEROY_B1,PARK_GREEN,Parking Green – Leroy Merlin,PARK_ZONE,PARKING,B1,PARKING_GARAGE,PARKING,Falso,0.4286,0.6508,,Verdadero,Parking Green – Leroy Merlin,PRE_SITE_QA,Verdadero,Verdadero,Verdadero,Verdadero,
PARK_BLUE_DECATHLON_B1,PARK_BLUE,Parking Blue – Decathlon,PARK_ZONE,PARKING,B1,PARKING_GARAGE,PARKING,Falso,0.6826,0.7618,,Verdadero,Parking Blue – Decathlon,PRE_SITE_QA,Verdadero,Verdadero,Verdadero,Verdadero,
PARK_PURPLE_FRONT_B1,PARK_PURPLE,Parking Purple – Front,PARK_ZONE,PARKING,B1,PARKING_GARAGE,PARKING,Falso,0.6866,0.3578,,Verdadero,Parking Purple – Front,PRE_SITE_QA,Verdadero,Verdadero,Verdadero,Verdadero,
PARK_RING_NW_B1,PARK_RING,Parking Ring Red - Al Campo,,,B1,PARKING_GARAGE,PARKING,Falso,0.4676,0.4458,,Verdadero,Parking Ring Red - Al Campo,PRE_SITE_QA,Verdadero,Verdadero,Verdadero,Verdadero,
PARK_RING_SW_B1,PARK_RING,Parking Ring Green – Leroy Merlin,,,B1,PARKING_GARAGE,PARKING,Falso,0.4676,0.7108,,Verdadero,Parking Ring Green – Leroy Merlin,PRE_SITE_QA,Verdadero,Verdadero,Verdadero,Verdadero,
PARK_RING_SE_B1,PARK_RING,Parking Ring Blue – Decathlon,,,B1,PARKING_GARAGE,PARKING,Falso,0.6366,0.7108,,Verdadero,Parking Ring Blue – Decathlon,PRE_SITE_QA,Verdadero,Verdadero,Verdadero,Verdadero,
PARK_RING_NE_B1,PARK_RING,Parking Ring Purple – Front,,,B1,PARKING_GARAGE,PARKING,Falso,0.6366,0.4458,,Verdadero,Parking Ring Purple – Front,PRE_SITE_QA,Verdadero,Verdadero,Verdadero,Verdadero,
PARK_RING_N_M1,PARK_RING,Parking Ring Red - Al Campo,,,B1,PARKING_GARAGE,PARKING,Falso,0.5376,0.4458,,Verdadero,Parking Ring Red - Al Campo,PRE_SITE_QA,Verdadero,Verdadero,Verdadero,Verdadero,
PARK_RING_N_M2,PARK_RING,Parking Ring Red - Al Campo,,,B1,PARKING_GARAGE,PARKING,Falso,0.6076,0.4458,,Verdadero,Parking Ring Red - Al Campo,PRE_SITE_QA,Verdadero,Verdadero,Verdadero,Verdadero,
PARK_RING_W_M1,PARK_RING,Parking Ring Green – Leroy Merlin,,,B1,PARKING_GARAGE,PARKING,Falso,0.4676,0.5408,,Verdadero,Parking Ring Green – Leroy Merlin,PRE_SITE_QA,Verdadero,Verdadero,Verdadero,Verdadero,
PARK_RING_W_M2,PARK_RING,Parking Ring Green – Leroy Merlin,,,B1,PARKING_GARAGE,PARKING,Falso,0.4676,0.6408,,Verdadero,Parking Ring Green – Leroy Merlin,PRE_SITE_QA,Verdadero,Verdadero,Verdadero,Verdadero,
PARK_RING_S_M1,PARK_RING,Parking Ring Blue – Decathlon,,,B1,PARKING_GARAGE,PARKING,Falso,0.5126,0.7108,,Verdadero,Parking Ring Blue – Decathlon,PRE_SITE_QA,Verdadero,Verdadero,Verdadero,Verdadero,
PARK_RING_S_M2,PARK_RING,Parking Ring Blue – Decathlon,,,B1,PARKING_GARAGE,PARKING,Falso,0.5626,0.7108,,Verdadero,Parking Ring Blue – Decathlon,PRE_SITE_QA,Verdadero,Verdadero,Verdadero,Verdadero,
PARK_RING_E_M1,PARK_RING,Parking Ring Purple – Front,,,B1,PARKING_GARAGE,PARKING,Falso,0.6366,0.5478,,Verdadero,Parking Ring Purple – Front,PRE_SITE_QA,Verdadero,Verdadero,Verdadero,Verdadero,
PARK_RING_E_M2,PARK_RING,Parking Ring Purple – Front,,,B1,PARKING_GARAGE,PARKING,Falso,0.6366,0.6478,,Verdadero,Parking Ring Purple – Front,PRE_SITE_QA,Verdadero,Verdadero,Verdadero,Verdadero,
PLAY_KIDS_N_F0,PLAY_AREA,Children’s Play Area 3,AMENITY,AMENITY,F0,OUTDOOR_OPEN_AIR,MALL,Falso,0.3706,0.1449,,Falso,Children’s Play Area 3,PRE_SITE_QA,Verdadero,Verdadero,Verdadero,Verdadero,
PLAY_KIDS_S_F0,PLAY_AREA,Children’s Play Area 1,AMENITY,AMENITY,F0,OUTDOOR_OPEN_AIR,MALL,Falso,0.6876,0.5359,,Falso,Children’s Play Area 1,PRE_SITE_QA,Verdadero,Verdadero,Verdadero,Verdadero,
PLAY_KIDS_S_F1,PLAY_AREA,Children’s Play Area 2,AMENITY,AMENITY,F1,OUTDOOR_OPEN_AIR,MALL,Falso,0.624,0.4775,,Falso,Children’s Play Area 2,PRE_SITE_QA,Verdadero,Verdadero,Verdadero,Verdadero,
PLZ_E_C_F0,PLAZA,Plaza de Miguel Hernandez,PLAZA,PLAZA,F0,OUTDOOR_OPEN_AIR,PLAZA,Falso,0.6286,0.2629,,Falso,Plaza de Miguel Hernandez,PRE_SITE_QA,Verdadero,Verdadero,Verdadero,Verdadero,
PLZ_FOOD_COURT_N_F1,PLAZA,Food Court – North,PLAZA,PLAZA,F1,OUTDOOR_OPEN_AIR,PLAZA,Falso,0.6086,0.4769,,Falso,Food Court – North,PRE_SITE_QA,Verdadero,Verdadero,Verdadero,Verdadero,
PLZ_FOOD_COURT_S_F1,PLAZA,Food Court – South,PLAZA,PLAZA,F1,OUTDOOR_OPEN_AIR,PLAZA,Falso,0.7546,0.5849,,Falso,Food Court – South,PRE_SITE_QA,Verdadero,Verdadero,Verdadero,Verdadero,
PLZ_MAIN_C_F0,PLAZA,Plaza Mayor,PLAZA,PLAZA,F0,OUTDOOR_OPEN_AIR,PLAZA,Falso,0.6586,0.5219,,Falso,Plaza Mayor,PRE_SITE_QA,Verdadero,Verdadero,Verdadero,Verdadero,
PLZ_MAIN_STAGE,PLAZA,Event Stage,AMENITY,AMENITY,F0,OUTDOOR_OPEN_AIR,PLAZA,Falso,0.6436,0.5169,,Falso,Event Stage,PRE_SITE_QA,Verdadero,Verdadero,Verdadero,Verdadero,
PLZ_N_C_F0,PLAZA,Plaza de la Lonja,PLAZA,PLAZA,F0,OUTDOOR_OPEN_AIR,PLAZA,Falso,0.3686,0.1629,,Falso,Plaza de la Lonja,PRE_SITE_QA,Verdadero,Verdadero,Verdadero,Verdadero,
PLZ_S_C_F0,PLAZA,Plaza De Las Flores,PLAZA,PLAZA,F0,OUTDOOR_OPEN_AIR,PLAZA,Falso,0.5806,0.7119,,Falso,Plaza De Las Flores,PRE_SITE_QA,Verdadero,Verdadero,Verdadero,Verdadero,
PLZ_W_C_F0,PLAZA,London Square,PLAZA,PLAZA,F0,OUTDOOR_OPEN_AIR,PLAZA,Falso,0.4566,0.4749,,Falso,London Square,PRE_SITE_QA,Verdadero,Verdadero,Verdadero,Verdadero,
RAMP_B1,RAMP,London Square Ramp,VERTICAL,TRANSPORT,B1,OUTDOOR_OPEN_AIR,MALL,Verdadero,0.4456,0.5199,,Verdadero,London Square Ramp,PRE_SITE_QA,Verdadero,Verdadero,Verdadero,Verdadero,
CAR_WASH_B1,CAR_WASH,Parking Garage Car Wash,CIRCULATION,PARKING,B1,PARKING_GARAGE,PARKING,Falso,0.4816,0.5498,,Verdadero,Parking Garage Car Wash,PRE_SITE_QA,TRUE,Verdadero,Verdadero,Verdadero,
RAMP_F0,RAMP,London Square Ramp,VERTICAL,TRANSPORT,F0,OUTDOOR_OPEN_AIR,MALL,Verdadero,0.4386,0.4899,,Verdadero,London Square Ramp,PRE_SITE_QA,Verdadero,Verdadero,Verdadero,Verdadero,
RAMP1_B1,RAMP,Plaza de la Lonja ,VERTICAL,TRANSPORT,B1,OUTDOOR_OPEN_AIR,MALL,Verdadero,0.3746,0.1959,,Verdadero,Plaza de la Lonja ,PRE_SITE_QA,Verdadero,Verdadero,Verdadero,Verdadero,
RAMP1_F0,RAMP,Plaza de la Lonja ,VERTICAL,TRANSPORT,F0,OUTDOOR_OPEN_AIR,MALL,Verdadero,0.3686,0.1649,,Verdadero,Plaza de la Lonja ,PRE_SITE_QA,Verdadero,Verdadero,Verdadero,Verdadero,
SEATING_MAIN_F0,SEATING,Main seating,AMENITY,SEATING_AREA,F0,OUTDOOR_OPEN_AIR,MALL,Falso,0.6476,0.4929,,Falso,Main seating,PRE_SITE_QA,TRUE,TRUE,TRUE,Verdadero,
SEATING_PLAY_KIDS_N_F0,SEATING,Kids play seating (North),AMENITY,SEATING_AREA,F0,OUTDOOR_OPEN_AIR,MALL,Falso,0.3826,0.1439,,Falso,Kids play seating (North),PRE_SITE_QA,TRUE,TRUE,TRUE,Verdadero,
SEATING_PLAY_KIDS_S_F0,SEATING,Kids play seating (South),AMENITY,SEATING_AREA,F0,OUTDOOR_OPEN_AIR,MALL,Falso,0.7116,0.5769,,Falso,Kids play seating (South),PRE_SITE_QA,TRUE,TRUE,TRUE,Verdadero,
SEATING_PLAY_KIDS_S_F1,SEATING,Kids play seating (South),AMENITY,SEATING_AREA,F1,OUTDOOR_OPEN_AIR,MALL,Falso,0.6316,0.4679,,Falso,Kids play seating (South),PRE_SITE_QA,TRUE,TRUE,TRUE,Verdadero,
SHORTCUT_HM_E_F0,Shortcut H&M,H&M Shortcut – East,SHORTCUT,AMENITY,F0,OUTDOOR_OPEN_AIR,MALL,Verdadero,0.636,0.38,,Verdadero,H&M Shortcut – East,PRE_SITE_QA,Verdadero,Verdadero,Verdadero,Verdadero,
SHORTCUT_HM_W_F0,Shortcut H&M,H&M Shortcut – West,SHORTCUT,AMENITY,F0,OUTDOOR_OPEN_AIR,MALL,Verdadero,0.471,0.409,,Verdadero,H&M Shortcut – West,PRE_SITE_QA,Verdadero,Verdadero,Verdadero,Verdadero,
STORE_100_MONTADITOS,STORE,100 Montaditos,DESTINATION,POI,F1,INDOOR_ENCLOSED,MALL,Falso,0.725,0.6465,,Falso,100 Montaditos,PRE_SITE_QA,Verdadero,Verdadero,Verdadero,Verdadero,
STORE_ADIDASORIGINALS,STORE,Adidas Originals,DESTINATION,POI,F0,INDOOR_ENCLOSED,MALL,Falso,0.74,0.5095,,Falso,Adidas Originals,PRE_SITE_QA,Verdadero,Verdadero,Verdadero,Verdadero,
STORE_ALCAMPO_N,STORE,Al Campo,DESTINATION,POI,F0,INDOOR_ENCLOSED,MALL,Falso,0.362,0.244,,Falso,Al Campo,PRE_SITE_QA,Verdadero,Verdadero,Verdadero,Verdadero,
STORE_ALCAMPO_S,STORE,Al Campo,DESTINATION,POI,F0,INDOOR_ENCLOSED,MALL,Falso,0.385,0.305,,Falso,Al Campo,PRE_SITE_QA,Verdadero,Verdadero,Verdadero,Verdadero,
STORE_ALEHOP,STORE,Ale Hop,DESTINATION,POI,F0,INDOOR_ENCLOSED,MALL,Falso,0.519,0.174,,Falso,Ale Hop,PRE_SITE_QA,Verdadero,Verdadero,Verdadero,Verdadero,
STORE_ALEJOR,STORE,Alejor,DESTINATION,POI,F0,INDOOR_ENCLOSED,MALL,Falso,0.436,0.2555,,Falso,Alejor,PRE_SITE_QA,Verdadero,Verdadero,Verdadero,Verdadero,
STORE_ASTORIA,STORE,Astoria,,,F0,INDOOR_ENCLOSED,MALL,Falso,0.5298,0.7668,,Falso,Astoria,PRE_SITE_QA,Verdadero,Verdadero,Verdadero,Verdadero,
STORE_AVATEL,STORE,Avatel,DESTINATION,POI,F0,INDOOR_ENCLOSED,MALL,Falso,0.435,0.4435,,Falso,Avatel,PRE_SITE_QA,Verdadero,Verdadero,Verdadero,Verdadero,
STORE_BANKCAJARURAL,STORE,Bank Caja Rural,DESTINATION,POI,F0,INDOOR_ENCLOSED,MALL,Falso,0.489,0.7915,,Falso,Bank Caja Rural,PRE_SITE_QA,Verdadero,Verdadero,Verdadero,Verdadero,
STORE_BELROS,STORE,Belros,DESTINATION,POI,F0,INDOOR_ENCLOSED,MALL,Falso,0.387,0.228,,Falso,Belros,PRE_SITE_QA,Verdadero,Verdadero,Verdadero,Verdadero,
STORE_BENETTON,STORE,Benetton,DESTINATION,POI,F0,INDOOR_ENCLOSED,MALL,Falso,0.652,0.322,,Falso,Benetton,PRE_SITE_QA,Verdadero,Verdadero,Verdadero,Verdadero,
STORE_BERSHKA,STORE,Bershka,DESTINATION,POI,F0,INDOOR_ENCLOSED,MALL,Falso,0.601,0.5385,,Falso,Bershka,PRE_SITE_QA,Verdadero,Verdadero,Verdadero,Verdadero,
STORE_BIGGERBETTERBURGER,STORE,Bigger Better Burger,DESTINATION,POI,F1,INDOOR_ENCLOSED,MALL,Falso,0.722,0.6485,,Falso,Bigger Better Burger,PRE_SITE_QA,Verdadero,Verdadero,Verdadero,Verdadero,
STORE_BIJOUBRIGITTE,STORE,Bijou Brigitte,DESTINATION,POI,F0,INDOOR_ENCLOSED,MALL,Falso,0.646,0.5785,,Falso,Bijou Brigitte,PRE_SITE_QA,Verdadero,Verdadero,Verdadero,Verdadero,
STORE_BLACK,STORE,Black,DESTINATION,POI,F0,INDOOR_ENCLOSED,MALL,Falso,0.588,0.2805,,Falso,Black,PRE_SITE_QA,Verdadero,Verdadero,Verdadero,Verdadero,
STORE_BOMBONBOSS,STORE,BomBon Boss,DESTINATION,POI,F0,INDOOR_ENCLOSED,MALL,Falso,0.432,0.1815,,Falso,BomBon Boss,PRE_SITE_QA,Verdadero,Verdadero,Verdadero,Verdadero,
STORE_BOSTON,STORE,Boston,DESTINATION,POI,F0,INDOOR_ENCLOSED,MALL,Falso,0.428,0.2815,,Falso,Boston,PRE_SITE_QA,Verdadero,Verdadero,Verdadero,Verdadero,
STORE_BOTTICELLI,STORE,Botticelli,DESTINATION,POI,F0,INDOOR_ENCLOSED,MALL,Falso,0.618,0.6835,,Falso,Botticelli,PRE_SITE_QA,Verdadero,Verdadero,Verdadero,Verdadero,
STORE_BOWLING,STORE,Bowling,DESTINATION,POI,F0,INDOOR_ENCLOSED,MALL,Falso,0.738,0.6165,,Falso,Bowling,PRE_SITE_QA,Verdadero,Verdadero,Verdadero,Verdadero,
STORE_CA,STORE,C&A,DESTINATION,POI,F0,INDOOR_ENCLOSED,MALL,Falso,0.465,0.3375,,Falso,C&A,PRE_SITE_QA,Verdadero,Verdadero,Verdadero,Verdadero,
STORE_CAFEOLE,STORE,Café Ole,DESTINATION,POI,F0,INDOOR_ENCLOSED,MALL,Falso,0.705,0.5015,,Falso,Café Ole,PRE_SITE_QA,Verdadero,Verdadero,Verdadero,Verdadero,
STORE_CAFETERIAEXPRE3SS,STORE,Cafeteria Expre3ss,DESTINATION,POI,F0,INDOOR_ENCLOSED,MALL,Falso,0.435,0.4865,,Falso,Cafeteria Expre3ss,PRE_SITE_QA,Verdadero,Verdadero,Verdadero,Verdadero,
STORE_CALZEDONIA,STORE,Calzedonia,DESTINATION,POI,F0,INDOOR_ENCLOSED,MALL,Falso,0.629,0.325,,Falso,Calzedonia,PRE_SITE_QA,Verdadero,Verdadero,Verdadero,Verdadero,
STORE_CASINO,STORE,Casino Mediterraneo,DESTINATION,POI,F0,INDOOR_ENCLOSED,MALL,Falso,0.952,0.387,,Falso,Casino Mediterraneo,PRE_SITE_QA,Verdadero,Verdadero,Verdadero,Verdadero,
STORE_CHE,STORE,Che,DESTINATION,POI,F1,INDOOR_ENCLOSED,MALL,Falso,0.6915,0.4535,,Falso,Che,PRE_SITE_QA,Verdadero,Verdadero,Verdadero,Verdadero,
STORE_CLAIRES,STORE,Claire's,DESTINATION,POI,F0,INDOOR_ENCLOSED,MALL,Falso,0.498,0.4845,,Falso,Claire's,PRE_SITE_QA,Verdadero,Verdadero,Verdadero,Verdadero,
STORE_CONFORMA,STORE,Conforma,DESTINATION,POI,F1,INDOOR_ENCLOSED,MALL,Falso,0.233,0.0869,,Falso,Conforma,PRE_SITE_QA,Verdadero,Verdadero,Verdadero,Verdadero,
STORE_CORTEFIEL,STORE,Cortefiel,DESTINATION,POI,F0,INDOOR_ENCLOSED,MALL,Falso,0.568,0.216,,Falso,Cortefiel,PRE_SITE_QA,Verdadero,Verdadero,Verdadero,Verdadero,
STORE_COSTABLANCAWOHNUNGEN,STORE,Costablanca Wohnungen,DESTINATION,POI,F0,INDOOR_ENCLOSED,MALL,Falso,0.43,0.4255,,Falso,Costablanca Wohnungen,PRE_SITE_QA,Verdadero,Verdadero,Verdadero,Verdadero,
STORE_DAFAVOLA,STORE,Da Favola,DESTINATION,POI,F0,INDOOR_ENCLOSED,MALL,Falso,0.412,0.3255,,Falso,Da Favola,PRE_SITE_QA,Verdadero,Verdadero,Verdadero,Verdadero,
STORE_DECATHLON,STORE,Decathlon,DESTINATION,POI,F0,INDOOR_ENCLOSED,MALL,Falso,0.618,0.893,,Falso,Decathlon,PRE_SITE_QA,Verdadero,Verdadero,Verdadero,Verdadero,
STORE_DECIMAS,STORE,Decimas,DESTINATION,POI,F0,INDOOR_ENCLOSED,MALL,Falso,0.645,0.242,,Falso,Decimas,PRE_SITE_QA,Verdadero,Verdadero,Verdadero,Verdadero,
STORE_DEICHMANN,STORE,Deichmann,DESTINATION,POI,F0,INDOOR_ENCLOSED,MALL,Falso,0.451,0.5005,,Falso,Deichmann,PRE_SITE_QA,Verdadero,Verdadero,Verdadero,Verdadero,
STORE_DESIGUAL,STORE,Desigual,DESTINATION,POI,F0,INDOOR_ENCLOSED,MALL,Falso,0.564,0.2435,,Falso,Desigual,PRE_SITE_QA,Verdadero,Verdadero,Verdadero,Verdadero,
STORE_DONDINO,STORE,Don Dino,DESTINATION,POI,F1,INDOOR_ENCLOSED,MALL,Falso,0.386,0.056,,Falso,Don Dino,PRE_SITE_QA,Verdadero,Verdadero,Verdadero,Verdadero,
STORE_DRUNI,STORE,Druni,DESTINATION,POI,F0,INDOOR_ENCLOSED,MALL,Falso,0.598,0.239,,Falso,Druni,PRE_SITE_QA,Verdadero,Verdadero,Verdadero,Verdadero,
STORE_ELKIOSKO,STORE,El Kiosko,DESTINATION,POI,F1,INDOOR_ENCLOSED,MALL,Falso,0.595,0.4449,,Falso,El Kiosko,PRE_SITE_QA,Verdadero,Verdadero,Verdadero,Verdadero,
STORE_ENCUENTRO,STORE,Encuentro,DESTINATION,POI,F0,INDOOR_ENCLOSED,MALL,Falso,0.593,0.3025,,Falso,Encuentro,PRE_SITE_QA,Verdadero,Verdadero,Verdadero,Verdadero,
STORE_FASHIONNAILS,STORE,Fashion Nails,DESTINATION,POI,F0,INDOOR_ENCLOSED,MALL,Falso,0.424,0.3915,,Falso,Fashion Nails,PRE_SITE_QA,Verdadero,Verdadero,Verdadero,Verdadero,
STORE_FLYINGTIGER,STORE,Flying Tiger,DESTINATION,POI,F0,INDOOR_ENCLOSED,MALL,Falso,0.563,0.2415,,Falso,Flying Tiger,PRE_SITE_QA,Verdadero,Verdadero,Verdadero,Verdadero,
STORE_FOSTERS,STORE,Foster’s Hollywood,DESTINATION,POI,F1,INDOOR_ENCLOSED,MALL,Falso,0.623,0.5695,,Falso,Foster’s Hollywood,PRE_SITE_QA,Verdadero,Verdadero,Verdadero,Verdadero,
STORE_GAME,STORE,GAME,DESTINATION,POI,F0,INDOOR_ENCLOSED,MALL,Falso,0.452,0.3895,,Falso,GAME,PRE_SITE_QA,Verdadero,Verdadero,Verdadero,Verdadero,
STORE_GELATERIA,STORE,Gelateria Icecream,DESTINATION,POI,F0,INDOOR_ENCLOSED,MALL,Falso,0.6966,0.4949,,Falso,Gelateria Icecream,PRE_SITE_QA,Verdadero,Verdadero,Verdadero,Verdadero,
STORE_GEOX,STORE,Geox,DESTINATION,POI,F0,INDOOR_ENCLOSED,MALL,Falso,0.565,0.7675,,Falso,Geox,PRE_SITE_QA,Verdadero,Verdadero,Verdadero,Verdadero,
STORE_GOLDRUSH,STORE,Goldrush,DESTINATION,POI,F0,INDOOR_ENCLOSED,MALL,Falso,0.406,0.3005,,Falso,Goldrush,PRE_SITE_QA,Verdadero,Verdadero,Verdadero,Verdadero,
STORE_GOURMETCAFE,STORE,Gourmet Café,DESTINATION,POI,F0,INDOOR_ENCLOSED,MALL,Falso,0.601,0.7425,,Falso,Gourmet Café,PRE_SITE_QA,Verdadero,Verdadero,Verdadero,Verdadero,
STORE_GRABA2,STORE,Graba 2,DESTINATION,POI,F0,INDOOR_ENCLOSED,MALL,Falso,0.6186,0.6669,,Falso,Graba 2,PRE_SITE_QA,Verdadero,Verdadero,Verdadero,Verdadero,
STORE_GREENWICH,STORE,Greenwich,DESTINATION,POI,F0,INDOOR_ENCLOSED,MALL,Falso,0.469,0.149,,Falso,Greenwich,PRE_SITE_QA,Verdadero,Verdadero,Verdadero,Verdadero,
STORE_GUESS_N,STORE,Guess,DESTINATION,POI,F0,INDOOR_ENCLOSED,MALL,Falso,0.427,0.2595,,Falso,Guess,PRE_SITE_QA,Verdadero,Verdadero,Verdadero,Verdadero,
STORE_GUESS_S,STORE,Guess,DESTINATION,POI,F0,INDOOR_ENCLOSED,MALL,Falso,0.597,0.6685,,Falso,Guess,PRE_SITE_QA,Verdadero,Verdadero,Verdadero,Verdadero,
STORE_GUESS_SS,STORE,Guess,DESTINATION,POI,F0,INDOOR_ENCLOSED,MALL,Falso,0.554,0.7815,,Falso,Guess,PRE_SITE_QA,Verdadero,Verdadero,Verdadero,Verdadero,
STORE_HAAGEN_DASZ,STORE,Haagen Dasz,DESTINATION,POI,F0,INDOOR_ENCLOSED,MALL,Falso,0.399,0.1665,,Falso,Haagen Dasz,PRE_SITE_QA,Verdadero,Verdadero,Verdadero,Verdadero,
STORE_HM_E,STORE,H&M,DESTINATION,POI,F0,INDOOR_ENCLOSED,MALL,Falso,0.641,0.385,,Falso,H&M,PRE_SITE_QA,Verdadero,Verdadero,Verdadero,Verdadero,
STORE_HM_W,STORE,H&M,DESTINATION,POI,F0,INDOOR_ENCLOSED,MALL,Falso,0.476,0.414,,Falso,H&M,PRE_SITE_QA,Verdadero,Verdadero,Verdadero,Verdadero,
STORE_ICECREAM,STORE,Icecream,DESTINATION,POI,F0,INDOOR_ENCLOSED,MALL,Falso,0.64,0.6195,,Falso,Icecream,PRE_SITE_QA,Verdadero,Verdadero,Verdadero,Verdadero,
STORE_IKEA,STORE,Ikea,DESTINATION,POI,F0,INDOOR_ENCLOSED,MALL,Falso,0.444,0.2325,,Falso,Ikea,PRE_SITE_QA,Verdadero,Verdadero,Verdadero,Verdadero,
STORE_INFINITYLOVE,STORE,Infinity Love,DESTINATION,POI,F0,INDOOR_ENCLOSED,MALL,Falso,0.592,0.2625,,Falso,Infinity Love,PRE_SITE_QA,Verdadero,Verdadero,Verdadero,Verdadero,
STORE_INSIDE,STORE,Inside,DESTINATION,POI,F0,INDOOR_ENCLOSED,MALL,Falso,0.479,0.4845,,Falso,Inside,PRE_SITE_QA,Verdadero,Verdadero,Verdadero,Verdadero,
STORE_IPANEMA,STORE,Ipanema,DESTINATION,POI,F0,INDOOR_ENCLOSED,MALL,Falso,0.362,0.157,,Falso,Ipanema,PRE_SITE_QA,Verdadero,Verdadero,Verdadero,Verdadero,
STORE_JIJONENCA,STORE,Jijonenca Icecream,DESTINATION,POI,F0,INDOOR_ENCLOSED,MALL,Falso,0.6356,0.6279,,Falso,Jijonenca Icecream,PRE_SITE_QA,Verdadero,Verdadero,Verdadero,Verdadero,
STORE_KEBABEXPRESS,STORE,Kebab Express,DESTINATION,POI,F1,INDOOR_ENCLOSED,MALL,Falso,0.677,0.6475,,Falso,Kebab Express,PRE_SITE_QA,Verdadero,Verdadero,Verdadero,Verdadero,
STORE_KIKOMILANO,STORE,KIKO Milano,DESTINATION,POI,F0,INDOOR_ENCLOSED,MALL,Falso,0.641,0.3595,,Falso,KIKO Milano,PRE_SITE_QA,Verdadero,Verdadero,Verdadero,Verdadero,
STORE_KOALABAY,STORE,Koala Bay,DESTINATION,POI,F0,INDOOR_ENCLOSED,MALL,Falso,0.444,0.137,,Falso,Koala Bay,PRE_SITE_QA,Verdadero,Verdadero,Verdadero,Verdadero,
STORE_LA_TAGLIATELLA,STORE,La Tagliatella,DESTINATION,POI,F1,INDOOR_ENCLOSED,MALL,Falso,0.788,0.5195,,Falso,La Tagliatella,PRE_SITE_QA,Verdadero,Verdadero,Verdadero,Verdadero,
STORE_LASERESTETIC,STORE,Laser Estetic,DESTINATION,POI,F0,INDOOR_ENCLOSED,MALL,Falso,0.402,0.2645,,Falso,Laser Estetic,PRE_SITE_QA,Verdadero,Verdadero,Verdadero,Verdadero,
STORE_LEFTIES,STORE,Lefties,DESTINATION,POI,F0,INDOOR_ENCLOSED,MALL,Falso,0.542,0.5045,,Falso,Lefties,PRE_SITE_QA,Verdadero,Verdadero,Verdadero,Verdadero,
STORE_LEROY_MERLIN,STORE,Leroy Merlin,DESTINATION,POI,F0,INDOOR_ENCLOSED,MALL,Falso,0.406,0.766,,Falso,Leroy Merlin,PRE_SITE_QA,Verdadero,Verdadero,Verdadero,Verdadero,
STORE_LEROYMERLIN_PICKUP,STORE,Leroy Merlin,DESTINATION,POI,F0,INDOOR_ENCLOSED,MALL,Falso,0.277,0.676,,Falso,Leroy Merlin,PRE_SITE_QA,Verdadero,Verdadero,Verdadero,Verdadero,
STORE_LEVIS,STORE,Levi's,DESTINATION,POI,F0,INDOOR_ENCLOSED,MALL,Falso,0.439,0.2205,,Falso,Levi's,PRE_SITE_QA,Verdadero,Verdadero,Verdadero,Verdadero,
STORE_LIONOFPORCHES,STORE,Lion of Porches,DESTINATION,POI,F0,INDOOR_ENCLOSED,MALL,Falso,0.566,0.6895,,Falso,Lion of Porches,PRE_SITE_QA,Verdadero,Verdadero,Verdadero,Verdadero,
STORE_LIZARRAN,STORE,Lizarran,DESTINATION,POI,F1,INDOOR_ENCLOSED,MALL,Falso,0.774,0.5465,,Falso,Lizarran,PRE_SITE_QA,Verdadero,Verdadero,Verdadero,Verdadero,
STORE_LOTERIA,STORE,Loteria Nacional,DESTINATION,POI,F0,INDOOR_ENCLOSED,MALL,Falso,0.4266,0.4089,,Falso,Loteria Nacional,PRE_SITE_QA,Verdadero,Verdadero,Verdadero,Verdadero,
STORE_LOWCOST,STORE,Lowcost,DESTINATION,POI,F0,INDOOR_ENCLOSED,MALL,Falso,0.555,0.7395,,Falso,Lowcost,PRE_SITE_QA,Verdadero,Verdadero,Verdadero,Verdadero,
STORE_LUXENTER,STORE,Luxenter,DESTINATION,POI,F0,INDOOR_ENCLOSED,MALL,Falso,0.512,0.4855,,Falso,Luxenter,PRE_SITE_QA,Verdadero,Verdadero,Verdadero,Verdadero,
STORE_LUXURYFOOD,STORE,Luxury Food,DESTINATION,POI,F0,INDOOR_ENCLOSED,MALL,Falso,0.653,0.5865,,Falso,Luxury Food,PRE_SITE_QA,Verdadero,Verdadero,Verdadero,Verdadero,
STORE_MANGO,STORE,Mango,DESTINATION,POI,F0,INDOOR_ENCLOSED,MALL,Falso,0.594,0.292,,Falso,Mango,PRE_SITE_QA,Verdadero,Verdadero,Verdadero,Verdadero,
STORE_MARVIMUNDO,STORE,Marvimundo,DESTINATION,POI,F0,INDOOR_ENCLOSED,MALL,Falso,0.458,0.2965,,Falso,Marvimundo,PRE_SITE_QA,Verdadero,Verdadero,Verdadero,Verdadero,
STORE_MASSIMODUTTI_N,STORE,Massimo Dutti,DESTINATION,POI,F0,INDOOR_ENCLOSED,MALL,Falso,0.654,0.4695,,Falso,Massimo Dutti,PRE_SITE_QA,Verdadero,Verdadero,Verdadero,Verdadero,
STORE_MASSIMODUTTI_S,STORE,Massimo Dutti,DESTINATION,POI,F0,INDOOR_ENCLOSED,MALL,Falso,0.654,0.4665,,Falso,Massimo Dutti,PRE_SITE_QA,Verdadero,Verdadero,Verdadero,Verdadero,
STORE_MAXCOLCHON,STORE,Maxcolchon,DESTINATION,POI,F0,INDOOR_ENCLOSED,MALL,Falso,0.5158,0.7858,,Falso,Maxcolchon,PRE_SITE_QA,Verdadero,Verdadero,Verdadero,Verdadero,
STORE_MAXIMA,STORE,Maxima,DESTINATION,POI,F0,INDOOR_ENCLOSED,MALL,Falso,0.486,0.158,,Falso,Maxima,PRE_SITE_QA,Verdadero,Verdadero,Verdadero,Verdadero,
STORE_MAYKA_N,STORE,Mayka,DESTINATION,POI,F0,INDOOR_ENCLOSED,MALL,Falso,0.521,0.2195,,Falso,Mayka,PRE_SITE_QA,Verdadero,Verdadero,Verdadero,Verdadero,
STORE_MAYKA_S,STORE,Mayka,DESTINATION,POI,F0,INDOOR_ENCLOSED,MALL,Falso,0.617,0.5195,,Falso,Mayka,PRE_SITE_QA,Verdadero,Verdadero,Verdadero,Verdadero,
STORE_ME,STORE,ME,DESTINATION,POI,F0,INDOOR_ENCLOSED,MALL,Falso,0.469,0.4015,,Falso,ME,PRE_SITE_QA,Verdadero,Verdadero,Verdadero,Verdadero,
STORE_MEDIAMARKT,STORE,MediaMarkt,DESTINATION,POI,F0,INDOOR_ENCLOSED,MALL,Falso,0.747,0.513,,Falso,MediaMarkt,PRE_SITE_QA,Verdadero,Verdadero,Verdadero,Verdadero,
STORE_MISAKO,STORE,Misako,DESTINATION,POI,F0,INDOOR_ENCLOSED,MALL,Falso,0.634,0.228,,Falso,Misako,PRE_SITE_QA,Verdadero,Verdadero,Verdadero,Verdadero,
STORE_MISTERMINT,STORE,Mister Mint,DESTINATION,POI,F0,INDOOR_ENCLOSED,MALL,Falso,0.401,0.2625,,Falso,Mister Mint,PRE_SITE_QA,Verdadero,Verdadero,Verdadero,Verdadero,
STORE_MR_PEOPLE,STORE,Mr. People,DESTINATION,POI,F0,INDOOR_ENCLOSED,MALL,Falso,0.65,0.6215,,Falso,Mr. People,PRE_SITE_QA,Verdadero,Verdadero,Verdadero,Verdadero,
STORE_MUERDELAPASTA,STORE,Muerde La Pasta,DESTINATION,POI,F1,INDOOR_ENCLOSED,MALL,Falso,0.5838,0.5779,,Falso,Muerde La Pasta,PRE_SITE_QA,Verdadero,Verdadero,Verdadero,Verdadero,
STORE_MYTAPA,STORE,My Tapa,DESTINATION,POI,F1,INDOOR_ENCLOSED,MALL,Falso,0.774,0.5495,,Falso,My Tapa,PRE_SITE_QA,Verdadero,Verdadero,Verdadero,Verdadero,
STORE_NAILS,STORE,Nails,DESTINATION,POI,F0,INDOOR_ENCLOSED,MALL,Falso,0.404,0.2905,,Falso,Nails,PRE_SITE_QA,Verdadero,Verdadero,Verdadero,Verdadero,
STORE_NATURAGIFTSHOP,STORE,Natura Gift Shop,DESTINATION,POI,F0,INDOOR_ENCLOSED,MALL,Falso,0.764,0.5555,,Falso,Natura Gift Shop,PRE_SITE_QA,Verdadero,Verdadero,Verdadero,Verdadero,
STORE_NORAUTO,STORE,Norauto,DESTINATION,POI,F0,INDOOR_ENCLOSED,MALL,Falso,0.779,0.278,,Falso,Norauto,PRE_SITE_QA,Verdadero,Verdadero,Verdadero,Verdadero,
STORE_OYSHO,STORE,Oysho,DESTINATION,POI,F0,INDOOR_ENCLOSED,MALL,Falso,0.695,0.48,,Falso,Oysho,PRE_SITE_QA,Verdadero,Verdadero,Verdadero,Verdadero,
STORE_PACOMARTINEZ,STORE,Paco Martinez,DESTINATION,POI,F0,INDOOR_ENCLOSED,MALL,Falso,0.657,0.6045,,Falso,Paco Martinez,PRE_SITE_QA,Verdadero,Verdadero,Verdadero,Verdadero,
STORE_PALPELO_E,STORE,Palpelo,DESTINATION,POI,F0,INDOOR_ENCLOSED,MALL,Falso,0.409,0.225,,Falso,Palpelo,PRE_SITE_QA,Verdadero,Verdadero,Verdadero,Verdadero,
STORE_PALPELO_W,STORE,Palpelo,DESTINATION,POI,F0,INDOOR_ENCLOSED,MALL,Falso,0.401,0.2625,,Falso,Palpelo,PRE_SITE_QA,Verdadero,Verdadero,Verdadero,Verdadero,
STORE_PANDORA,STORE,Pandora,DESTINATION,POI,F0,INDOOR_ENCLOSED,MALL,Falso,0.636,0.5975,,Falso,Pandora,PRE_SITE_QA,Verdadero,Verdadero,Verdadero,Verdadero,
STORE_PARFOIS,STORE,Parfois,DESTINATION,POI,F0,INDOOR_ENCLOSED,MALL,Falso,0.536,0.179,,Falso,Parfois,PRE_SITE_QA,Verdadero,Verdadero,Verdadero,Verdadero,
STORE_PASGAR,STORE,Pasgar,DESTINATION,POI,F0,INDOOR_ENCLOSED,MALL,Falso,0.646,0.4775,,Falso,Pasgar,PRE_SITE_QA,Verdadero,Verdadero,Verdadero,Verdadero,
STORE_PEPEJEANS,STORE,Pepe Jeans,DESTINATION,POI,F0,INDOOR_ENCLOSED,MALL,Falso,0.552,0.7395,,Falso,Pepe Jeans,PRE_SITE_QA,Verdadero,Verdadero,Verdadero,Verdadero,
STORE_PEWTER,STORE,Pewter,DESTINATION,POI,F0,INDOOR_ENCLOSED,MALL,Falso,0.586,0.5065,,Falso,Pewter,PRE_SITE_QA,Verdadero,Verdadero,Verdadero,Verdadero,
STORE_PHARMACY,STORE,Pharmacy,DESTINATION,POI,F0,INDOOR_ENCLOSED,MALL,Falso,0.521,0.802,,Falso,Pharmacy,PRE_SITE_QA,Verdadero,Verdadero,Verdadero,Verdadero,
STORE_POLINESIA,STORE,Polinesia,DESTINATION,POI,F0,INDOOR_ENCLOSED,MALL,Falso,0.546,0.2285,,Falso,Polinesia,PRE_SITE_QA,Verdadero,Verdadero,Verdadero,Verdadero,
STORE_POPEYES,STORE,Popeyes,DESTINATION,POI,F1,INDOOR_ENCLOSED,MALL,Falso,0.717,0.4635,,Falso,Popeyes,PRE_SITE_QA,Verdadero,Verdadero,Verdadero,Verdadero,
STORE_PRIMARK,STORE,Primark,DESTINATION,POI,F0,INDOOR_ENCLOSED,MALL,Falso,0.334,0.145,,Falso,Primark,PRE_SITE_QA,Verdadero,Verdadero,Verdadero,Verdadero,
STORE_PRIMICHI,STORE,Primichi ,DESTINATION,POI,F0,INDOOR_ENCLOSED,MALL,Falso,0.501,0.166,,Falso,Primichi ,PRE_SITE_QA,Verdadero,Verdadero,Verdadero,Verdadero,
STORE_PRIMOR,STORE,Primor,DESTINATION,POI,F0,INDOOR_ENCLOSED,MALL,Falso,0.392,0.109,,Falso,Primor,PRE_SITE_QA,Verdadero,Verdadero,Verdadero,Verdadero,
STORE_PULLBEAR,STORE,Pull&Bear,DESTINATION,POI,F0,INDOOR_ENCLOSED,MALL,Falso,0.618,0.546,,Falso,Pull&Bear,PRE_SITE_QA,Verdadero,Verdadero,Verdadero,Verdadero,
STORE_PUNTROMA,STORE,Punt Roma,DESTINATION,POI,F0,INDOOR_ENCLOSED,MALL,Falso,0.504,0.4565,,Falso,Punt Roma,PRE_SITE_QA,Verdadero,Verdadero,Verdadero,Verdadero,
STORE_RESTAURANTCASACARMEN,STORE,Restaurant Casa Carmen,DESTINATION,POI,F1,INDOOR_ENCLOSED,MALL,Falso,0.601,0.4315,,Falso,Restaurant Casa Carmen,PRE_SITE_QA,Verdadero,Verdadero,Verdadero,Verdadero,
STORE_RITUALS,STORE,Rituals,DESTINATION,POI,F0,INDOOR_ENCLOSED,MALL,Falso,0.436,0.2095,,Falso,Rituals,PRE_SITE_QA,Verdadero,Verdadero,Verdadero,Verdadero,
STORE_ROBERTOMARTIN,STORE,Roberto Martin,DESTINATION,POI,F0,INDOOR_ENCLOSED,MALL,Falso,0.435,0.3215,,Falso,Roberto Martin,PRE_SITE_QA,Verdadero,Verdadero,Verdadero,Verdadero,
STORE_RXS,STORE,RXS,DESTINATION,POI,F0,INDOOR_ENCLOSED,MALL,Falso,0.475,0.3755,,Falso,RXS,PRE_SITE_QA,Verdadero,Verdadero,Verdadero,Verdadero,
STORE_SANTOSOCHOA,STORE,Santos Ochoa,DESTINATION,POI,F0,INDOOR_ENCLOSED,MALL,Falso,0.638,0.303,,Falso,Santos Ochoa,PRE_SITE_QA,Verdadero,Verdadero,Verdadero,Verdadero,
STORE_SAXO,STORE,Saxo,DESTINATION,POI,F0,INDOOR_ENCLOSED,MALL,Falso,0.644,0.6365,,Falso,Saxo,PRE_SITE_QA,Verdadero,Verdadero,Verdadero,Verdadero,
STORE_SCOTTA,STORE,Scotta,DESTINATION,POI,F0,INDOOR_ENCLOSED,MALL,Falso,0.603,0.6505,,Falso,Scotta,PRE_SITE_QA,Verdadero,Verdadero,Verdadero,Verdadero,
STORE_SMOOY,STORE,Smooy,DESTINATION,POI,F0,INDOOR_ENCLOSED,MALL,Falso,0.434,0.3435,,Falso,Smooy,PRE_SITE_QA,Verdadero,Verdadero,Verdadero,Verdadero,
STORE_SOLOOPTICAL_E,STORE,Solooptical,DESTINATION,POI,F0,INDOOR_ENCLOSED,MALL,Falso,0.466,0.4455,,Falso,Solooptical,PRE_SITE_QA,Verdadero,Verdadero,Verdadero,Verdadero,
STORE_SOLOOPTICAL_W,STORE,Solooptical,DESTINATION,POI,F0,INDOOR_ENCLOSED,MALL,Falso,0.442,0.4595,,Falso,Solooptical,PRE_SITE_QA,Verdadero,Verdadero,Verdadero,Verdadero,
STORE_SPRINGFIELD,STORE,Springfield,DESTINATION,POI,F0,INDOOR_ENCLOSED,MALL,Falso,0.571,0.5245,,Falso,Springfield,PRE_SITE_QA,Verdadero,Verdadero,Verdadero,Verdadero,
STORE_STARBUCKS,STORE,Starbucks,DESTINATION,POI,F0,INDOOR_ENCLOSED,MALL,Falso,0.517,0.1945,,Falso,Starbucks,PRE_SITE_QA,Verdadero,Verdadero,Verdadero,Verdadero,
STORE_STRADIVARIUS,STORE,Stradivarius,DESTINATION,POI,F0,INDOOR_ENCLOSED,MALL,Falso,0.617,0.508,,Falso,Stradivarius,PRE_SITE_QA,Verdadero,Verdadero,Verdadero,Verdadero,
STORE_SUPERDRY,STORE,Superdry,DESTINATION,POI,F0,INDOOR_ENCLOSED,MALL,Falso,0.593,0.2665,,Falso,Superdry,PRE_SITE_QA,Verdadero,Verdadero,Verdadero,Verdadero,
STORE_SWAROVSKI,STORE,Swarovski,DESTINATION,POI,F0,INDOOR_ENCLOSED,MALL,Falso,0.666,0.5895,,Falso,Swarovski,PRE_SITE_QA,Verdadero,Verdadero,Verdadero,Verdadero,
STORE_TACOBELL,STORE,Taco Bell,DESTINATION,POI,F1,INDOOR_ENCLOSED,MALL,Falso,0.575,0.4819,,Falso,Taco Bell,PRE_SITE_QA,Verdadero,Verdadero,Verdadero,Verdadero,
STORE_TEASHOP,STORE,Tea Shop,DESTINATION,POI,F0,INDOOR_ENCLOSED,MALL,Falso,0.613,0.6335,,Falso,Tea Shop,PRE_SITE_QA,Verdadero,Verdadero,Verdadero,Verdadero,
STORE_TERRASSA,STORE,Terrassa,DESTINATION,POI,F0,INDOOR_ENCLOSED,MALL,Falso,0.704,0.5785,,Falso,Terrassa,PRE_SITE_QA,Verdadero,Verdadero,Verdadero,Verdadero,
STORE_THEBODYSHOP,STORE,The Body Shop,DESTINATION,POI,F0,INDOOR_ENCLOSED,MALL,Falso,0.61,0.6435,,Falso,The Body Shop,PRE_SITE_QA,Verdadero,Verdadero,Verdadero,Verdadero,
STORE_THEFITZGERALD,STORE,The Fitzgerald,DESTINATION,POI,F1,INDOOR_ENCLOSED,MALL,Falso,0.603,0.4299,,Falso,The Fitzgerald,PRE_SITE_QA,Verdadero,Verdadero,Verdadero,Verdadero,
STORE_THENORTHFACE,STORE,The North Face,DESTINATION,POI,F0,INDOOR_ENCLOSED,MALL,Falso,0.546,0.196,,Falso,The North Face,PRE_SITE_QA,Verdadero,Verdadero,Verdadero,Verdadero,
STORE_TIENDANIMAL,STORE,Tiendanimal,DESTINATION,POI,F0,INDOOR_ENCLOSED,MALL,Falso,0.448,0.2615,,Falso,Tiendanimal,PRE_SITE_QA,Verdadero,Verdadero,Verdadero,Verdadero,
STORE_TIMEROAD,STORE,Time Road,DESTINATION,POI,F0,INDOOR_ENCLOSED,MALL,Falso,0.586,0.5045,,Falso,Time Road,PRE_SITE_QA,Verdadero,Verdadero,Verdadero,Verdadero,
STORE_TOUS,STORE,Tous,DESTINATION,POI,F0,INDOOR_ENCLOSED,MALL,Falso,0.616,0.7275,,Falso,Tous,PRE_SITE_QA,Verdadero,Verdadero,Verdadero,Verdadero,
STORE_TRAMAS,STORE,Tramas,DESTINATION,POI,F0,INDOOR_ENCLOSED,MALL,Falso,0.462,0.4325,,Falso,Tramas,PRE_SITE_QA,Verdadero,Verdadero,Verdadero,Verdadero,
STORE_ULANKA,STORE,Ulanka,DESTINATION,POI,F0,INDOOR_ENCLOSED,MALL,Falso,0.46,0.4135,,Falso,Ulanka,PRE_SITE_QA,Verdadero,Verdadero,Verdadero,Verdadero,
STORE_UNKNOWN_MAYKA_FLYING,STORE,??? MAYKA/Flying,DESTINATION,POI,F0,INDOOR_ENCLOSED,MALL,Falso,0.511,0.2085,,Falso,??? MAYKA/Flying,PRE_SITE_QA,Verdadero,Verdadero,Verdadero,Verdadero,
STORE_UNKNOWN_SUNGLASSES_SMOOY,STORE,???Sunglasses/smooy,DESTINATION,POI,F0,INDOOR_ENCLOSED,MALL,Falso,0.434,0.2975,,Falso,???Sunglasses/smooy,PRE_SITE_QA,Verdadero,Verdadero,Verdadero,Verdadero,
STORE_VANS,STORE,Vans,DESTINATION,POI,F0,INDOOR_ENCLOSED,MALL,Falso,0.592,0.2685,,Falso,Vans,PRE_SITE_QA,Verdadero,Verdadero,Verdadero,Verdadero,
STORE_WOKCENTER,STORE,Wok Center,DESTINATION,POI,F1,INDOOR_ENCLOSED,MALL,Falso,0.698,0.4555,,Falso,Wok Center,PRE_SITE_QA,Verdadero,Verdadero,Verdadero,Verdadero,
STORE_WOMENSECRET,STORE,Women Secret,DESTINATION,POI,F0,INDOOR_ENCLOSED,MALL,Falso,0.586,0.5095,,Falso,Women Secret,PRE_SITE_QA,Verdadero,Verdadero,Verdadero,Verdadero,
STORE_YVESROCHER,STORE,Yves Rocher,DESTINATION,POI,F0,INDOOR_ENCLOSED,MALL,Falso,0.579,0.2575,,Falso,Yves Rocher,PRE_SITE_QA,Verdadero,Verdadero,Verdadero,Verdadero,
STORE_ZARA,STORE,Zara,DESTINATION,POI,F0,INDOOR_ENCLOSED,MALL,Falso,0.666,0.397,,Falso,Zara,PRE_SITE_QA,Verdadero,Verdadero,Verdadero,Verdadero,
STORE_ZARAHOME,STORE,Zara Home,DESTINATION,POI,F0,INDOOR_ENCLOSED,MALL,Falso,0.675,0.465,,Falso,Zara Home,PRE_SITE_QA,Verdadero,Verdadero,Verdadero,Verdadero,
STR_C_F0,STAIRS,Central Stairs,VERTICAL,TRANSPORT,F0,OUTDOOR_OPEN_AIR,MALL,Verdadero,0.6356,0.5429,,Verdadero,Central Stairs,PRE_SITE_QA,FALSE,Falso,Falso,Verdadero,
STR_C_F1,STAIRS,Central Stairs,VERTICAL,TRANSPORT,F1,OUTDOOR_OPEN_AIR,MALL,Verdadero,0.6156,0.5159,,Verdadero,Central Stairs,PRE_SITE_QA,FALSE,Falso,Falso,Verdadero,
STR_C_MAIN_B1,STAIRS,Main Entrance Stairs Inside,VERTICAL,TRANSPORT,B1,OUTDOOR_OPEN_AIR,MALL,Verdadero,0.7156,0.5619,,Verdadero,Main Entrance Stairs Inside,PRE_SITE_QA,FALSE,Falso,Falso,Verdadero,
STR_C_MAIN_F0,STAIRS,Main Entrance Stairs Inside,VERTICAL,TRANSPORT,F0,OUTDOOR_OPEN_AIR,MALL,Verdadero,0.7376,0.5739,,Verdadero,Main Entrance Stairs Inside,PRE_SITE_QA,FALSE,Falso,Falso,Verdadero,
STR_C_MAIN_OUTSIDE_N_B1,STAIRS,Main Entrance Stairs Outside,VERTICAL,TRANSPORT,B1,OUTDOOR_OPEN_AIR,MALL,Verdadero,0.7646,0.5679,,Verdadero,Main Entrance Stairs Outside,PRE_SITE_QA,FALSE,Falso,Falso,Verdadero,
STR_C_MAIN_OUTSIDE_N_F0,STAIRS,Main Entrance Stairs Outside,VERTICAL,TRANSPORT,F0,OUTDOOR_OPEN_AIR,MALL,Verdadero,0.7546,0.5599,,Verdadero,Main Entrance Stairs Outside,PRE_SITE_QA,FALSE,Falso,Falso,Verdadero,
STR_C_MAIN_OUTSIDE_S_B1,STAIRS,Main Entrance Stairs Outside,VERTICAL,TRANSPORT,B1,OUTDOOR_OPEN_AIR,MALL,Verdadero,0.7456,0.6019,,Verdadero,Main Entrance Stairs Outside,PRE_SITE_QA,FALSE,Falso,Falso,Verdadero,
STR_C_MAIN_OUTSIDE_S_F0,STAIRS,Main Entrance Stairs Outside,VERTICAL,TRANSPORT,F0,OUTDOOR_OPEN_AIR,MALL,Verdadero,0.7336,0.5939,,Verdadero,Main Entrance Stairs Outside,PRE_SITE_QA,FALSE,Falso,Falso,Verdadero,
STR_N_B1,STAIRS,North Stairs,VERTICAL,TRANSPORT,B1,OUTDOOR_OPEN_AIR,MALL,Verdadero,0.3726,0.2029,,Verdadero,North Stairs,PRE_SITE_QA,FALSE,Falso,Falso,Verdadero,
STR_N_EXIT_F0,STAIRS,North Stairs,VERTICAL,TRANSPORT,F0,OUTDOOR_OPEN_AIR,MALL,Verdadero,0.3656,0.1229,,Verdadero,North Stairs,PRE_SITE_QA,FALSE,Falso,Falso,Verdadero,
STR_N_EXIT_F1,STAIRS,North Stairs,VERTICAL,TRANSPORT,F1,OUTDOOR_OPEN_AIR,MALL,Verdadero,0.3556,0.0889,,Verdadero,North Stairs,PRE_SITE_QA,FALSE,Falso,Falso,Verdadero,
STR_N_F0,STAIRS,North Stairs,VERTICAL,TRANSPORT,F0,OUTDOOR_OPEN_AIR,MALL,Verdadero,0.3736,0.2139,,Verdadero,North Stairs,PRE_SITE_QA,FALSE,Falso,Falso,Verdadero,
STR_W_B1,STAIRS,Plaza De Las Flores,VERTICAL,TRANSPORT,B1,OUTDOOR_OPEN_AIR,MALL,Verdadero,0.5986,0.6959,,Verdadero,Plaza De Las Flores,PRE_SITE_QA,FALSE,Falso,Falso,Verdadero,
STR_W_F0,STAIRS,Plaza De Las Flores,VERTICAL,TRANSPORT,F0,OUTDOOR_OPEN_AIR,MALL,Verdadero,0.5836,0.7079,,Verdadero,Plaza De Las Flores,PRE_SITE_QA,FALSE,Falso,Falso,Verdadero,
STR_W_OUTSIDE_B1,STAIRS,West Stairs Decathlon,VERTICAL,TRANSPORT,B1,OUTDOOR_OPEN_AIR,MALL,Verdadero,0.5766,0.8739,,Verdadero,West Stairs Decathlon,PRE_SITE_QA,FALSE,Falso,Falso,Verdadero,
STR_W_OUTSIDE_F0,STAIRS,West Stairs Decathlon,VERTICAL,TRANSPORT,F0,OUTDOOR_OPEN_AIR,MALL,Verdadero,0.5766,0.8739,,Verdadero,West Stairs Decathlon,PRE_SITE_QA,FALSE,Falso,Falso,Verdadero,
STR_W1_OUTSIDE_B1,STAIRS,West Stairs Leroy Merlin,VERTICAL,TRANSPORT,B1,OUTDOOR_OPEN_AIR,MALL,Verdadero,0.3386,0.7239,,Verdadero,West Stairs Leroy Merlin,PRE_SITE_QA,FALSE,Falso,Falso,Verdadero,
STR_W1_OUTSIDE_F0,STAIRS,West Stairs Leroy Merlin,VERTICAL,TRANSPORT,F0,OUTDOOR_OPEN_AIR,MALL,Verdadero,0.3386,0.7239,,Verdadero,West Stairs Leroy Merlin,PRE_SITE_QA,FALSE,Falso,Falso,Verdadero,
TAXI_PICKUP_1,NODE,Taxi Pickup,TAXI_PICKUP,TRANSPORT,B1,OUTDOOR_OPEN_AIR,MALL,Falso,0.8456,0.5789,,Falso,Taxi Pickup,PRE_SITE_QA,Verdadero,Verdadero,Verdadero,Verdadero,
WC_C_F0,WC,Restrooms – Central,AMENITY,AMENITY,F0,OUTDOOR_OPEN_AIR,MALL,Falso,0.6416,0.4859,,Falso,Restrooms – Central,PRE_SITE_QA,Verdadero,Verdadero,Verdadero,Verdadero,
WC_C_F1,WC,Restrooms – Upper Floor,AMENITY,AMENITY,F1,OUTDOOR_OPEN_AIR,MALL,Falso,0.5946,0.4369,,Falso,Restrooms – Upper Floor,PRE_SITE_QA,Verdadero,Verdadero,Verdadero,Verdadero,
WC_N_F0,WC,Restrooms – North,AMENITY,AMENITY,F0,OUTDOOR_OPEN_AIR,MALL,Falso,0.3466,0.1259,,Falso,Restrooms – North,PRE_SITE_QA,Verdadero,Verdadero,Verdadero,Verdadero,
WC_S_F0,WC,Restrooms – South,AMENITY,AMENITY,F0,OUTDOOR_OPEN_AIR,MALL,Falso,0.6036,0.7349,,Falso,Restrooms – South,PRE_SITE_QA,Verdadero,Verdadero,Verdadero,Verdadero,