ANCHOR_ID;ANCHOR_TYPE;NAME;ANCHOR_ROLE;ANCHOR_CLASS;FLOOR;ENVIROMENT;AREA_TYPE;VERTICAL;X;Y;POLYGON;WALKABLE;NOTES;STATUS;ACCESS_WHEELCHAIR;ACCESS_STROLLER;ACCESS_LUGGAGE;PRE_SITE_QA;
ATM_F0;ATM;ATM West Banco Caja Rural;AMENITY;ATM;F0;OUTDOOR_OPEN_AIR;;FALSE;0.4926;0.7919;;FALSE;ATM West Banco Caja Rural;ACTIVE;TRUE;TRUE;TRUE;TRUE;
ATM1_F0;ATM;ATM Plaza De La Lonja;AMENITY;ATM;F0;OUTDOOR_OPEN_AIR;;FALSE;0.3626;0.1229;;FALSE;ATM Plaza De La Lonja;ACTIVE;TRUE;TRUE;TRUE;TRUE;
ATM2_F0;ATM;ATM BitBase Plaza Mayor;AMENITY;ATM;F0;OUTDOOR_OPEN_AIR;MALL;FALSE;0.7076;0.5529;;FALSE;ATM BitBase Plaza Mayor;ACTIVE;TRUE;TRUE;TRUE;TRUE;
ATM3_F0;ATM;ATM  ING Plaza De Las Flores ;AMENITY;ATM;F0;OUTDOOR_OPEN_AIR;MALL;FALSE;0.5676;0.7379;;FALSE;ATM  ING Plaza De Las Flores ;ACTIVE;TRUE;TRUE;TRUE;TRUE;
ATM4_F0;ATM;ATM Euronet Al Campo;AMENITY;ATM;F0;OUTDOOR_OPEN_AIR;MALL;FALSE;0.3926;0.3689;;FALSE;ATM Euronet Al Campo;ACTIVE;TRUE;TRUE;TRUE;TRUE;
ATM5_F0;ATM;ATM CaixaBank  Plaza De La Lonja;AMENITY;ATM;F0;OUTDOOR_OPEN_AIR;MALL;FALSE;0.3766;0.2209;;FALSE;ATM CaixaBank  Plaza De La Lonja;ACTIVE;TRUE;TRUE;TRUE;TRUE;
ATM6_F0;ATM;ATM Euronet Plaza De Las Flores;AMENITY;ATM;F0;OUTDOOR_OPEN_AIR;MALL;FALSE;0.6066;0.7389;;FALSE;ATM Euronet Plaza De Las Flores;ACTIVE;TRUE;TRUE;TRUE;TRUE;
BUS_STOP_1;NODE;Bus Stop;BUS_STOP;TRANSPORT;B1;OUTDOOR_OPEN_AIR;MALL;FALSE;0.7976;0.6579;;FALSE;Bus Stop;ACTIVE;TRUE;TRUE;TRUE;TRUE;
COR_COVERED_M1;CORRIDOR;Covered Corridor ;PATH;CORRIDOR;F0;INDOOR_ENCLOSED;MALL;FALSE;0.3666;0.2649;;TRUE;Covered Corridor ;ACTIVE;TRUE;TRUE;TRUE;FALSE;
COR_COVERED_M2;CORRIDOR;Covered Corridor ;PATH;CORRIDOR;F0;INDOOR_ENCLOSED;MALL;FALSE;0.3746;0.3009;;TRUE;Covered Corridor ;ACTIVE;TRUE;TRUE;TRUE;FALSE;
COR_COVERED_M3;CORRIDOR;Covered Corridor ;PATH;CORRIDOR;F0;INDOOR_ENCLOSED;MALL;FALSE;0.3836;0.3389;;TRUE;Covered Corridor ;ACTIVE;TRUE;TRUE;TRUE;FALSE;
COR_COVERED_M4;CORRIDOR;Covered Corridor ;PATH;CORRIDOR;F0;INDOOR_ENCLOSED;MALL;FALSE;0.3906;0.3629;;TRUE;Covered Corridor ;ACTIVE;TRUE;TRUE;TRUE;FALSE;
COR_COVERED_M5;CORRIDOR;Covered Corridor ;PATH;CORRIDOR;F0;INDOOR_ENCLOSED;MALL;FALSE;0.4006;0.4019;;TRUE;Covered Corridor ;ACTIVE;TRUE;TRUE;TRUE;FALSE;
COR_COVERED_M6;CORRIDOR;Covered Corridor ;PATH;CORRIDOR;F0;INDOOR_ENCLOSED;MALL;FALSE;0.4176;0.4569;;TRUE;Covered Corridor ;ACTIVE;TRUE;TRUE;TRUE;FALSE;
COR_COVERED_N;CORRIDOR;Covered Corridor ;PATH;CORRIDOR;F0;INDOOR_ENCLOSED;MALL;FALSE;0.3576;0.2249;;TRUE;Covered Corridor ;ACTIVE;TRUE;TRUE;TRUE;TRUE;
COR_COVERED_S;CORRIDOR;Covered Corridor ;PATH;CORRIDOR;F0;INDOOR_ENCLOSED;MALL;FALSE;0.4286;0.4899;;TRUE;Covered Corridor ;ACTIVE;TRUE;TRUE;TRUE;TRUE;
COR_EXT_E_M1;CORRIDOR;Corridor Outside East;PATH;CORRIDOR;F0;OUTDOOR_OPEN_AIR;MALL;FALSE;0.5476;0.1409;;TRUE;Corridor Outside East;ACTIVE;TRUE;TRUE;TRUE;FALSE;
COR_EXT_E_M2;CORRIDOR;Corridor Outside East;PATH;CORRIDOR;F0;OUTDOOR_OPEN_AIR;MALL;FALSE;0.6216;0.1849;;TRUE;Corridor Outside East;ACTIVE;TRUE;TRUE;TRUE;FALSE;
COR_EXT_E_M3;CORRIDOR;Corridor Outside East;PATH;CORRIDOR;F0;OUTDOOR_OPEN_AIR;MALL;FALSE;0.6676;0.2149;;TRUE;Corridor Outside East;ACTIVE;TRUE;TRUE;TRUE;FALSE;
COR_EXT_E_M4;CORRIDOR;Corridor Outside East;PATH;CORRIDOR;F0;OUTDOOR_OPEN_AIR;MALL;FALSE;0.7406;0.2669;;TRUE;Corridor Outside East;ACTIVE;TRUE;TRUE;TRUE;FALSE;
COR_EXT_E_M5;CORRIDOR;Corridor Outside East;PATH;CORRIDOR;F0;OUTDOOR_OPEN_AIR;MALL;FALSE;0.8256;0.3229;;TRUE;Corridor Outside East;ACTIVE;TRUE;TRUE;TRUE;FALSE;
COR_EXT_E_M6;CORRIDOR;Corridor Outside East;PATH;CORRIDOR;F0;OUTDOOR_OPEN_AIR;MALL;FALSE;0.8946;0.3689;;TRUE;Corridor Outside East;ACTIVE;TRUE;TRUE;TRUE;FALSE;
COR_EXT_E_M7;CORRIDOR;Corridor Outside East;PATH;CORRIDOR;F0;OUTDOOR_OPEN_AIR;MALL;FALSE;0.9526;0.4049;;TRUE;Corridor Outside East;ACTIVE;TRUE;TRUE;TRUE;FALSE;
COR_EXT_E_N;CORRIDOR;Corridor Outside East;PATH;CORRIDOR;F0;OUTDOOR_OPEN_AIR;MALL;FALSE;0.5026;0.1049;;TRUE;Corridor Outside East;ACTIVE;TRUE;TRUE;TRUE;TRUE;
COR_EXT_E_S;CORRIDOR;Corridor Outside East;PATH;CORRIDOR;F0;OUTDOOR_OPEN_AIR;MALL;FALSE;0.9720;0.4179;;TRUE;Corridor Outside East;ACTIVE;TRUE;TRUE;TRUE;TRUE;
COR_EXT_MAIN_ENTRANCE_E;CORRIDOR;Corridor Outside Main Entrance;PATH;CORRIDOR;B1;OUTDOOR_OPEN_AIR;MALL;FALSE;0.8126;0.5679;;TRUE;Corridor Outside Main Entrance;ACTIVE;TRUE;TRUE;TRUE;TRUE;
COR_EXT_MAIN_ENTRANCE_M1;CORRIDOR;Corridor Outside Main Entrance;PATH;CORRIDOR;B1;OUTDOOR_OPEN_AIR;MALL;FALSE;0.7856;0.6079;;TRUE;Corridor Outside Main Entrance;ACTIVE;TRUE;TRUE;TRUE;FALSE;
COR_EXT_MAIN_ENTRANCE_W;CORRIDOR;Corridor Outside Main Entrance;PATH;CORRIDOR;B1;OUTDOOR_OPEN_AIR;MALL;FALSE;0.7586;0.6479;;TRUE;Corridor Outside Main Entrance;ACTIVE;TRUE;TRUE;TRUE;TRUE;
COR_EXT_N_MAIN_E;CORRIDOR;Corridor Outside North Main;PATH;CORRIDOR;F1;OUTDOOR_OPEN_AIR;MALL;FALSE;0.1800;0.1019;;TRUE;Corridor Outside North Main;ACTIVE;TRUE;TRUE;TRUE;TRUE;
COR_EXT_N_MAIN_M1;CORRIDOR;Corridor Outside North Main;PATH;CORRIDOR;F1;OUTDOOR_OPEN_AIR;MALL;FALSE;0.2480;0.0869;;TRUE;Corridor Outside North Main;ACTIVE;TRUE;TRUE;TRUE;FALSE;
COR_EXT_N_MAIN_M2;CORRIDOR;Corridor Outside North Main;PATH;CORRIDOR;F1;OUTDOOR_OPEN_AIR;MALL;FALSE;0.3350;0.0669;;TRUE;Corridor Outside North Main;ACTIVE;TRUE;TRUE;TRUE;FALSE;
COR_EXT_N_MAIN_W;CORRIDOR;Corridor Outside North Main;PATH;CORRIDOR;F1;OUTDOOR_OPEN_AIR;MALL;FALSE;0.3930;0.0529;;TRUE;Corridor Outside North Main;ACTIVE;TRUE;TRUE;TRUE;TRUE;
COR_EXT_W_M1;CORRIDOR;Corridor Outside West;PATH;CORRIDOR;F0;OUTDOOR_OPEN_AIR;MALL;FALSE;0.3146;0.7269;;TRUE;Corridor Outside West;ACTIVE;TRUE;TRUE;TRUE;FALSE;
COR_EXT_W_M2;CORRIDOR;Corridor Outside West;PATH;CORRIDOR;F0;OUTDOOR_OPEN_AIR;MALL;FALSE;0.3636;0.7579;;TRUE;Corridor Outside West;ACTIVE;TRUE;TRUE;TRUE;FALSE;
COR_EXT_W_M3;CORRIDOR;Corridor Outside West;PATH;CORRIDOR;F0;OUTDOOR_OPEN_AIR;MALL;FALSE;0.4216;0.7949;;TRUE;Corridor Outside West;ACTIVE;TRUE;TRUE;TRUE;FALSE;
COR_EXT_W_M4;CORRIDOR;Corridor Outside West;PATH;CORRIDOR;F0;OUTDOOR_OPEN_AIR;MALL;FALSE;0.4916;0.8409;;TRUE;Corridor Outside West;ACTIVE;TRUE;TRUE;TRUE;FALSE;
COR_EXT_W_M5;CORRIDOR;Corridor Outside West;PATH;CORRIDOR;F0;OUTDOOR_OPEN_AIR;MALL;FALSE;0.5626;0.8869;;TRUE;Corridor Outside West;ACTIVE;TRUE;TRUE;TRUE;FALSE;
COR_EXT_W_N;CORRIDOR;Corridor Outside West;PATH;CORRIDOR;F0;OUTDOOR_OPEN_AIR;MALL;FALSE;0.2746;0.6909;;TRUE;Corridor Outside West;ACTIVE;TRUE;TRUE;TRUE;TRUE;
COR_EXT_W_S;CORRIDOR;Corridor Outside West;PATH;CORRIDOR;F0;OUTDOOR_OPEN_AIR;MALL;FALSE;0.6506;0.9279;;TRUE;Corridor Outside West;ACTIVE;TRUE;TRUE;TRUE;TRUE;
COR_MAIN_E_M1;CORRIDOR;Avenida de Mediterraneo South;PATH;CORRIDOR;F0;OUTDOOR_OPEN_AIR;MALL;FALSE;0.6646;0.4449;;TRUE;Avenida de Mediterraneo South;ACTIVE;TRUE;TRUE;TRUE;FALSE;
COR_MAIN_E_M2;CORRIDOR;Avenida de Mediterraneo South;PATH;CORRIDOR;F0;OUTDOOR_OPEN_AIR;MALL;FALSE;0.6606;0.4109;;TRUE;Avenida de Mediterraneo South;ACTIVE;TRUE;TRUE;TRUE;FALSE;
COR_MAIN_E_M3;CORRIDOR;Avenida de Mediterraneo South;PATH;CORRIDOR;F0;OUTDOOR_OPEN_AIR;MALL;FALSE;0.6536;0.3679;;TRUE;Avenida de Mediterraneo South;ACTIVE;TRUE;TRUE;TRUE;FALSE;
COR_MAIN_E_M4;CORRIDOR;Avenida de Mediterraneo South;PATH;CORRIDOR;F0;OUTDOOR_OPEN_AIR;MALL;FALSE;0.6366;0.3309;;TRUE;Avenida de Mediterraneo South;ACTIVE;TRUE;TRUE;TRUE;FALSE;
COR_MAIN_E_N;CORRIDOR;Avenida de Mediterraneo South;PATH;CORRIDOR;F0;OUTDOOR_OPEN_AIR;MALL;FALSE;0.6286;0.3139;;TRUE;Avenida de Mediterraneo South;ACTIVE;TRUE;TRUE;TRUE;TRUE;
COR_MAIN_E_S;CORRIDOR;Avenida de Mediterraneo South;PATH;CORRIDOR;F0;OUTDOOR_OPEN_AIR;MALL;FALSE;0.6646;0.4719;;TRUE;Avenida de Mediterraneo South;ACTIVE;TRUE;TRUE;TRUE;TRUE;
COR_MAIN_E1_M1;CORRIDOR;Avenida de Mediterraneo North;PATH;CORRIDOR;F0;OUTDOOR_OPEN_AIR;MALL;FALSE;0.5646;0.2369;;TRUE;Avenida de Mediterraneo North;ACTIVE;TRUE;TRUE;TRUE;FALSE;
COR_MAIN_E1_M2;CORRIDOR;Avenida de Mediterraneo North;PATH;CORRIDOR;F0;OUTDOOR_OPEN_AIR;MALL;FALSE;0.5306;0.2129;;TRUE;Avenida de Mediterraneo North;ACTIVE;TRUE;TRUE;TRUE;FALSE;
COR_MAIN_E1_M3;CORRIDOR;Avenida de Mediterraneo North;PATH;CORRIDOR;F0;OUTDOOR_OPEN_AIR;MALL;FALSE;0.4866;0.1869;;TRUE;Avenida de Mediterraneo North;ACTIVE;TRUE;TRUE;TRUE;FALSE;
COR_MAIN_E1_M4;CORRIDOR;Avenida de Mediterraneo North;PATH;CORRIDOR;F0;OUTDOOR_OPEN_AIR;MALL;FALSE;0.4416;0.1589;;TRUE;Avenida de Mediterraneo North;ACTIVE;TRUE;TRUE;TRUE;FALSE;
COR_MAIN_E1_N;CORRIDOR;Avenida de Mediterraneo North;PATH;CORRIDOR;F0;OUTDOOR_OPEN_AIR;MALL;FALSE;0.4146;0.1599;;TRUE;Avenida de Mediterraneo North;ACTIVE;TRUE;TRUE;TRUE;FALSE;
COR_MAIN_E1_S;CORRIDOR;Avenida de Mediterraneo North;PATH;CORRIDOR;F0;OUTDOOR_OPEN_AIR;MALL;FALSE;0.5866;0.2589;;TRUE;Avenida de Mediterraneo North;ACTIVE;TRUE;TRUE;TRUE;FALSE;
COR_MAIN_E2_N;CORRIDOR;Corridor East Short;PATH;CORRIDOR;F0;OUTDOOR_OPEN_AIR;MALL;FALSE;0.6506;0.2399;;TRUE;Corridor East Short;ACTIVE;TRUE;TRUE;TRUE;FALSE;
COR_MAIN_E2_S;CORRIDOR;Corridor East Short;PATH;CORRIDOR;F0;OUTDOOR_OPEN_AIR;MALL;FALSE;0.6346;0.2639;;TRUE;Corridor East Short;ACTIVE;TRUE;TRUE;TRUE;FALSE;
COR_MAIN_N_M1;CORRIDOR;Paseo del Azahar;PATH;CORRIDOR;F0;OUTDOOR_OPEN_AIR;MALL;FALSE;0.5886;0.5309;;TRUE;Paseo del Azahar;ACTIVE;TRUE;TRUE;TRUE;FALSE;
COR_MAIN_N_M2;CORRIDOR;Paseo del Azahar;PATH;CORRIDOR;F0;OUTDOOR_OPEN_AIR;MALL;FALSE;0.5666;0.5169;;TRUE;Paseo del Azahar;ACTIVE;TRUE;TRUE;TRUE;FALSE;
COR_MAIN_N_M3;CORRIDOR;Paseo del Azahar;PATH;CORRIDOR;F0;OUTDOOR_OPEN_AIR;MALL;FALSE;0.5506;0.5029;;TRUE;Paseo del Azahar;ACTIVE;TRUE;TRUE;TRUE;FALSE;
COR_MAIN_N_M4;CORRIDOR;Paseo del Azahar;PATH;CORRIDOR;F0;OUTDOOR_OPEN_AIR;MALL;FALSE;0.5306;0.4919;;TRUE;Paseo del Azahar;ACTIVE;TRUE;TRUE;TRUE;FALSE;
COR_MAIN_N_N;CORRIDOR;Paseo del Azahar;PATH;CORRIDOR;F0;OUTDOOR_OPEN_AIR;MALL;FALSE;0.4986;0.4769;;TRUE;Paseo del Azahar;ACTIVE;TRUE;TRUE;TRUE;FALSE;
COR_MAIN_N_S;CORRIDOR;Paseo del Azahar;PATH;CORRIDOR;F0;OUTDOOR_OPEN_AIR;MALL;FALSE;0.6016;0.5429;;TRUE;Paseo del Azahar;ACTIVE;TRUE;TRUE;TRUE;FALSE;
COR_MAIN_N1_M1;CORRIDOR;Paseo de la Vega;PATH;CORRIDOR;F0;OUTDOOR_OPEN_AIR;MALL;FALSE;0.4616;0.3989;;TRUE;Paseo de la Vega;ACTIVE;TRUE;TRUE;TRUE;FALSE;
COR_MAIN_N1_M2;CORRIDOR;Paseo de la Vega;PATH;CORRIDOR;F0;OUTDOOR_OPEN_AIR;MALL;FALSE;0.4486;0.3449;;TRUE;Paseo de la Vega;ACTIVE;TRUE;TRUE;TRUE;FALSE;
COR_MAIN_N1_M3;CORRIDOR;Paseo de la Vega;PATH;CORRIDOR;F0;OUTDOOR_OPEN_AIR;MALL;FALSE;0.4366;0.2939;;TRUE;Paseo de la Vega;ACTIVE;TRUE;TRUE;TRUE;FALSE;
COR_MAIN_N1_M4;CORRIDOR;Paseo de la Vega;PATH;CORRIDOR;F0;OUTDOOR_OPEN_AIR;MALL;FALSE;0.4316;0.2549;;TRUE;Paseo de la Vega;ACTIVE;TRUE;TRUE;TRUE;FALSE;
COR_MAIN_N1_N;CORRIDOR;Paseo de la Vega;PATH;CORRIDOR;F0;OUTDOOR_OPEN_AIR;MALL;FALSE;0.4226;0.2289;;TRUE;Paseo de la Vega;ACTIVE;TRUE;TRUE;TRUE;FALSE;
COR_MAIN_N1_S;CORRIDOR;Paseo de la Vega;PATH;CORRIDOR;F0;OUTDOOR_OPEN_AIR;MALL;FALSE;0.4726;0.4569;;TRUE;Paseo de la Vega;ACTIVE;TRUE;TRUE;TRUE;FALSE;
COR_MAIN_W_E;CORRIDOR;West Corridor West;PATH;CORRIDOR;F0;OUTDOOR_OPEN_AIR;MALL;FALSE;0.5626;0.7499;;TRUE;West Corridor West;ACTIVE;TRUE;TRUE;TRUE;FALSE;
COR_MAIN_W_M1;CORRIDOR;West Corridor West;PATH;CORRIDOR;F0;OUTDOOR_OPEN_AIR;MALL;FALSE;0.5326;0.7839;;TRUE;West Corridor West;ACTIVE;TRUE;TRUE;TRUE;FALSE;
COR_MAIN_W_M2;CORRIDOR;West Corridor West;PATH;CORRIDOR;F0;OUTDOOR_OPEN_AIR;MALL;FALSE;0.5546;0.7609;;TRUE;West Corridor West;ACTIVE;TRUE;TRUE;TRUE;FALSE;
COR_MAIN_W_W;CORRIDOR;West Corridor West;PATH;CORRIDOR;F0;OUTDOOR_OPEN_AIR;MALL;FALSE;0.5076;0.8119;;TRUE;West Corridor West;ACTIVE;TRUE;TRUE;TRUE;FALSE;
COR_MAIN_W1_E;CORRIDOR;West Corridor East;PATH;CORRIDOR;F0;OUTDOOR_OPEN_AIR;MALL;FALSE;0.6566;0.5879;;TRUE;West Corridor East;ACTIVE;TRUE;TRUE;TRUE;FALSE;
COR_MAIN_W1_M1;CORRIDOR;West Corridor East;PATH;CORRIDOR;F0;OUTDOOR_OPEN_AIR;MALL;FALSE;0.6146;0.6629;;TRUE;West Corridor East;ACTIVE;TRUE;TRUE;TRUE;FALSE;
COR_MAIN_W1_M2;CORRIDOR;West Corridor East;PATH;CORRIDOR;F0;OUTDOOR_OPEN_AIR;MALL;FALSE;0.6316;0.6319;;TRUE;West Corridor East;ACTIVE;TRUE;TRUE;TRUE;FALSE;
COR_MAIN_W1_W;CORRIDOR;West Corridor East;PATH;CORRIDOR;F0;OUTDOOR_OPEN_AIR;MALL;FALSE;0.5986;0.6889;;TRUE;West Corridor East;ACTIVE;TRUE;TRUE;TRUE;FALSE;
COR_PLZ_CROSS_NS_N_F0;PLAZA;Plaza Mayor Cross NS;PATH;PLAZA;F0;OUTDOOR_OPEN_AIR;MALL;FALSE;0.6666;0.4829;;TRUE;Plaza Mayor;ACTIVE;TRUE;TRUE;TRUE;FALSE;
COR_PLZ_CROSS_NS_N_M1;PLAZA;Plaza Mayor Cross NS;PATH;PLAZA;F0;OUTDOOR_OPEN_AIR;MALL;FALSE;0.6626;0.5329;;TRUE;Plaza Mayor;ACTIVE;TRUE;TRUE;TRUE;FALSE;
COR_PLZ_CROSS_NS_S_F0;PLAZA;Plaza Mayor Cross NS;PATH;PLAZA;F0;OUTDOOR_OPEN_AIR;MALL;FALSE;0.6576;0.5799;;TRUE;Plaza Mayor;ACTIVE;TRUE;TRUE;TRUE;FALSE;
COR_PLZ_CROSS_WE_W_F0;PLAZA;Plaza Mayor Cross WE;PATH;PLAZA;F0;OUTDOOR_OPEN_AIR;MALL;FALSE;0.6306;0.5599;;TRUE;Plaza Mayor;ACTIVE;TRUE;TRUE;TRUE;FALSE;
COR_PLZ_CROSS_WE_W_M1;PLAZA;Plaza Mayor Cross WE;PATH;PLAZA;F0;OUTDOOR_OPEN_AIR;MALL;FALSE;0.6626;0.5329;;TRUE;Plaza Mayor;ACTIVE;TRUE;TRUE;TRUE;FALSE;
COR_PLZ_CROSS_WE_E_F0;PLAZA;Plaza Mayor Cross WE;PATH;PLAZA;F0;OUTDOOR_OPEN_AIR;MALL;FALSE;0.7156;0.5079;;TRUE;Plaza Mayor;ACTIVE;TRUE;TRUE;TRUE;FALSE;
COR_PLZ_E_E_F0;PLAZA;Plaza de Miguel Hernandez;PATH;PLAZA;F0;OUTDOOR_OPEN_AIR;MALL;FALSE;0.6486;0.2789;;TRUE;Plaza de Miguel Hernandez;ACTIVE;TRUE;TRUE;TRUE;FALSE;
COR_PLZ_E_N_F0;PLAZA;Plaza de Miguel Hernandez;PATH;PLAZA;F0;OUTDOOR_OPEN_AIR;MALL;FALSE;0.6176;0.2589;;TRUE;Plaza de Miguel Hernandez;ACTIVE;TRUE;TRUE;TRUE;FALSE;
COR_PLZ_E_S_F0;PLAZA;Plaza de Miguel Hernandez;PATH;PLAZA;F0;OUTDOOR_OPEN_AIR;MALL;FALSE;0.6266;0.3149;;TRUE;Plaza de Miguel Hernandez;ACTIVE;TRUE;TRUE;TRUE;FALSE;
COR_PLZ_E_W_F0;PLAZA;Plaza de Miguel Hernandez;PATH;PLAZA;F0;OUTDOOR_OPEN_AIR;MALL;FALSE;0.5936;0.2929;;TRUE;Plaza de Miguel Hernandez;ACTIVE;TRUE;TRUE;TRUE;FALSE;
COR_PLZ_FC_N_E_F1;PLAZA;Food Court – North;PATH;PLAZA;F1;OUTDOOR_OPEN_AIR;MALL;FALSE;0.6466;0.4569;;TRUE;Food Court – North;ACTIVE;TRUE;TRUE;TRUE;FALSE;
COR_PLZ_FC_N_E_M1;PLAZA;Food Court – North;PATH;PLAZA;F1;OUTDOOR_OPEN_AIR;MALL;FALSE;0.6246;0.4399;;TRUE;Food Court – North;ACTIVE;TRUE;TRUE;TRUE;FALSE;
COR_PLZ_FC_N_E_M2;PLAZA;Food Court – North;PATH;PLAZA;F1;OUTDOOR_OPEN_AIR;MALL;FALSE;0.6446;0.4549;;TRUE;Food Court – North;ACTIVE;TRUE;TRUE;TRUE;FALSE;
COR_PLZ_FC_N_N_F1;PLAZA;Food Court – North;PATH;PLAZA;F1;OUTDOOR_OPEN_AIR;MALL;FALSE;0.6176;0.4309;;TRUE;Food Court – North;ACTIVE;TRUE;TRUE;TRUE;FALSE;
COR_PLZ_FC_N_N_M1;PLAZA;Food Court – North;PATH;PLAZA;F1;OUTDOOR_OPEN_AIR;MALL;FALSE;0.5776;0.4689;;TRUE;Food Court – North;ACTIVE;TRUE;TRUE;TRUE;FALSE;
COR_PLZ_FC_N_N_M2;PLAZA;Food Court – North;PATH;PLAZA;F1;OUTDOOR_OPEN_AIR;MALL;FALSE;0.5946;0.4469;;TRUE;Food Court – North;ACTIVE;TRUE;TRUE;TRUE;FALSE;
COR_PLZ_FC_N_S_F1;PLAZA;Food Court – North;PATH;PLAZA;F1;OUTDOOR_OPEN_AIR;MALL;FALSE;0.6056;0.5209;;TRUE;Food Court – North;ACTIVE;TRUE;TRUE;TRUE;FALSE;
COR_PLZ_FC_N_S_M1;PLAZA;Food Court – North;PATH;PLAZA;F1;OUTDOOR_OPEN_AIR;MALL;FALSE;0.6386;0.4789;;TRUE;Food Court – North;ACTIVE;TRUE;TRUE;TRUE;FALSE;
COR_PLZ_FC_N_S_M2;PLAZA;Food Court – North;PATH;PLAZA;F1;OUTDOOR_OPEN_AIR;MALL;FALSE;0.6256;0.4989;;TRUE;Food Court – North;ACTIVE;TRUE;TRUE;TRUE;FALSE;
COR_PLZ_FC_N_W_F1;PLAZA;Food Court – North;PATH;PLAZA;F1;OUTDOOR_OPEN_AIR;MALL;FALSE;0.5626;0.4939;;TRUE;Food Court – North;ACTIVE;TRUE;TRUE;TRUE;FALSE;
COR_PLZ_FC_N_W_M1;PLAZA;Food Court – North;PATH;PLAZA;F1;OUTDOOR_OPEN_AIR;MALL;FALSE;0.5986;0.5189;;TRUE;Food Court – North;ACTIVE;TRUE;TRUE;TRUE;FALSE;
COR_PLZ_FC_N_W_M2;PLAZA;Food Court – North;PATH;PLAZA;F1;OUTDOOR_OPEN_AIR;MALL;FALSE;0.5836;0.5079;;TRUE;Food Court – North;ACTIVE;TRUE;TRUE;TRUE;FALSE;
COR_PLZ_FC_S_E_F1;PLAZA;Food Court – South;PATH;PLAZA;F1;OUTDOOR_OPEN_AIR;MALL;FALSE;0.7836;0.5379;;TRUE;Food Court – South;ACTIVE;TRUE;TRUE;TRUE;FALSE;
COR_PLZ_FC_S_E_M1;PLAZA;Food Court – South;PATH;PLAZA;F1;OUTDOOR_OPEN_AIR;MALL;FALSE;0.7566;0.5119;;TRUE;Food Court – South;ACTIVE;TRUE;TRUE;TRUE;FALSE;
COR_PLZ_FC_S_E_M2;PLAZA;Food Court – South;PATH;PLAZA;F1;OUTDOOR_OPEN_AIR;MALL;FALSE;0.7276;0.4919;;TRUE;Food Court – South;ACTIVE;TRUE;TRUE;TRUE;FALSE;
COR_PLZ_FC_S_E_M3;PLAZA;Food Court – South;PATH;PLAZA;F1;OUTDOOR_OPEN_AIR;MALL;FALSE;0.7056;0.4739;;TRUE;Food Court – South;ACTIVE;TRUE;TRUE;TRUE;FALSE;
COR_PLZ_FC_S_N_F1;PLAZA;Food Court – South;PATH;PLAZA;F1;OUTDOOR_OPEN_AIR;MALL;FALSE;0.6876;0.4739;;TRUE;Food Court – South;ACTIVE;TRUE;TRUE;TRUE;FALSE;
COR_PLZ_FC_S_S_F1;PLAZA;Food Court – South;PATH;PLAZA;F1;OUTDOOR_OPEN_AIR;MALL;FALSE;0.7186;0.6349;;TRUE;Food Court – South;ACTIVE;TRUE;TRUE;TRUE;FALSE;
COR_PLZ_FC_S_S_M1;PLAZA;Food Court – South;PATH;PLAZA;F1;OUTDOOR_OPEN_AIR;MALL;FALSE;0.7326;0.6079;;TRUE;Food Court – South;ACTIVE;TRUE;TRUE;TRUE;FALSE;
COR_PLZ_FC_S_S_M2;PLAZA;Food Court – South;PATH;PLAZA;F1;OUTDOOR_OPEN_AIR;MALL;FALSE;0.7506;0.5889;;TRUE;Food Court – South;ACTIVE;TRUE;TRUE;TRUE;FALSE;
COR_PLZ_FC_S_S_M3;PLAZA;Food Court – South;PATH;PLAZA;F1;OUTDOOR_OPEN_AIR;MALL;FALSE;0.7656;0.5609;;TRUE;Food Court – South;ACTIVE;TRUE;TRUE;TRUE;FALSE;
COR_PLZ_FC_S_W_F1;PLAZA;Food Court – South;PATH;PLAZA;F1;OUTDOOR_OPEN_AIR;MALL;FALSE;0.5986;0.5569;;TRUE;Food Court – South;ACTIVE;TRUE;TRUE;TRUE;FALSE;
COR_PLZ_FC_S_W_M1;PLAZA;Food Court – South;PATH;PLAZA;F1;OUTDOOR_OPEN_AIR;MALL;FALSE;0.6816;0.6089;;TRUE;Food Court – South;ACTIVE;TRUE;TRUE;TRUE;FALSE;
COR_PLZ_FC_S_W_M2;PLAZA;Food Court – South;PATH;PLAZA;F1;OUTDOOR_OPEN_AIR;MALL;FALSE;0.6556;0.5849;;TRUE;Food Court – South;ACTIVE;TRUE;TRUE;TRUE;FALSE;
COR_PLZ_FC_S_W_M3;PLAZA;Food Court – South;PATH;PLAZA;F1;OUTDOOR_OPEN_AIR;MALL;FALSE;0.6226;0.5609;;TRUE;Food Court – South;ACTIVE;TRUE;TRUE;TRUE;FALSE;
COR_PLZ_MAIN_E_F0;PLAZA;Plaza Mayor;PATH;PLAZA;F0;OUTDOOR_OPEN_AIR;MALL;FALSE;0.7556;0.5419;;TRUE;Plaza Mayor;ACTIVE;TRUE;TRUE;TRUE;FALSE;
COR_PLZ_MAIN_E_M1;PLAZA;Plaza Mayor;PATH;PLAZA;F0;OUTDOOR_OPEN_AIR;MALL;FALSE;0.6236;0.5579;;TRUE;Plaza Mayor;ACTIVE;TRUE;TRUE;TRUE;FALSE;
COR_PLZ_MAIN_E_M2;PLAZA;Plaza Mayor;PATH;PLAZA;F0;OUTDOOR_OPEN_AIR;MALL;FALSE;0.6566;0.5799;;TRUE;Plaza Mayor;ACTIVE;TRUE;TRUE;TRUE;FALSE;
COR_PLZ_MAIN_E_M3;PLAZA;Plaza Mayor;PATH;PLAZA;F0;OUTDOOR_OPEN_AIR;MALL;FALSE;0.6856;0.5999;;TRUE;Plaza Mayor;ACTIVE;TRUE;TRUE;TRUE;FALSE;
COR_PLZ_MAIN_N_F0;PLAZA;Plaza Mayor;PATH;PLAZA;F0;OUTDOOR_OPEN_AIR;MALL;FALSE;0.6616;0.4849;;TRUE;Plaza Mayor;ACTIVE;TRUE;TRUE;TRUE;FALSE;
COR_PLZ_MAIN_N_M1;PLAZA;Plaza Mayor;PATH;PLAZA;F0;OUTDOOR_OPEN_AIR;MALL;FALSE;0.6166;0.5269;;TRUE;Plaza Mayor;ACTIVE;TRUE;TRUE;TRUE;FALSE;
COR_PLZ_MAIN_N_M2;PLAZA;Plaza Mayor;PATH;PLAZA;F0;OUTDOOR_OPEN_AIR;MALL;FALSE;0.6286;0.5069;;TRUE;Plaza Mayor;ACTIVE;TRUE;TRUE;TRUE;FALSE;
COR_PLZ_MAIN_N_M3;PLAZA;Plaza Mayor;PATH;PLAZA;F0;OUTDOOR_OPEN_AIR;MALL;FALSE;0.6436;0.4909;;TRUE;Plaza Mayor;ACTIVE;TRUE;TRUE;TRUE;FALSE;
COR_PLZ_MAIN_S_F0;PLAZA;Plaza Mayor;PATH;PLAZA;F0;OUTDOOR_OPEN_AIR;MALL;FALSE;0.7176;0.5999;;TRUE;Plaza Mayor;ACTIVE;TRUE;TRUE;TRUE;FALSE;
COR_PLZ_MAIN_S_M1;PLAZA;Plaza Mayor;PATH;PLAZA;F0;OUTDOOR_OPEN_AIR;MALL;FALSE;0.7286;0.5909;;TRUE;Plaza Mayor;ACTIVE;TRUE;TRUE;TRUE;FALSE;
COR_PLZ_MAIN_S_M2;PLAZA;Plaza Mayor;PATH;PLAZA;F0;OUTDOOR_OPEN_AIR;MALL;FALSE;0.7416;0.5769;;TRUE;Plaza Mayor;ACTIVE;TRUE;TRUE;TRUE;FALSE;
COR_PLZ_MAIN_S_M3;PLAZA;Plaza Mayor;PATH;PLAZA;F0;OUTDOOR_OPEN_AIR;MALL;FALSE;0.7556;0.5569;;TRUE;Plaza Mayor;ACTIVE;TRUE;TRUE;TRUE;FALSE;
COR_PLZ_MAIN_W_F0;PLAZA;Plaza Mayor;PATH;PLAZA;F0;OUTDOOR_OPEN_AIR;MALL;FALSE;0.6136;0.5439;;TRUE;Plaza Mayor;ACTIVE;TRUE;TRUE;TRUE;FALSE;
COR_PLZ_MAIN_W_M1;PLAZA;Plaza Mayor;PATH;PLAZA;F0;OUTDOOR_OPEN_AIR;MALL;FALSE;0.6856;0.4869;;TRUE;Plaza Mayor;ACTIVE;TRUE;TRUE;TRUE;FALSE;
COR_PLZ_MAIN_W_M2;PLAZA;Plaza Mayor;PATH;PLAZA;F0;OUTDOOR_OPEN_AIR;MALL;FALSE;0.7156;0.5049;;TRUE;Plaza Mayor;ACTIVE;TRUE;TRUE;TRUE;FALSE;
COR_PLZ_MAIN_W_M3;PLAZA;Plaza Mayor;PATH;PLAZA;F0;OUTDOOR_OPEN_AIR;MALL;FALSE;0.7446;0.5239;;TRUE;Plaza Mayor;ACTIVE;TRUE;TRUE;TRUE;FALSE;
COR_PLZ_N_E_F0;PLAZA;Plaza de la Lonja;PATH;PLAZA;F0;OUTDOOR_OPEN_AIR;MALL;FALSE;0.4106;0.2249;;TRUE;Plaza de la Lonja;ACTIVE;TRUE;TRUE;TRUE;FALSE;
COR_PLZ_N_N_F0;PLAZA;Plaza de la Lonja;PATH;PLAZA;F0;OUTDOOR_OPEN_AIR;MALL;FALSE;0.3876;0.1319;;TRUE;Plaza de la Lonja;ACTIVE;TRUE;TRUE;TRUE;FALSE;
COR_PLZ_N_S_F0;PLAZA;Plaza de la Lonja;PATH;PLAZA;F0;OUTDOOR_OPEN_AIR;MALL;FALSE;0.3666;0.2229;;TRUE;Plaza de la Lonja;ACTIVE;TRUE;TRUE;TRUE;FALSE;
COR_PLZ_N_W_F0;PLAZA;Plaza de la Lonja;PATH;PLAZA;F0;OUTDOOR_OPEN_AIR;MALL;FALSE;0.3516;0.1429;;TRUE;Plaza de la Lonja;ACTIVE;TRUE;TRUE;TRUE;FALSE;
COR_PLZ_S_E_F0;PLAZA;Plaza De Las Flores;PATH;PLAZA;F0;OUTDOOR_OPEN_AIR;MALL;FALSE;0.6156;0.7109;;TRUE;Plaza De Las Flores;ACTIVE;TRUE;TRUE;TRUE;FALSE;
COR_PLZ_S_N_F0;PLAZA;Plaza De Las Flores;PATH;PLAZA;F0;OUTDOOR_OPEN_AIR;MALL;FALSE;0.5776;0.6889;;TRUE;Plaza De Las Flores;ACTIVE;TRUE;TRUE;TRUE;FALSE;
COR_PLZ_S_S_F0;PLAZA;Plaza De Las Flores;PATH;PLAZA;F0;OUTDOOR_OPEN_AIR;MALL;FALSE;0.5866;0.7499;;TRUE;Plaza De Las Flores;ACTIVE;TRUE;TRUE;TRUE;FALSE;
COR_PLZ_S_W_F0;PLAZA;Plaza De Las Flores;PATH;PLAZA;F0;OUTDOOR_OPEN_AIR;MALL;FALSE;0.5516;0.7289;;TRUE;Plaza De Las Flores;ACTIVE;TRUE;TRUE;TRUE;FALSE;
COR_PLZ_STAGE_E_F0;PLAZA;Event Stage;PATH;PLAZA;F0;OUTDOOR_OPEN_AIR;MALL;FALSE;0.6656;0.5199;;TRUE;Event Stage;ACTIVE;TRUE;TRUE;TRUE;FALSE;
COR_PLZ_STAGE_N_F0;PLAZA;Event Stage;PATH;PLAZA;F0;OUTDOOR_OPEN_AIR;MALL;FALSE;0.6416;0.5009;;TRUE;Event Stage;ACTIVE;TRUE;TRUE;TRUE;FALSE;
COR_PLZ_STAGE_S_F0;PLAZA;Event Stage;PATH;PLAZA;F0;OUTDOOR_OPEN_AIR;MALL;FALSE;0.6386;0.5569;;TRUE;Event Stage;ACTIVE;TRUE;TRUE;TRUE;FALSE;
COR_PLZ_STAGE_W_F0;PLAZA;Event Stage;PATH;PLAZA;F0;OUTDOOR_OPEN_AIR;MALL;FALSE;0.6146;0.5369;;TRUE;Event Stage;ACTIVE;TRUE;TRUE;TRUE;FALSE;
COR_PLZ_W_E_F0;PLAZA;London Square;PATH;PLAZA;F0;OUTDOOR_OPEN_AIR;MALL;FALSE;0.4906;0.4729;;TRUE;London Square;ACTIVE;TRUE;TRUE;TRUE;FALSE;
COR_PLZ_W_N_F0;PLAZA;London Square;PATH;PLAZA;F0;OUTDOOR_OPEN_AIR;MALL;FALSE;0.4736;0.4579;;TRUE;London Square;ACTIVE;TRUE;TRUE;TRUE;FALSE;
COR_PLZ_W_S_F0;PLAZA;London Square;PATH;PLAZA;F0;OUTDOOR_OPEN_AIR;MALL;FALSE;0.4416;0.4969;;TRUE;London Square;ACTIVE;TRUE;TRUE;TRUE;FALSE;
COR_PLZ_W_W_F0;PLAZA;London Square;PATH;PLAZA;F0;OUTDOOR_OPEN_AIR;MALL;FALSE;0.4446;0.4769;;TRUE;London Square;ACTIVE;TRUE;TRUE;TRUE;FALSE;
ELV_C_B1;ELEVATOR;Central Elevator;VERTICAL;TRANSPORT;B1;OUTDOOR_OPEN_AIR;MALL;TRUE;0.7326;0.5909;;TRUE;Central Elevator;PRE_SITE_QA;TRUE;TRUE;TRUE;TRUE;
ELV_C_F0;ELEVATOR;Central Elevator;VERTICAL;TRANSPORT;F0;OUTDOOR_OPEN_AIR;MALL;TRUE;0.7326;0.5909;;TRUE;Central Elevator;PRE_SITE_QA;TRUE;TRUE;TRUE;TRUE;
ELV_C_F1;ELEVATOR;Central Elevator;VERTICAL;TRANSPORT;F1;OUTDOOR_OPEN_AIR;MALL;TRUE;0.7326;0.5909;;TRUE;Central Elevator;PRE_SITE_QA;TRUE;TRUE;TRUE;TRUE;
ELV_N_F0;ELEVATOR;North Elevator;VERTICAL;TRANSPORT;F0;OUTDOOR_OPEN_AIR;MALL;TRUE;0.3586;0.1209;;TRUE;North Elevator;PRE_SITE_QA;TRUE;TRUE;TRUE;TRUE;
ELV_N_F1;ELEVATOR;North Elevator;VERTICAL;TRANSPORT;F1;OUTDOOR_OPEN_AIR;MALL;TRUE;0.3586;0.1209;;TRUE;North Elevator;PRE_SITE_QA;TRUE;TRUE;TRUE;TRUE;
ELV_W_B1;ELEVATOR;West Elevator Decathlon;VERTICAL;TRANSPORT;B1;OUTDOOR_OPEN_AIR;MALL;TRUE;0.6006;0.8949;;TRUE;West Elevator Decathlon;PRE_SITE_QA;TRUE;TRUE;TRUE;TRUE;
ELV_W_F0;ELEVATOR;West Elevator Decathlon;VERTICAL;TRANSPORT;F0;OUTDOOR_OPEN_AIR;MALL;TRUE;0.6006;0.8949;;TRUE;West Elevator Decathlon;PRE_SITE_QA;TRUE;TRUE;TRUE;TRUE;
ELV_W1_B1;ELEVATOR;West Elevator Leroy Merlin;VERTICAL;TRANSPORT;B1;OUTDOOR_OPEN_AIR;MALL;TRUE;0.3706;0.7499;;TRUE;West Elevator Leroy Merlin;PRE_SITE_QA;TRUE;TRUE;TRUE;TRUE;
ELV_W1_F0;ELEVATOR;West Elevator Leroy Merlin;VERTICAL;TRANSPORT;F0;OUTDOOR_OPEN_AIR;MALL;TRUE;0.3706;0.7499;;TRUE;West Elevator Leroy Merlin;PRE_SITE_QA;TRUE;TRUE;TRUE;TRUE;
ENT_E_MAIN;ENTRANCE;East Main Entrance;ENTRY;ENTRANCE;F0;OUTDOOR_OPEN_AIR;MALL;FALSE;0.6656;0.2169;;FALSE;East Main Entrance;PRE_SITE_QA;TRUE;TRUE;TRUE;TRUE;
ENT_N_MAIN;ENTRANCE;North Main Entrance;ENTRY;ENTRANCE;F1;OUTDOOR_OPEN_AIR;MALL;FALSE;0.3560;0.0728;;FALSE;North Main Entrance;PRE_SITE_QA;TRUE;TRUE;TRUE;TRUE;
ENT_PARKING_1;ENTRANCE;Parking Entrance Main;ENTRY;ENTRANCE;B1;PARKING_GARAGE;PARKING;FALSE;0.7676;0.7109;;FALSE;Parking Entrance Main;PRE_SITE_QA;FALSE;FALSE;FALSE;TRUE;
ENT_PARKING_2;ENTRANCE;Parking Entrance West;ENTRY;ENTRANCE;B1;PARKING_GARAGE;PARKING;FALSE;0.2026;0.7989;;FALSE;Parking Entrance West;PRE_SITE_QA;FALSE;FALSE;FALSE;TRUE;
ENT_PARKING_3;ENTRANCE;Parking Entrance NE;ENTRY;ENTRANCE;B1;PARKING_GARAGE;PARKING;FALSE;0.4916;0.1069;;FALSE;Parking Entrance NE;PRE_SITE_QA;FALSE;FALSE;FALSE;TRUE;
ENT_PARKING_4;ENTRANCE;Parking Entrance SE;ENTRY;ENTRANCE;B1;PARKING_GARAGE;PARKING;FALSE;0.9970;0.3579;;FALSE;Parking Entrance SE;PRE_SITE_QA;FALSE;FALSE;FALSE;TRUE;
ENT_S_MAIN;ENTRANCE;South Main Entrance;ENTRY;ENTRANCE;B1;OUTDOOR_OPEN_AIR;MALL;FALSE;0.7726;0.5988;;FALSE;South Main Entrance;PRE_SITE_QA;TRUE;TRUE;TRUE;TRUE;
ENT_W_MAIN;ENTRANCE;West Main Entrance;ENTRY;ENTRANCE;F0;OUTDOOR_OPEN_AIR;MALL;FALSE;0.4916;0.8379;;FALSE;West Main Entrance;PRE_SITE_QA;TRUE;TRUE;TRUE;TRUE;
ESC_C_B1;ESCALATOR;Central Escalator;VERTICAL;TRANSPORT;B1;OUTDOOR_OPEN_AIR;MALL;TRUE;0.7156;0.5619;;TRUE;Central Escalator;PRE_SITE_QA;FALSE;FALSE;FALSE;TRUE;
ESC_C_F0;ESCALATOR;Central Escalator;VERTICAL;TRANSPORT;F0;OUTDOOR_OPEN_AIR;MALL;TRUE;0.7416;0.5779;;TRUE;Central Escalator;PRE_SITE_QA;FALSE;FALSE;FALSE;TRUE;
ESC_C_FC_F0;ESCALATOR;Central Escalator Foodcourt;VERTICAL;TRANSPORT;F0;OUTDOOR_OPEN_AIR;MALL;TRUE;0.6416;0.5439;;TRUE;Central Escalator Foodcourt;PRE_SITE_QA;FALSE;FALSE;FALSE;TRUE;
ESC_C_FC_F1;ESCALATOR;Central Escalator Foodcourt;VERTICAL;TRANSPORT;F1;OUTDOOR_OPEN_AIR;MALL;TRUE;0.6226;0.5149;;TRUE;Central Escalator Foodcourt;PRE_SITE_QA;FALSE;FALSE;FALSE;TRUE;
ESC_E_B1;ESCALATOR;East Escalator;VERTICAL;TRANSPORT;B1;OUTDOOR_OPEN_AIR;MALL;TRUE;0.6226;0.2839;;TRUE;East Escalator;PRE_SITE_QA;FALSE;FALSE;FALSE;TRUE;
ESC_E_F0;ESCALATOR;East Escalator;VERTICAL;TRANSPORT;F0;OUTDOOR_OPEN_AIR;MALL;TRUE;0.6276;0.2769;;TRUE;East Escalator;PRE_SITE_QA;FALSE;FALSE;FALSE;TRUE;
ESC_N_F0;ESCALATOR;North Escalator;VERTICAL;TRANSPORT;F0;OUTDOOR_OPEN_AIR;MALL;TRUE;0.3726;0.1269;;TRUE;North Escalator;PRE_SITE_QA;FALSE;FALSE;FALSE;TRUE;
ESC_N_F1;ESCALATOR;North Escalator;VERTICAL;TRANSPORT;F1;OUTDOOR_OPEN_AIR;MALL;TRUE;0.3626;0.0929;;TRUE;North Escalator;PRE_SITE_QA;FALSE;FALSE;FALSE;TRUE;
ESC_W_B1;ESCALATOR;West Escalator;VERTICAL;TRANSPORT;B1;OUTDOOR_OPEN_AIR;MALL;TRUE;0.5786;0.7219;;TRUE;West Escalator;PRE_SITE_QA;FALSE;FALSE;FALSE;TRUE;
ESC_W_F0;ESCALATOR;West Escalator;VERTICAL;TRANSPORT;F0;OUTDOOR_OPEN_AIR;MALL;TRUE;0.5676;0.7399;;TRUE;West Escalator;PRE_SITE_QA;FALSE;FALSE;FALSE;TRUE;
EV_CHARGING_1_F0;EV_CHARGING;EV Charging Station 1;AMENITY;SERVICE;F0;OUTDOOR_OPEN_AIR;MALL;FALSE;0.4330;0.8295;;FALSE;EV Charging Station 1;PRE_SITE_QA;TRUE;TRUE;TRUE;TRUE;
EV_CHARGING_2_B1;EV_CHARGING;EV Charging Station 2;AMENITY;SERVICE;B1;OUTDOOR_OPEN_AIR;MALL;FALSE;0.3676;0.6039;;FALSE;EV Charging Station 2;PRE_SITE_QA;TRUE;TRUE;TRUE;TRUE;
EXT_GAS_STATION_PARKING;POI;Gas Station;PARKING_SERVICE;SERVICE;F0;OUTDOOR_OPEN_AIR;PARKING;FALSE;0.2446;0.6809;;FALSE;Gas Station;PRE_SITE_QA;TRUE;TRUE;TRUE;TRUE;
FIRST_AID_F0;FIRST_AID;First Aid Point;AMENITY;AMENITY;F0;OUTDOOR_OPEN_AIR;MALL;FALSE;0.6176;0.5399;;FALSE;First Aid Point;PRE_SITE_QA;TRUE;TRUE;TRUE;TRUE;
INFO_MAIN_F0;INFO;Information Desk;AMENITY;AMENITY;F0;OUTDOOR_OPEN_AIR;MALL;FALSE;0.6176;0.5399;;FALSE;Information Desk;PRE_SITE_QA;TRUE;TRUE;TRUE;TRUE;
LOCKER_AMAZON_B1;LOCKER;Amazon Parcel Locker;AMENITY;AMENITY;B1;OUTDOOR_OPEN_AIR;MALL;FALSE;0.4520;0.5195;;FALSE;Amazon Parcel Locker;PRE_SITE_QA;TRUE;TRUE;TRUE;TRUE;
LOCKER_CORREOS_B1;LOCKER;Correos Parcel Locker;AMENITY;AMENITY;B1;OUTDOOR_OPEN_AIR;MALL;FALSE;0.4530;0.5215;;FALSE;Correos Parcel Locker;PRE_SITE_QA;TRUE;TRUE;TRUE;TRUE;
MALL_SHELL_LZ;SHELL;Outside Shell;BOUNDARY;SHELL;F0;OUTDOOR_OPEN_AIR;MALL;FALSE;;;;FALSE;Outside Shell;PRE_SITE_QA;FALSE;FALSE;FALSE;TRUE;
NODE_DOOR_100_MONTADITOS;STORE;100 Montaditos;NODE;DOOR;F1;OUTDOOR_OPEN_AIR;MALL;FALSE;0.7170;0.6535;;FALSE;100 Montaditos;PRE_SITE_QA;TRUE;TRUE;TRUE;TRUE;
NODE_DOOR_ADIDASORIGINALS;STORE;Adidas Originals;NODE;DOOR;F0;OUTDOOR_OPEN_AIR;MALL;FALSE;0.7350;0.5145;;FALSE;Adidas Originals;PRE_SITE_QA;TRUE;TRUE;TRUE;TRUE;
NODE_DOOR_ALCAMPO_N;STORE;Al Campo;NODE;DOOR;F0;OUTDOOR_OPEN_AIR;MALL;FALSE;0.3570;0.2490;;FALSE;Al Campo;PRE_SITE_QA;TRUE;TRUE;TRUE;TRUE;
NODE_DOOR_ALCAMPO_S;STORE;Al Campo;NODE;DOOR;F0;OUTDOOR_OPEN_AIR;MALL;FALSE;0.3800;0.3100;;FALSE;Al Campo;PRE_SITE_QA;TRUE;TRUE;TRUE;TRUE;
NODE_DOOR_ALEHOP;STORE;Ale Hop;NODE;DOOR;F0;OUTDOOR_OPEN_AIR;MALL;FALSE;0.5140;0.1790;;FALSE;Ale Hop;PRE_SITE_QA;TRUE;TRUE;TRUE;TRUE;
NODE_DOOR_ALEJOR;STORE;Alejor;NODE;DOOR;F0;OUTDOOR_OPEN_AIR;MALL;FALSE;0.4310;0.2605;;FALSE;Alejor;PRE_SITE_QA;TRUE;TRUE;TRUE;TRUE;
NODE_DOOR_AVATEL;STORE;Avatel;NODE;DOOR;F0;OUTDOOR_OPEN_AIR;MALL;FALSE;0.4300;0.4485;;FALSE;Avatel;PRE_SITE_QA;TRUE;TRUE;TRUE;TRUE;
NODE_DOOR_BANKCAJARURAL;STORE;Bank Caja Rural;NODE;DOOR;F0;OUTDOOR_OPEN_AIR;MALL;FALSE;0.4840;0.7965;;FALSE;Bank Caja Rural;PRE_SITE_QA;TRUE;TRUE;TRUE;TRUE;
NODE_DOOR_BELROS;STORE;Belros;NODE;DOOR;F0;OUTDOOR_OPEN_AIR;MALL;FALSE;0.3820;0.2330;;FALSE;Belros;PRE_SITE_QA;TRUE;TRUE;TRUE;TRUE;
NODE_DOOR_BENETTON;STORE;Benetton;NODE;DOOR;F0;OUTDOOR_OPEN_AIR;MALL;FALSE;0.6470;0.3270;;FALSE;Benetton;PRE_SITE_QA;TRUE;TRUE;TRUE;TRUE;
NODE_DOOR_BERSHKA;STORE;Bershka;NODE;DOOR;F0;OUTDOOR_OPEN_AIR;MALL;FALSE;0.5960;0.5435;;FALSE;Bershka;PRE_SITE_QA;TRUE;TRUE;TRUE;TRUE;
NODE_DOOR_BIGGERBETTERBURGER;STORE;Bigger Better Burger;NODE;DOOR;F1;OUTDOOR_OPEN_AIR;MALL;FALSE;0.7170;0.6535;;FALSE;Bigger Better Burger;PRE_SITE_QA;TRUE;TRUE;TRUE;TRUE;
NODE_DOOR_BIJOUBRIGITTE;STORE;Bijou Brigitte;NODE;DOOR;F0;OUTDOOR_OPEN_AIR;MALL;FALSE;0.6410;0.5835;;FALSE;Bijou Brigitte;PRE_SITE_QA;TRUE;TRUE;TRUE;TRUE;
NODE_DOOR_BLACK;STORE;Black;NODE;DOOR;F0;OUTDOOR_OPEN_AIR;MALL;FALSE;0.5830;0.2855;;FALSE;Black;PRE_SITE_QA;TRUE;TRUE;TRUE;TRUE;
NODE_DOOR_BOMBONBOSS;STORE;BomBon Boss;NODE;DOOR;F0;OUTDOOR_OPEN_AIR;MALL;FALSE;0.4270;0.1865;;FALSE;BomBon Boss;PRE_SITE_QA;TRUE;TRUE;TRUE;TRUE;
NODE_DOOR_BOSTON;STORE;Boston;NODE;DOOR;F0;OUTDOOR_OPEN_AIR;MALL;FALSE;0.4230;0.2865;;FALSE;Boston;PRE_SITE_QA;TRUE;TRUE;TRUE;TRUE;
NODE_DOOR_BOTTICELLI;STORE;Botticelli;NODE;DOOR;F0;OUTDOOR_OPEN_AIR;MALL;FALSE;0.6130;0.6885;;FALSE;Botticelli;PRE_SITE_QA;TRUE;TRUE;TRUE;TRUE;
NODE_DOOR_BOWLING;STORE;Bowling;NODE;DOOR;F0;OUTDOOR_OPEN_AIR;MALL;FALSE;0.7330;0.6215;;FALSE;Bowling;PRE_SITE_QA;TRUE;TRUE;TRUE;TRUE;
NODE_DOOR_CA;STORE;C&A;NODE;DOOR;F0;OUTDOOR_OPEN_AIR;MALL;FALSE;0.4600;0.3425;;FALSE;C&A;PRE_SITE_QA;TRUE;TRUE;TRUE;TRUE;
NODE_DOOR_CAFEOLE;STORE;Café Ole;NODE;DOOR;F0;OUTDOOR_OPEN_AIR;MALL;FALSE;0.7000;0.5065;;FALSE;Café Ole;PRE_SITE_QA;TRUE;TRUE;TRUE;TRUE;
NODE_DOOR_CAFETERIAEXPRE3SS;STORE;Cafeteria Expre3ss;NODE;DOOR;F0;OUTDOOR_OPEN_AIR;MALL;FALSE;0.4300;0.4915;;FALSE;Cafeteria Expre3ss;PRE_SITE_QA;TRUE;TRUE;TRUE;TRUE;
NODE_DOOR_CALZEDONIA;STORE;Calzedonia;NODE;DOOR;F0;OUTDOOR_OPEN_AIR;MALL;FALSE;0.6240;0.3300;;FALSE;Calzedonia;PRE_SITE_QA;TRUE;TRUE;TRUE;TRUE;
NODE_DOOR_CASINO;STORE;Casino Mediterraneo;NODE;DOOR;F0;OUTDOOR_OPEN_AIR;MALL;FALSE;0.9470;0.3920;;FALSE;Casino Mediterraneo;PRE_SITE_QA;TRUE;TRUE;TRUE;TRUE;
NODE_DOOR_CHE;STORE;Che;NODE;DOOR;F1;OUTDOOR_OPEN_AIR;MALL;FALSE;0.6930;0.4605;;FALSE;Che;PRE_SITE_QA;TRUE;TRUE;TRUE;TRUE;
NODE_DOOR_CLAIRES;STORE;Claire's;NODE;DOOR;F0;OUTDOOR_OPEN_AIR;MALL;FALSE;0.4930;0.4895;;FALSE;Claire's;PRE_SITE_QA;TRUE;TRUE;TRUE;TRUE;
NODE_DOOR_CONFORMA;STORE;Conforma;NODE;DOOR;F1;OUTDOOR_OPEN_AIR;MALL;FALSE;0.2350;0.0939;;FALSE;Conforma;PRE_SITE_QA;TRUE;TRUE;TRUE;TRUE;
NODE_DOOR_CONFORMA_2;STORE;Conforma;NODE;DOOR;F1;OUTDOOR_OPEN_AIR;MALL;FALSE;0.2270;0.0850;;FALSE;Conforma;PRE_SITE_QA;TRUE;TRUE;TRUE;TRUE;
NODE_DOOR_CORTEFIEL;STORE;Cortefiel;NODE;DOOR;F0;OUTDOOR_OPEN_AIR;MALL;FALSE;0.5630;0.2210;;FALSE;Cortefiel;PRE_SITE_QA;TRUE;TRUE;TRUE;TRUE;
NODE_DOOR_COSTABLANCAWOHNUNGEN;STORE;Costablanca Wohnungen;NODE;DOOR;F0;OUTDOOR_OPEN_AIR;MALL;FALSE;0.4250;0.4305;;FALSE;Costablanca Wohnungen;PRE_SITE_QA;TRUE;TRUE;TRUE;TRUE;
NODE_DOOR_DAFAVOLA;STORE;Da Favola;NODE;DOOR;F0;OUTDOOR_OPEN_AIR;MALL;FALSE;0.4070;0.3305;;FALSE;Da Favola;PRE_SITE_QA;TRUE;TRUE;TRUE;TRUE;
NODE_DOOR_DECATHLON;STORE;Decathlon;NODE;DOOR;F0;OUTDOOR_OPEN_AIR;MALL;FALSE;0.6130;0.8980;;FALSE;Decathlon;PRE_SITE_QA;TRUE;TRUE;TRUE;TRUE;
NODE_DOOR_DECIMAS;STORE;Decimas;NODE;DOOR;F0;OUTDOOR_OPEN_AIR;MALL;FALSE;0.6400;0.2470;;FALSE;Decimas;PRE_SITE_QA;TRUE;TRUE;TRUE;TRUE;
NODE_DOOR_DEICHMANN;STORE;Deichmann;NODE;DOOR;F0;OUTDOOR_OPEN_AIR;MALL;FALSE;0.4460;0.5055;;FALSE;Deichmann;PRE_SITE_QA;TRUE;TRUE;TRUE;TRUE;
NODE_DOOR_DESIGUAL;STORE;Desigual;NODE;DOOR;F0;OUTDOOR_OPEN_AIR;MALL;FALSE;0.5590;0.2485;;FALSE;Desigual;PRE_SITE_QA;TRUE;TRUE;TRUE;TRUE;
NODE_DOOR_DONDINO;STORE;Don Dino;NODE;DOOR;F1;OUTDOOR_OPEN_AIR;MALL;FALSE;0.3810;0.0610;;FALSE;Don Dino;PRE_SITE_QA;TRUE;TRUE;TRUE;TRUE;
NODE_DOOR_DRUNI;STORE;Druni;NODE;DOOR;F0;OUTDOOR_OPEN_AIR;MALL;FALSE;0.5930;0.2440;;FALSE;Druni;PRE_SITE_QA;TRUE;TRUE;TRUE;TRUE;
NODE_DOOR_ELKIOSKO;STORE;El Kiosko;NODE;DOOR;F1;OUTDOOR_OPEN_AIR;MALL;FALSE;0.5860;0.5075;;FALSE;El Kiosko;PRE_SITE_QA;TRUE;TRUE;TRUE;TRUE;
NODE_DOOR_ENCUENTRO;STORE;Encuentro;NODE;DOOR;F1;OUTDOOR_OPEN_AIR;MALL;FALSE;0.5880;0.3075;;FALSE;Encuentro;PRE_SITE_QA;TRUE;TRUE;TRUE;TRUE;
NODE_DOOR_FASHIONNAILS;STORE;Fashion Nails;NODE;DOOR;F0;OUTDOOR_OPEN_AIR;MALL;FALSE;0.4190;0.3965;;FALSE;Fashion Nails;PRE_SITE_QA;TRUE;TRUE;TRUE;TRUE;
NODE_DOOR_FIRST_AID_F0;INFO;Information Desk;AMENITY;AMENITY;F0;OUTDOOR_OPEN_AIR;MALL;FALSE;0.6176;0.5399;;FALSE;Information Desk;PRE_SITE_QA;TRUE;TRUE;TRUE;TRUE;
NODE_DOOR_FLYINGTIGER;STORE;Flying Tiger;NODE;DOOR;F0;OUTDOOR_OPEN_AIR;MALL;FALSE;0.5580;0.2465;;FALSE;Flying Tiger;PRE_SITE_QA;TRUE;TRUE;TRUE;TRUE;
NODE_DOOR_FOSTERS;STORE;Foster’s Hollywood;NODE;DOOR;F1;OUTDOOR_OPEN_AIR;MALL;FALSE;0.6180;0.5745;;FALSE;Foster’s Hollywood;PRE_SITE_QA;TRUE;TRUE;TRUE;TRUE;
NODE_DOOR_GAME;STORE;GAME;NODE;DOOR;F0;OUTDOOR_OPEN_AIR;MALL;FALSE;0.4470;0.3945;;FALSE;GAME;PRE_SITE_QA;TRUE;TRUE;TRUE;TRUE;
NODE_DOOR_GELATERIA;STORE;Gelateria Icecream;NODE;DOOR;F1;OUTDOOR_OPEN_AIR;MALL;FALSE;0.6916;0.4999;;FALSE;Gelateria Icecream;PRE_SITE_QA;TRUE;TRUE;TRUE;TRUE;
NODE_DOOR_GEOX;STORE;Geox;NODE;DOOR;F0;OUTDOOR_OPEN_AIR;MALL;FALSE;0.5600;0.7725;;FALSE;Geox;PRE_SITE_QA;TRUE;TRUE;TRUE;TRUE;
NODE_DOOR_GOLDRUSH;STORE;Goldrush;NODE;DOOR;F0;OUTDOOR_OPEN_AIR;MALL;FALSE;0.4010;0.3055;;FALSE;Goldrush;PRE_SITE_QA;TRUE;TRUE;TRUE;TRUE;
NODE_DOOR_GOURMETCAFE;STORE;Gourmet Café;NODE;DOOR;F0;OUTDOOR_OPEN_AIR;MALL;FALSE;0.5960;0.7475;;FALSE;Gourmet Café;PRE_SITE_QA;TRUE;TRUE;TRUE;TRUE;
NODE_DOOR_GRABA2;STORE;Graba 2;NODE;DOOR;F0;OUTDOOR_OPEN_AIR;MALL;FALSE;0.6136;0.6719;;FALSE;Graba 2;PRE_SITE_QA;TRUE;TRUE;TRUE;TRUE;
NODE_DOOR_GREENWICH;STORE;Greenwich;NODE;DOOR;F0;OUTDOOR_OPEN_AIR;MALL;FALSE;0.4640;0.1540;;FALSE;Greenwich;PRE_SITE_QA;TRUE;TRUE;TRUE;TRUE;
NODE_DOOR_GUESS_N;STORE;Guess;NODE;DOOR;F0;OUTDOOR_OPEN_AIR;MALL;FALSE;0.4220;0.2645;;FALSE;Guess;PRE_SITE_QA;TRUE;TRUE;TRUE;TRUE;
NODE_DOOR_GUESS_S;STORE;Guess;NODE;DOOR;F0;OUTDOOR_OPEN_AIR;MALL;FALSE;0.5920;0.6735;;FALSE;Guess;PRE_SITE_QA;TRUE;TRUE;TRUE;TRUE;
NODE_DOOR_GUESS_SS;STORE;Guess;NODE;DOOR;F0;OUTDOOR_OPEN_AIR;MALL;FALSE;0.5490;0.7865;;FALSE;Guess;PRE_SITE_QA;TRUE;TRUE;TRUE;TRUE;
NODE_DOOR_HAAGEN_DASZ;STORE;Haagen Dasz;NODE;DOOR;F0;OUTDOOR_OPEN_AIR;MALL;FALSE;0.3940;0.1715;;FALSE;Haagen Dasz;PRE_SITE_QA;TRUE;TRUE;TRUE;TRUE;
NODE_DOOR_HM_E;STORE;H&M;NODE;DOOR;F0;OUTDOOR_OPEN_AIR;MALL;FALSE;0.6360;0.3850;;FALSE;H&M;PRE_SITE_QA;TRUE;TRUE;TRUE;TRUE;
NODE_DOOR_HM_W;STORE;H&M;NODE;DOOR;F0;OUTDOOR_OPEN_AIR;MALL;FALSE;0.4710;0.4140;;FALSE;H&M;PRE_SITE_QA;TRUE;TRUE;TRUE;TRUE;
NODE_DOOR_ICECREAM;STORE;Icecream;NODE;DOOR;F0;OUTDOOR_OPEN_AIR;MALL;FALSE;0.6350;0.6245;;FALSE;Icecream;PRE_SITE_QA;TRUE;TRUE;TRUE;TRUE;
NODE_DOOR_IKEA;STORE;Ikea;NODE;DOOR;F0;OUTDOOR_OPEN_AIR;MALL;FALSE;0.4390;0.2375;;FALSE;Ikea;PRE_SITE_QA;TRUE;TRUE;TRUE;TRUE;
NODE_DOOR_INFINITYLOVE;STORE;Infinity Love;NODE;DOOR;F0;OUTDOOR_OPEN_AIR;MALL;FALSE;0.5880;0.2715;;FALSE;Infinity Love;PRE_SITE_QA;TRUE;TRUE;TRUE;TRUE;
NODE_DOOR_INSIDE;STORE;Inside;NODE;DOOR;F0;OUTDOOR_OPEN_AIR;MALL;FALSE;0.4740;0.4895;;FALSE;Inside;PRE_SITE_QA;TRUE;TRUE;TRUE;TRUE;
NODE_DOOR_IPANEMA;STORE;Ipanema;NODE;DOOR;F0;OUTDOOR_OPEN_AIR;MALL;FALSE;0.3570;0.1620;;FALSE;Ipanema;PRE_SITE_QA;TRUE;TRUE;TRUE;TRUE;
NODE_DOOR_JIJONENCA;STORE;Jijonenca Icecream;NODE;DOOR;F0;OUTDOOR_OPEN_AIR;MALL;FALSE;0.6306;0.6329;;FALSE;Jijonenca Icecream;PRE_SITE_QA;TRUE;TRUE;TRUE;TRUE;
NODE_DOOR_KEBABEXPRESS;STORE;Kebab Express;NODE;DOOR;F1;OUTDOOR_OPEN_AIR;MALL;FALSE;0.6720;0.6525;;FALSE;Kebab Express;PRE_SITE_QA;TRUE;TRUE;TRUE;TRUE;
NODE_DOOR_KIKOMILANO;STORE;KIKO Milano;NODE;DOOR;F0;OUTDOOR_OPEN_AIR;MALL;FALSE;0.6360;0.3645;;FALSE;KIKO Milano;PRE_SITE_QA;TRUE;TRUE;TRUE;TRUE;
NODE_DOOR_KOALABAY;STORE;Koala Bay;NODE;DOOR;F0;OUTDOOR_OPEN_AIR;MALL;FALSE;0.4390;0.1420;;FALSE;Koala Bay;PRE_SITE_QA;TRUE;TRUE;TRUE;TRUE;
NODE_DOOR_LA_TAGLIATELLA;STORE;La Tagliatella;NODE;DOOR;F1;OUTDOOR_OPEN_AIR;MALL;FALSE;0.7830;0.5245;;FALSE;La Tagliatella;PRE_SITE_QA;TRUE;TRUE;TRUE;TRUE;
NODE_DOOR_LASERESTETIC;STORE;Laser Estetic;NODE;DOOR;F0;OUTDOOR_OPEN_AIR;MALL;FALSE;0.3960;0.2675;;FALSE;Laser Estetic;PRE_SITE_QA;TRUE;TRUE;TRUE;TRUE;
NODE_DOOR_LEFTIES;STORE;Lefties;NODE;DOOR;F0;OUTDOOR_OPEN_AIR;MALL;FALSE;0.5370;0.5095;;FALSE;Lefties;PRE_SITE_QA;TRUE;TRUE;TRUE;TRUE;
NODE_DOOR_LEROY_MERLIN;STORE;Leroy Merlin;NODE;DOOR;F0;OUTDOOR_OPEN_AIR;MALL;FALSE;0.4010;0.7710;;FALSE;Leroy Merlin;PRE_SITE_QA;TRUE;TRUE;TRUE;TRUE;
NODE_DOOR_LEROYMERLIN_PICKUP;STORE;Leroy Merlin;NODE;DOOR;F0;OUTDOOR_OPEN_AIR;MALL;FALSE;0.2720;0.6810;;FALSE;Leroy Merlin;PRE_SITE_QA;TRUE;TRUE;TRUE;TRUE;
NODE_DOOR_LEVIS;STORE;Levi's;NODE;DOOR;F0;OUTDOOR_OPEN_AIR;MALL;FALSE;0.4340;0.2255;;FALSE;Levi's;PRE_SITE_QA;TRUE;TRUE;TRUE;TRUE;
NODE_DOOR_LIONOFPORCHES;STORE;Lion of Porches;NODE;DOOR;F0;OUTDOOR_OPEN_AIR;MALL;FALSE;0.5610;0.6945;;FALSE;Lion of Porches;PRE_SITE_QA;TRUE;TRUE;TRUE;TRUE;
NODE_DOOR_LIZARRAN;STORE;Lizarran;NODE;DOOR;F1;OUTDOOR_OPEN_AIR;MALL;FALSE;0.7690;0.5545;;FALSE;Lizarran;PRE_SITE_QA;TRUE;TRUE;TRUE;TRUE;
NODE_DOOR_LOCKER_AMAZON_B1;Locker Amazon;Amazon Parcel Locker;AMENITY;AMENITY;B1;OUTDOOR_OPEN_AIR;MALL;FALSE;0.4520;0.5195;;FALSE;Amazon Parcel Locker;PRE_SITE_QA;TRUE;TRUE;TRUE;TRUE;
NODE_DOOR_LOCKER_CORREOS_B1;Locker Correos;Correos Parcel Locker;AMENITY;AMENITY;B1;OUTDOOR_OPEN_AIR;MALL;FALSE;0.4530;0.5215;;FALSE;Correos Parcel Locker;PRE_SITE_QA;TRUE;TRUE;TRUE;TRUE;
NODE_DOOR_LOTERIA;STORE;Loteria Nacional;NODE;DOOR;F0;OUTDOOR_OPEN_AIR;MALL;FALSE;0.4216;0.4139;;FALSE;Loteria Nacional;PRE_SITE_QA;TRUE;TRUE;TRUE;TRUE;
NODE_DOOR_LOWCOST;STORE;Lowcost;NODE;DOOR;F0;OUTDOOR_OPEN_AIR;MALL;FALSE;0.5470;0.7445;;FALSE;Lowcost;PRE_SITE_QA;TRUE;TRUE;TRUE;TRUE;
NODE_DOOR_LUXENTER;STORE;Luxenter;NODE;DOOR;F0;OUTDOOR_OPEN_AIR;MALL;FALSE;0.5070;0.4905;;FALSE;Luxenter;PRE_SITE_QA;TRUE;TRUE;TRUE;TRUE;
NODE_DOOR_LUXURYFOOD;STORE;Luxury Food;NODE;DOOR;F0;OUTDOOR_OPEN_AIR;MALL;FALSE;0.6480;0.5915;;FALSE;Luxury Food;PRE_SITE_QA;TRUE;TRUE;TRUE;TRUE;
NODE_DOOR_MANGO;STORE;Mango;NODE;DOOR;F0;OUTDOOR_OPEN_AIR;MALL;FALSE;0.5890;0.2970;;FALSE;Mango;PRE_SITE_QA;TRUE;TRUE;TRUE;TRUE;
NODE_DOOR_MARVIMUNDO;STORE;Marvimundo;NODE;DOOR;F0;OUTDOOR_OPEN_AIR;MALL;FALSE;0.4530;0.3015;;FALSE;Marvimundo;PRE_SITE_QA;TRUE;TRUE;TRUE;TRUE;
NODE_DOOR_MASSIMODUTTI_N;STORE;Massimo Dutti;NODE;DOOR;F0;OUTDOOR_OPEN_AIR;MALL;FALSE;0.6490;0.4715;;FALSE;Massimo Dutti;PRE_SITE_QA;TRUE;TRUE;TRUE;TRUE;
NODE_DOOR_MASSIMODUTTI_S;STORE;Massimo Dutti;NODE;DOOR;F0;OUTDOOR_OPEN_AIR;MALL;FALSE;0.6490;0.4715;;FALSE;Massimo Dutti;PRE_SITE_QA;TRUE;TRUE;TRUE;TRUE;
NODE_DOOR_MAXCOLCHON;STORE;Maxcolchon;NODE;DOOR;F0;OUTDOOR_OPEN_AIR;MALL;FALSE;0.5470;0.7445;;FALSE;Maxcolchon;PRE_SITE_QA;TRUE;TRUE;TRUE;TRUE;
NODE_DOOR_MAXIMA;STORE;Maxima;NODE;DOOR;F0;OUTDOOR_OPEN_AIR;MALL;FALSE;0.4810;0.1630;;FALSE;Maxima;PRE_SITE_QA;TRUE;TRUE;TRUE;TRUE;
NODE_DOOR_MAYKA_N;STORE;Mayka;NODE;DOOR;F0;OUTDOOR_OPEN_AIR;MALL;FALSE;0.5160;0.2245;;FALSE;Mayka;PRE_SITE_QA;TRUE;TRUE;TRUE;TRUE;
NODE_DOOR_MAYKA_S;STORE;Mayka;NODE;DOOR;F0;OUTDOOR_OPEN_AIR;MALL;FALSE;0.6120;0.5245;;FALSE;Mayka;PRE_SITE_QA;TRUE;TRUE;TRUE;TRUE;
NODE_DOOR_ME;STORE;ME;NODE;DOOR;F0;OUTDOOR_OPEN_AIR;MALL;FALSE;0.4640;0.4065;;FALSE;ME;PRE_SITE_QA;TRUE;TRUE;TRUE;TRUE;
NODE_DOOR_MEDIAMARKT;STORE;MediaMarkt;NODE;DOOR;F0;OUTDOOR_OPEN_AIR;MALL;FALSE;0.7420;0.5180;;FALSE;MediaMarkt;PRE_SITE_QA;TRUE;TRUE;TRUE;TRUE;
NODE_DOOR_MISAKO;STORE;Misako;NODE;DOOR;F0;OUTDOOR_OPEN_AIR;MALL;FALSE;0.6290;0.2330;;FALSE;Misako;PRE_SITE_QA;TRUE;TRUE;TRUE;TRUE;
NODE_DOOR_MISTERMINT;STORE;Mister Mint;NODE;DOOR;F0;OUTDOOR_OPEN_AIR;MALL;FALSE;0.3960;0.2675;;FALSE;Mister Mint;PRE_SITE_QA;TRUE;TRUE;TRUE;TRUE;
NODE_DOOR_MR_PEOPLE;STORE;Mr. People;NODE;DOOR;F0;OUTDOOR_OPEN_AIR;MALL;FALSE;0.6450;0.6265;;FALSE;Mr. People;PRE_SITE_QA;TRUE;TRUE;TRUE;TRUE;
NODE_DOOR_MUERDELAPASTA;STORE;Muerde La Pasta;NODE;DOOR;F1;OUTDOOR_OPEN_AIR;MALL;FALSE;0.5860;0.5075;;FALSE;Muerde La Pasta;PRE_SITE_QA;TRUE;TRUE;TRUE;TRUE;
NODE_DOOR_MYTAPA;STORE;My Tapa;NODE;DOOR;F1;OUTDOOR_OPEN_AIR;MALL;FALSE;0.7690;0.5545;;FALSE;My Tapa;PRE_SITE_QA;TRUE;TRUE;TRUE;TRUE;
NODE_DOOR_NAILS;STORE;Nails;NODE;DOOR;F0;OUTDOOR_OPEN_AIR;MALL;FALSE;0.3990;0.2955;;FALSE;Nails;PRE_SITE_QA;TRUE;TRUE;TRUE;TRUE;
NODE_DOOR_NATURAGIFTSHOP;STORE;Natura Gift Shop;NODE;DOOR;F0;OUTDOOR_OPEN_AIR;MALL;FALSE;0.7590;0.5605;;FALSE;Natura Gift Shop;PRE_SITE_QA;TRUE;TRUE;TRUE;TRUE;
NODE_DOOR_NORAUTO;STORE;Norauto;NODE;DOOR;F0;OUTDOOR_OPEN_AIR;MALL;FALSE;0.7740;0.2830;;FALSE;Norauto;PRE_SITE_QA;TRUE;TRUE;TRUE;TRUE;
NODE_DOOR_OYSHO;STORE;Oysho;NODE;DOOR;F0;OUTDOOR_OPEN_AIR;MALL;FALSE;0.6900;0.4850;;FALSE;Oysho;PRE_SITE_QA;TRUE;TRUE;TRUE;TRUE;
NODE_DOOR_PACOMARTINEZ;STORE;Paco Martinez;NODE;DOOR;F0;OUTDOOR_OPEN_AIR;MALL;FALSE;0.6520;0.6095;;FALSE;Paco Martinez;PRE_SITE_QA;TRUE;TRUE;TRUE;TRUE;
NODE_DOOR_PALPELO_E;STORE;Palpelo;NODE;DOOR;F0;OUTDOOR_OPEN_AIR;MALL;FALSE;0.4040;0.2300;;FALSE;Palpelo;PRE_SITE_QA;TRUE;TRUE;TRUE;TRUE;
NODE_DOOR_PALPELO_W;STORE;Palpelo;NODE;DOOR;F0;OUTDOOR_OPEN_AIR;MALL;FALSE;0.3960;0.2675;;FALSE;Palpelo;PRE_SITE_QA;TRUE;TRUE;TRUE;TRUE;
NODE_DOOR_PANDORA;STORE;Pandora;NODE;DOOR;F0;OUTDOOR_OPEN_AIR;MALL;FALSE;0.6310;0.6025;;FALSE;Pandora;PRE_SITE_QA;TRUE;TRUE;TRUE;TRUE;
NODE_DOOR_PARFOIS;STORE;Parfois;NODE;DOOR;F0;OUTDOOR_OPEN_AIR;MALL;FALSE;0.5310;0.1840;;FALSE;Parfois;PRE_SITE_QA;TRUE;TRUE;TRUE;TRUE;
NODE_DOOR_PASGAR;STORE;Pasgar;NODE;DOOR;F0;OUTDOOR_OPEN_AIR;MALL;FALSE;0.6410;0.4825;;FALSE;Pasgar;PRE_SITE_QA;TRUE;TRUE;TRUE;TRUE;
NODE_DOOR_PEPEJEANS;STORE;Pepe Jeans;NODE;DOOR;F0;OUTDOOR_OPEN_AIR;MALL;FALSE;0.5470;0.7445;;FALSE;Pepe Jeans;PRE_SITE_QA;TRUE;TRUE;TRUE;TRUE;
NODE_DOOR_PEWTER;STORE;Pewter;NODE;DOOR;F0;OUTDOOR_OPEN_AIR;MALL;FALSE;0.5810;0.5145;;FALSE;Pewter;PRE_SITE_QA;TRUE;TRUE;TRUE;TRUE;
NODE_DOOR_PHARMACY;STORE;Pharmacy;NODE;DOOR;F0;OUTDOOR_OPEN_AIR;MALL;FALSE;0.5160;0.8070;;FALSE;Pharmacy;PRE_SITE_QA;TRUE;TRUE;TRUE;TRUE;
NODE_DOOR_POLINESIA;STORE;Polinesia;NODE;DOOR;F0;OUTDOOR_OPEN_AIR;MALL;FALSE;0.5410;0.2335;;FALSE;Polinesia;PRE_SITE_QA;TRUE;TRUE;TRUE;TRUE;
NODE_DOOR_POPEYES;STORE;Popeyes;NODE;DOOR;F1;OUTDOOR_OPEN_AIR;MALL;FALSE;0.7120;0.4685;;FALSE;Popeyes;PRE_SITE_QA;TRUE;TRUE;TRUE;TRUE;
NODE_DOOR_PRIMARK;STORE;Primark;NODE;DOOR;F0;OUTDOOR_OPEN_AIR;MALL;FALSE;0.3290;0.1500;;FALSE;Primark;PRE_SITE_QA;TRUE;TRUE;TRUE;TRUE;
NODE_DOOR_PRIMICHI;STORE;Primichi ;NODE;DOOR;F0;OUTDOOR_OPEN_AIR;MALL;FALSE;0.4960;0.1710;;FALSE;Primichi ;PRE_SITE_QA;TRUE;TRUE;TRUE;TRUE;
NODE_DOOR_PRIMOR;STORE;Primor;NODE;DOOR;F0;OUTDOOR_OPEN_AIR;MALL;FALSE;0.3870;0.1140;;FALSE;Primor;PRE_SITE_QA;TRUE;TRUE;TRUE;TRUE;
NODE_DOOR_PULLBEAR;STORE;Pull&Bear;NODE;DOOR;F0;OUTDOOR_OPEN_AIR;MALL;FALSE;0.6130;0.5510;;FALSE;Pull&Bear;PRE_SITE_QA;TRUE;TRUE;TRUE;TRUE;
NODE_DOOR_PUNTROMA;STORE;Punt Roma;NODE;DOOR;F0;OUTDOOR_OPEN_AIR;MALL;FALSE;0.4990;0.4615;;FALSE;Punt Roma;PRE_SITE_QA;TRUE;TRUE;TRUE;TRUE;
NODE_DOOR_RESTAURANTCASACARMEN;STORE;Restaurant Casa Carmen;NODE;DOOR;F1;OUTDOOR_OPEN_AIR;MALL;FALSE;0.5960;0.4365;;FALSE;Restaurant Casa Carmen;PRE_SITE_QA;TRUE;TRUE;TRUE;TRUE;
NODE_DOOR_RITUALS;STORE;Rituals;NODE;DOOR;F0;OUTDOOR_OPEN_AIR;MALL;FALSE;0.4310;0.2145;;FALSE;Rituals;PRE_SITE_QA;TRUE;TRUE;TRUE;TRUE;
NODE_DOOR_ROBERTOMARTIN;STORE;Roberto Martin;NODE;DOOR;F0;OUTDOOR_OPEN_AIR;MALL;FALSE;0.4300;0.3265;;FALSE;Roberto Martin;PRE_SITE_QA;TRUE;TRUE;TRUE;TRUE;
NODE_DOOR_RXS;STORE;RXS;NODE;DOOR;F0;OUTDOOR_OPEN_AIR;MALL;FALSE;0.4700;0.3805;;FALSE;RXS;PRE_SITE_QA;TRUE;TRUE;TRUE;TRUE;
NODE_DOOR_SANTOSOCHOA;STORE;Santos Ochoa;NODE;DOOR;F0;OUTDOOR_OPEN_AIR;MALL;FALSE;0.6330;0.3080;;FALSE;Santos Ochoa;PRE_SITE_QA;TRUE;TRUE;TRUE;TRUE;
NODE_DOOR_SAXO;STORE;Saxo;NODE;DOOR;F0;OUTDOOR_OPEN_AIR;MALL;FALSE;0.6390;0.6415;;FALSE;Saxo;PRE_SITE_QA;TRUE;TRUE;TRUE;TRUE;
NODE_DOOR_SCOTTA;STORE;Scotta;NODE;DOOR;F0;OUTDOOR_OPEN_AIR;MALL;FALSE;0.5980;0.6555;;FALSE;Scotta;PRE_SITE_QA;TRUE;TRUE;TRUE;TRUE;
NODE_DOOR_SMOOY;STORE;Smooy;NODE;DOOR;F0;OUTDOOR_OPEN_AIR;MALL;FALSE;0.4290;0.3485;;FALSE;Smooy;PRE_SITE_QA;TRUE;TRUE;TRUE;TRUE;
NODE_DOOR_SOLOOPTICAL_E;STORE;Solooptical;NODE;DOOR;F0;OUTDOOR_OPEN_AIR;MALL;FALSE;0.4610;0.4505;;FALSE;Solooptical;PRE_SITE_QA;TRUE;TRUE;TRUE;TRUE;
NODE_DOOR_SOLOOPTICAL_W;STORE;Solooptical;NODE;DOOR;F0;OUTDOOR_OPEN_AIR;MALL;FALSE;0.4370;0.4645;;FALSE;Solooptical;PRE_SITE_QA;TRUE;TRUE;TRUE;TRUE;
NODE_DOOR_SPRINGFIELD;STORE;Springfield;NODE;DOOR;F0;OUTDOOR_OPEN_AIR;MALL;FALSE;0.5660;0.5295;;FALSE;Springfield;PRE_SITE_QA;TRUE;TRUE;TRUE;TRUE;
NODE_DOOR_STARBUCKS;STORE;Starbucks;NODE;DOOR;F0;OUTDOOR_OPEN_AIR;MALL;FALSE;0.5120;0.1995;;FALSE;Starbucks;PRE_SITE_QA;TRUE;TRUE;TRUE;TRUE;
NODE_DOOR_STRADIVARIUS;STORE;Stradivarius;NODE;DOOR;F0;OUTDOOR_OPEN_AIR;MALL;FALSE;0.6120;0.5130;;FALSE;Stradivarius;PRE_SITE_QA;TRUE;TRUE;TRUE;TRUE;
NODE_DOOR_SUPERDRY;STORE;Superdry;NODE;DOOR;F0;OUTDOOR_OPEN_AIR;MALL;FALSE;0.5880;0.2715;;FALSE;Superdry;PRE_SITE_QA;TRUE;TRUE;TRUE;TRUE;
NODE_DOOR_SWAROVSKI;STORE;Swarovski;NODE;DOOR;F0;OUTDOOR_OPEN_AIR;MALL;FALSE;0.6610;0.5945;;FALSE;Swarovski;PRE_SITE_QA;TRUE;TRUE;TRUE;TRUE;
NODE_DOOR_TACOBELL;STORE;Taco Bell;NODE;DOOR;F1;OUTDOOR_OPEN_AIR;MALL;FALSE;0.5860;0.5075;;FALSE;Taco Bell;PRE_SITE_QA;TRUE;TRUE;TRUE;TRUE;
NODE_DOOR_TEASHOP;STORE;Tea Shop;NODE;DOOR;F0;OUTDOOR_OPEN_AIR;MALL;FALSE;0.6080;0.6385;;FALSE;Tea Shop;PRE_SITE_QA;TRUE;TRUE;TRUE;TRUE;
NODE_DOOR_TERRASSA;STORE;Terrassa;NODE;DOOR;F0;OUTDOOR_OPEN_AIR;MALL;FALSE;0.6990;0.5835;;FALSE;Terrassa;PRE_SITE_QA;TRUE;TRUE;TRUE;TRUE;
NODE_DOOR_THEBODYSHOP;STORE;The Body Shop;NODE;DOOR;F0;OUTDOOR_OPEN_AIR;MALL;FALSE;0.6050;0.6485;;FALSE;The Body Shop;PRE_SITE_QA;TRUE;TRUE;TRUE;TRUE;
NODE_DOOR_THEFITZGERALD;STORE;The Fitzgerald;NODE;DOOR;F1;OUTDOOR_OPEN_AIR;MALL;FALSE;0.5860;0.5075;;FALSE;The Fitzgerald;PRE_SITE_QA;TRUE;TRUE;TRUE;TRUE;
NODE_DOOR_THENORTHFACE;STORE;The North Face;NODE;DOOR;F0;OUTDOOR_OPEN_AIR;MALL;FALSE;0.5410;0.2010;;FALSE;The North Face;PRE_SITE_QA;TRUE;TRUE;TRUE;TRUE;
NODE_DOOR_TIENDANIMAL;STORE;Tiendanimal;NODE;DOOR;F0;OUTDOOR_OPEN_AIR;MALL;FALSE;0.4430;0.2665;;FALSE;Tiendanimal;PRE_SITE_QA;TRUE;TRUE;TRUE;TRUE;
NODE_DOOR_TIMEROAD;STORE;Time Road;NODE;DOOR;F0;OUTDOOR_OPEN_AIR;MALL;FALSE;0.5810;0.5145;;FALSE;Time Road;PRE_SITE_QA;TRUE;TRUE;TRUE;TRUE;
NODE_DOOR_TOUS;STORE;Tous;NODE;DOOR;F0;OUTDOOR_OPEN_AIR;MALL;FALSE;0.6110;0.7325;;FALSE;Tous;PRE_SITE_QA;TRUE;TRUE;TRUE;TRUE;
NODE_DOOR_TRAMAS;STORE;Tramas;NODE;DOOR;F0;OUTDOOR_OPEN_AIR;MALL;FALSE;0.4570;0.4375;;FALSE;Tramas;PRE_SITE_QA;TRUE;TRUE;TRUE;TRUE;
NODE_DOOR_ULANKA;STORE;Ulanka;NODE;DOOR;F0;OUTDOOR_OPEN_AIR;MALL;FALSE;0.4550;0.4185;;FALSE;Ulanka;PRE_SITE_QA;TRUE;TRUE;TRUE;TRUE;
NODE_DOOR_UNKNOWN_MAYKA_FLYING;STORE;??? MAYKA/Flying;NODE;DOOR;F0;OUTDOOR_OPEN_AIR;MALL;FALSE;0.5060;0.2135;;FALSE;??? MAYKA/Flying;PRE_SITE_QA;TRUE;TRUE;TRUE;TRUE;
NODE_DOOR_UNKNOWN_SUNGLASSES_SMOOY;STORE;???Sunglasses/smooy;NODE;DOOR;F0;OUTDOOR_OPEN_AIR;MALL;FALSE;0.4290;0.3025;;FALSE;???Sunglasses/smooy;PRE_SITE_QA;TRUE;TRUE;TRUE;TRUE;
NODE_DOOR_VANS;STORE;Vans;NODE;DOOR;F0;OUTDOOR_OPEN_AIR;MALL;FALSE;0.5870;0.2735;;FALSE;Vans;PRE_SITE_QA;TRUE;TRUE;TRUE;TRUE;
NODE_DOOR_WC_C_F0;WC;Restrooms – Central;AMENITY;AMENITY;F0;OUTDOOR_OPEN_AIR;MALL;FALSE;0.6416;0.4909;;FALSE;Restrooms – Central;PRE_SITE_QA;TRUE;TRUE;TRUE;TRUE;
NODE_DOOR_WC_C_F1;WC;Restrooms – Upper Floor;AMENITY;AMENITY;F1;OUTDOOR_OPEN_AIR;MALL;FALSE;0.5946;0.4419;;FALSE;Restrooms – Upper Floor;PRE_SITE_QA;TRUE;TRUE;TRUE;TRUE;
NODE_DOOR_WC_N_F0;WC;Restrooms – North;AMENITY;AMENITY;F0;OUTDOOR_OPEN_AIR;MALL;FALSE;0.3466;0.1309;;FALSE;Restrooms – North;PRE_SITE_QA;TRUE;TRUE;TRUE;TRUE;
NODE_DOOR_WC_S_F0;WC;Restrooms – South;AMENITY;AMENITY;F0;OUTDOOR_OPEN_AIR;MALL;FALSE;0.6036;0.7399;;FALSE;Restrooms – South;PRE_SITE_QA;TRUE;TRUE;TRUE;TRUE;
NODE_DOOR_WOKCENTER;STORE;Wok Center;NODE;DOOR;F1;OUTDOOR_OPEN_AIR;MALL;FALSE;0.6930;0.4605;;FALSE;Wok Center;PRE_SITE_QA;TRUE;TRUE;TRUE;TRUE;
NODE_DOOR_WOMENSECRET;STORE;Women Secret;NODE;DOOR;F0;OUTDOOR_OPEN_AIR;MALL;FALSE;0.5810;0.5145;;FALSE;Women Secret;PRE_SITE_QA;TRUE;TRUE;TRUE;TRUE;
NODE_DOOR_YVESROCHER;STORE;Yves Rocher;NODE;DOOR;F0;OUTDOOR_OPEN_AIR;MALL;FALSE;0.5740;0.2625;;FALSE;Yves Rocher;PRE_SITE_QA;TRUE;TRUE;TRUE;TRUE;
NODE_DOOR_ZARA;STORE;Zara;NODE;DOOR;F0;OUTDOOR_OPEN_AIR;MALL;FALSE;0.6610;0.4020;;FALSE;Zara;PRE_SITE_QA;TRUE;TRUE;TRUE;TRUE;
NODE_DOOR_ZARAHOME;STORE;Zara Home;NODE;DOOR;F0;OUTDOOR_OPEN_AIR;MALL;FALSE;0.6700;0.4700;;FALSE;Zara Home;PRE_SITE_QA;TRUE;TRUE;TRUE;TRUE;
NODE_EXT_E_ENTRANCE;NODE;Corridor Outside East;JUNCTION;EXTERIOR;F0;OUTDOOR_OPEN_AIR;MALL;FALSE;0.6646;0.2149;;TRUE;Corridor Outside East;PRE_SITE_QA;TRUE;TRUE;TRUE;TRUE;
NODE_EXT_MAIN_ENTRANCE;NODE;Corridor Outside West;JUNCTION;EXTERIOR;F0;OUTDOOR_OPEN_AIR;MALL;FALSE;0.7906;0.6129;;TRUE;Corridor Outside West;PRE_SITE_QA;TRUE;TRUE;TRUE;TRUE;
NODE_EXT_N_ENTRANCE;NODE;Corridor Outside North;JUNCTION;EXTERIOR;F1;OUTDOOR_OPEN_AIR;MALL;FALSE;0.3480;0.0669;;TRUE;Corridor Outside North;PRE_SITE_QA;TRUE;TRUE;TRUE;TRUE;
NODE_EXT_W_ENTRANCE;NODE;Corridor Outside West;JUNCTION;EXTERIOR;F0;OUTDOOR_OPEN_AIR;MALL;FALSE;0.4866;0.8339;;TRUE;Corridor Outside West;PRE_SITE_QA;TRUE;TRUE;TRUE;TRUE;
NODE_PARKING_GARAGE_LVL_B1;NODE;Parking Garage Circulation Hub;CIRCULATION;PARKING;B1;PARKING_GARAGE;PARKING;FALSE;0.5000;0.5000;;TRUE;Parking Garage Circulation Hub;PRE_SITE_QA;TRUE;TRUE;TRUE;TRUE;
NODE_PLZ_CROSS_CENTER_F0;NODE;Plaza Cross Center;JUNCTION;PLAZA;F0;OUTDOOR_OPEN_AIR;MALL;FALSE;0.6636;0.5339;;TRUE;Center node of plaza cross;PRE_SITE_QA;TRUE;TRUE;TRUE;TRUE;
PARKING_LOT_E;NODE;Outside Parking East;PARKING_OUTDOOR;PARKING;F0;OUTDOOR_OPEN_AIR;PARKING;FALSE;0.6676;0.2139;;TRUE;Outside Parking East;PRE_SITE_QA;TRUE;TRUE;TRUE;TRUE;
PARKING_LOT_N;NODE;Outside Parking North;PARKING_OUTDOOR;PARKING;F1;OUTDOOR_OPEN_AIR;PARKING;FALSE;0.3120;0.0699;;TRUE;Outside Parking North;PRE_SITE_QA;TRUE;TRUE;TRUE;TRUE;
PARKING_LOT_W;NODE;Outside Parking West;PARKING_OUTDOOR;PARKING;F0;OUTDOOR_OPEN_AIR;PARKING;FALSE;0.4886;0.8429;;TRUE;Outside Parking West;PRE_SITE_QA;TRUE;TRUE;TRUE;TRUE;
PARK_RED_ALCAMPO_B1;PARK_RED;Parking Red - Al Campo;PARK_ZONE;PARKING;B1;PARKING_GARAGE;PARKING;FALSE;0.3676;0.3508;;TRUE;Color zone;PRE_SITE_QA;TRUE;TRUE;TRUE;TRUE;
PARK_GREEN_LEROY_B1;PARK_GREEN;Parking Green – Leroy Merlin;PARK_ZONE;PARKING;B1;PARKING_GARAGE;PARKING;FALSE;0.4286;0.6558;;TRUE;Color zone ;PRE_SITE_QA;TRUE;TRUE;TRUE;TRUE;
PARK_BLUE_DECATHLON_B1;PARK_BLUE;Parking Blue – Decathlon;PARK_ZONE;PARKING;B1;PARKING_GARAGE;PARKING;FALSE;0.6826;0.7668;;TRUE;Color zone under Decathlon;PRE_SITE_QA;TRUE;TRUE;TRUE;TRUE;
PARK_PURPLE_FRONT_B1;PARK_PURPLE;Parking Purple – Front;PARK_ZONE;PARKING;B1;PARKING_GARAGE;PARKING;FALSE;0.6866;0.3628;;TRUE;Color zone ;PRE_SITE_QA;TRUE;TRUE;TRUE;TRUE;
PHARMACY_MAIN_F0;PHARMACY;Pharmacy;AMENITY;AMENITY;F0;OUTDOOR_OPEN_AIR;MALL;FALSE;0.5276;0.8109;;FALSE;Pharmacy;PRE_SITE_QA;TRUE;TRUE;TRUE;TRUE;
PLAY_KIDS_N_F0;PLAY_AREA;Children’s Play Area 3;AMENITY;AMENITY;F0;OUTDOOR_OPEN_AIR;MALL;FALSE;0.3706;0.1499;;FALSE;Children’s Play Area 3;PRE_SITE_QA;TRUE;TRUE;TRUE;TRUE;
PLAY_KIDS_S_F0;PLAY_AREA;Children’s Play Area 1;AMENITY;AMENITY;F0;OUTDOOR_OPEN_AIR;MALL;FALSE;0.6876;0.5409;;FALSE;Children’s Play Area 1;PRE_SITE_QA;TRUE;TRUE;TRUE;TRUE;
PLAY_KIDS_S_F1;PLAY_AREA;Children’s Play Area 2;AMENITY;AMENITY;F1;OUTDOOR_OPEN_AIR;MALL;FALSE;0.6240;0.4825;;FALSE;Children’s Play Area 2;PRE_SITE_QA;TRUE;TRUE;TRUE;TRUE;
PLZ_E_C_F0;PLAZA;Plaza de Miguel Hernandez;PLAZA;PLAZA;F0;OUTDOOR_OPEN_AIR;PLAZA;FALSE;0.6286;0.2679;;FALSE;Plaza de Miguel Hernandez;PRE_SITE_QA;TRUE;TRUE;TRUE;TRUE;
PLZ_FOOD_COURT_N_F1;PLAZA;Food Court – North;PLAZA;PLAZA;F1;OUTDOOR_OPEN_AIR;PLAZA;FALSE;0.6086;0.4819;;FALSE;Food Court – North;PRE_SITE_QA;TRUE;TRUE;TRUE;TRUE;
PLZ_FOOD_COURT_S_F1;PLAZA;Food Court – South;PLAZA;PLAZA;F1;OUTDOOR_OPEN_AIR;PLAZA;FALSE;0.7546;0.5899;;FALSE;Food Court – South;PRE_SITE_QA;TRUE;TRUE;TRUE;TRUE;
PLZ_MAIN_C_F0;PLAZA;Plaza Mayor;PLAZA;PLAZA;F0;OUTDOOR_OPEN_AIR;PLAZA;FALSE;0.6586;0.5269;;FALSE;Plaza Mayor;PRE_SITE_QA;TRUE;TRUE;TRUE;TRUE;
PLZ_MAIN_STAGE;PLAZA;Event Stage;AMENITY;AMENITY;F0;OUTDOOR_OPEN_AIR;PLAZA;FALSE;0.6436;0.5219;;FALSE;Event Stage;PRE_SITE_QA;TRUE;TRUE;TRUE;TRUE;
PLZ_N_C_F0;PLAZA;Plaza de la Lonja;PLAZA;PLAZA;F0;OUTDOOR_OPEN_AIR;PLAZA;FALSE;0.3686;0.1679;;FALSE;Plaza de la Lonja;PRE_SITE_QA;TRUE;TRUE;TRUE;TRUE;
PLZ_S_C_F0;PLAZA;Plaza De Las Flores;PLAZA;PLAZA;F0;OUTDOOR_OPEN_AIR;PLAZA;FALSE;0.5806;0.7169;;FALSE;Plaza De Las Flores;PRE_SITE_QA;TRUE;TRUE;TRUE;TRUE;
PLZ_W_C_F0;PLAZA;London Square;PLAZA;PLAZA;F0;OUTDOOR_OPEN_AIR;PLAZA;FALSE;0.4566;0.4799;;FALSE;London Square;PRE_SITE_QA;TRUE;TRUE;TRUE;TRUE;
RAMP_B1;RAMP;London Square Ramp;VERTICAL;TRANSPORT;B1;OUTDOOR_OPEN_AIR;MALL;TRUE;0.4456;0.5249;;TRUE;London Square Ramp;PRE_SITE_QA;TRUE;TRUE;TRUE;TRUE;
CAR_WASH_B1;CAR_WASH;Parking Garage Car Wash;CIRCULATION;PARKING;B1;PARKING_GARAGE;PARKING;FALSE;0.4816;0.5548;;TRUE;Parking Garage Car Wash;PRE_SITE_QA;TRUE;TRUE;TRUE;TRUE;
RAMP_F0;RAMP;London Square Ramp;VERTICAL;TRANSPORT;F0;OUTDOOR_OPEN_AIR;MALL;TRUE;0.4386;0.4949;;TRUE;London Square Ramp;PRE_SITE_QA;TRUE;TRUE;TRUE;TRUE;
RAMP1_B1;RAMP;Plaza de la Lonja ;VERTICAL;TRANSPORT;B1;OUTDOOR_OPEN_AIR;MALL;TRUE;0.3746;0.2009;;TRUE;Plaza de la Lonja ;PRE_SITE_QA;TRUE;TRUE;TRUE;TRUE;
RAMP1_F0;RAMP;Plaza de la Lonja ;VERTICAL;TRANSPORT;F0;OUTDOOR_OPEN_AIR;MALL;TRUE;0.3686;0.1699;;TRUE;Plaza de la Lonja ;PRE_SITE_QA;TRUE;TRUE;TRUE;TRUE;
SEATING_MAIN_F0;SEATING;Main seating;AMENITY;SEATING_AREA;F0;OUTDOOR_OPEN_AIR;MALL;FALSE;0.6476;0.4979;;FALSE;Main seating;PRE_SITE_QA;TRUE;TRUE;TRUE;TRUE;
SEATING_PLAY_KIDS_N_F0;SEATING;Kids play seating (North);AMENITY;SEATING_AREA;F0;OUTDOOR_OPEN_AIR;MALL;FALSE;0.3826;0.1489;;FALSE;Kids play seating (North);PRE_SITE_QA;TRUE;TRUE;TRUE;TRUE;
SEATING_PLAY_KIDS_S_F0;SEATING;Kids play seating (South);AMENITY;SEATING_AREA;F0;OUTDOOR_OPEN_AIR;MALL;FALSE;0.7116;0.5819;;FALSE;Kids play seating (South);PRE_SITE_QA;TRUE;TRUE;TRUE;TRUE;
SEATING_PLAY_KIDS_S_F1;SEATING;Kids play seating (South);AMENITY;SEATING_AREA;F1;OUTDOOR_OPEN_AIR;MALL;FALSE;0.6316;0.4729;;FALSE;Kids play seating (South);PRE_SITE_QA;TRUE;TRUE;TRUE;TRUE;
SHORTCUT_HM_E_F0;Shortcut H&M;H&M Shortcut – East;SHORTCUT;AMENITY;F0;OUTDOOR_OPEN_AIR;MALL;TRUE;0.6360;0.3850;;TRUE;H&M Shortcut – East;PRE_SITE_QA;TRUE;TRUE;TRUE;TRUE;
SHORTCUT_HM_W_F0;Shortcut H&M;H&M Shortcut – West;SHORTCUT;AMENITY;F0;OUTDOOR_OPEN_AIR;MALL;TRUE;0.4710;0.4140;;TRUE;H&M Shortcut – West;PRE_SITE_QA;TRUE;TRUE;TRUE;TRUE;
STORE_100_MONTADITOS;STORE;100 Montaditos;DESTINATION;POI;F1;INDOOR_ENCLOSED;MALL;FALSE;0.7220;0.6535;;FALSE;100 Montaditos;PRE_SITE_QA;TRUE;TRUE;TRUE;TRUE;
STORE_ADIDASORIGINALS;STORE;Adidas Originals;DESTINATION;POI;F0;INDOOR_ENCLOSED;MALL;FALSE;0.7400;0.5145;;FALSE;Adidas Originals;PRE_SITE_QA;TRUE;TRUE;TRUE;TRUE;
STORE_ALCAMPO_N;STORE;Al Campo;DESTINATION;POI;F0;INDOOR_ENCLOSED;MALL;FALSE;0.3620;0.2490;;FALSE;Al Campo;PRE_SITE_QA;TRUE;TRUE;TRUE;TRUE;
STORE_ALCAMPO_S;STORE;Al Campo;DESTINATION;POI;F0;INDOOR_ENCLOSED;MALL;FALSE;0.3850;0.3100;;FALSE;Al Campo;PRE_SITE_QA;TRUE;TRUE;TRUE;TRUE;
STORE_ALEHOP;STORE;Ale Hop;DESTINATION;POI;F0;INDOOR_ENCLOSED;MALL;FALSE;0.5190;0.1790;;FALSE;Ale Hop;PRE_SITE_QA;TRUE;TRUE;TRUE;TRUE;
STORE_ALEJOR;STORE;Alejor;DESTINATION;POI;F0;INDOOR_ENCLOSED;MALL;FALSE;0.4360;0.2605;;FALSE;Alejor;PRE_SITE_QA;TRUE;TRUE;TRUE;TRUE;
STORE_AVATEL;STORE;Avatel;DESTINATION;POI;F0;INDOOR_ENCLOSED;MALL;FALSE;0.4350;0.4485;;FALSE;Avatel;PRE_SITE_QA;TRUE;TRUE;TRUE;TRUE;
STORE_BANKCAJARURAL;STORE;Bank Caja Rural;DESTINATION;POI;F0;INDOOR_ENCLOSED;MALL;FALSE;0.4890;0.7965;;FALSE;Bank Caja Rural;PRE_SITE_QA;TRUE;TRUE;TRUE;TRUE;
STORE_BELROS;STORE;Belros;DESTINATION;POI;F0;INDOOR_ENCLOSED;MALL;FALSE;0.3870;0.2330;;FALSE;Belros;PRE_SITE_QA;TRUE;TRUE;TRUE;TRUE;
STORE_BENETTON;STORE;Benetton;DESTINATION;POI;F0;INDOOR_ENCLOSED;MALL;FALSE;0.6520;0.3270;;FALSE;Benetton;PRE_SITE_QA;TRUE;TRUE;TRUE;TRUE;
STORE_BERSHKA;STORE;Bershka;DESTINATION;POI;F0;INDOOR_ENCLOSED;MALL;FALSE;0.6010;0.5435;;FALSE;Bershka;PRE_SITE_QA;TRUE;TRUE;TRUE;TRUE;
STORE_BIGGERBETTERBURGER;STORE;Bigger Better Burger;DESTINATION;POI;F1;INDOOR_ENCLOSED;MALL;FALSE;0.7220;0.6535;;FALSE;Bigger Better Burger;PRE_SITE_QA;TRUE;TRUE;TRUE;TRUE;
STORE_BIJOUBRIGITTE;STORE;Bijou Brigitte;DESTINATION;POI;F0;INDOOR_ENCLOSED;MALL;FALSE;0.6460;0.5835;;FALSE;Bijou Brigitte;PRE_SITE_QA;TRUE;TRUE;TRUE;TRUE;
STORE_BLACK;STORE;Black;DESTINATION;POI;F0;INDOOR_ENCLOSED;MALL;FALSE;0.5880;0.2855;;FALSE;Black;PRE_SITE_QA;TRUE;TRUE;TRUE;TRUE;
STORE_BOMBONBOSS;STORE;BomBon Boss;DESTINATION;POI;F0;INDOOR_ENCLOSED;MALL;FALSE;0.4320;0.1865;;FALSE;BomBon Boss;PRE_SITE_QA;TRUE;TRUE;TRUE;TRUE;
STORE_BOSTON;STORE;Boston;DESTINATION;POI;F0;INDOOR_ENCLOSED;MALL;FALSE;0.4280;0.2865;;FALSE;Boston;PRE_SITE_QA;TRUE;TRUE;TRUE;TRUE;
STORE_BOTTICELLI;STORE;Botticelli;DESTINATION;POI;F0;INDOOR_ENCLOSED;MALL;FALSE;0.6180;0.6885;;FALSE;Botticelli;PRE_SITE_QA;TRUE;TRUE;TRUE;TRUE;
STORE_BOWLING;STORE;Bowling;DESTINATION;POI;F0;INDOOR_ENCLOSED;MALL;FALSE;0.7380;0.6215;;FALSE;Bowling;PRE_SITE_QA;TRUE;TRUE;TRUE;TRUE;
STORE_CA;STORE;C&A;DESTINATION;POI;F0;INDOOR_ENCLOSED;MALL;FALSE;0.4650;0.3425;;FALSE;C&A;PRE_SITE_QA;TRUE;TRUE;TRUE;TRUE;
STORE_CAFEOLE;STORE;Café Ole;DESTINATION;POI;F0;INDOOR_ENCLOSED;MALL;FALSE;0.7050;0.5065;;FALSE;Café Ole;PRE_SITE_QA;TRUE;TRUE;TRUE;TRUE;
STORE_CAFETERIAEXPRE3SS;STORE;Cafeteria Expre3ss;DESTINATION;POI;F0;INDOOR_ENCLOSED;MALL;FALSE;0.4350;0.4915;;FALSE;Cafeteria Expre3ss;PRE_SITE_QA;TRUE;TRUE;TRUE;TRUE;
STORE_CALZEDONIA;STORE;Calzedonia;DESTINATION;POI;F0;INDOOR_ENCLOSED;MALL;FALSE;0.6290;0.3300;;FALSE;Calzedonia;PRE_SITE_QA;TRUE;TRUE;TRUE;TRUE;
STORE_CASINO;STORE;Casino Mediterraneo;DESTINATION;POI;F0;INDOOR_ENCLOSED;MALL;FALSE;0.9520;0.3920;;FALSE;Casino Mediterraneo;PRE_SITE_QA;TRUE;TRUE;TRUE;TRUE;
STORE_CHE;STORE;Che;DESTINATION;POI;F1;INDOOR_ENCLOSED;MALL;FALSE;0.6980;0.4605;;FALSE;Che;PRE_SITE_QA;TRUE;TRUE;TRUE;TRUE;
STORE_CLAIRES;STORE;Claire's;DESTINATION;POI;F0;INDOOR_ENCLOSED;MALL;FALSE;0.4980;0.4895;;FALSE;Claire's;PRE_SITE_QA;TRUE;TRUE;TRUE;TRUE;
STORE_CONFORMA;STORE;Conforma;DESTINATION;POI;F1;INDOOR_ENCLOSED;MALL;FALSE;0.2400;0.0939;;FALSE;Conforma;PRE_SITE_QA;TRUE;TRUE;TRUE;TRUE;
STORE_CONFORMA_2;STORE;Conforma;DESTINATION;POI;F1;INDOOR_ENCLOSED;MALL;FALSE;0.2320;0.0850;;FALSE;Conforma;PRE_SITE_QA;TRUE;TRUE;TRUE;TRUE;
STORE_CORTEFIEL;STORE;Cortefiel;DESTINATION;POI;F0;INDOOR_ENCLOSED;MALL;FALSE;0.5680;0.2210;;FALSE;Cortefiel;PRE_SITE_QA;TRUE;TRUE;TRUE;TRUE;
STORE_COSTABLANCAWOHNUNGEN;STORE;Costablanca Wohnungen;DESTINATION;POI;F0;INDOOR_ENCLOSED;MALL;FALSE;0.4300;0.4305;;FALSE;Costablanca Wohnungen;PRE_SITE_QA;TRUE;TRUE;TRUE;TRUE;
STORE_DAFAVOLA;STORE;Da Favola;DESTINATION;POI;F0;INDOOR_ENCLOSED;MALL;FALSE;0.4120;0.3305;;FALSE;Da Favola;PRE_SITE_QA;TRUE;TRUE;TRUE;TRUE;
STORE_DECATHLON;STORE;Decathlon;DESTINATION;POI;F0;INDOOR_ENCLOSED;MALL;FALSE;0.6180;0.8980;;FALSE;Decathlon;PRE_SITE_QA;TRUE;TRUE;TRUE;TRUE;
STORE_DECIMAS;STORE;Decimas;DESTINATION;POI;F0;INDOOR_ENCLOSED;MALL;FALSE;0.6450;0.2470;;FALSE;Decimas;PRE_SITE_QA;TRUE;TRUE;TRUE;TRUE;
STORE_DEICHMANN;STORE;Deichmann;DESTINATION;POI;F0;INDOOR_ENCLOSED;MALL;FALSE;0.4510;0.5055;;FALSE;Deichmann;PRE_SITE_QA;TRUE;TRUE;TRUE;TRUE;
STORE_DESIGUAL;STORE;Desigual;DESTINATION;POI;F0;INDOOR_ENCLOSED;MALL;FALSE;0.5640;0.2485;;FALSE;Desigual;PRE_SITE_QA;TRUE;TRUE;TRUE;TRUE;
STORE_DONDINO;STORE;Don Dino;DESTINATION;POI;F1;INDOOR_ENCLOSED;MALL;FALSE;0.3860;0.0610;;FALSE;Don Dino;PRE_SITE_QA;TRUE;TRUE;TRUE;TRUE;
STORE_DRUNI;STORE;Druni;DESTINATION;POI;F0;INDOOR_ENCLOSED;MALL;FALSE;0.5980;0.2440;;FALSE;Druni;PRE_SITE_QA;TRUE;TRUE;TRUE;TRUE;
STORE_ELKIOSKO;STORE;El Kiosko;DESTINATION;POI;F1;INDOOR_ENCLOSED;MALL;FALSE;0.5910;0.5075;;FALSE;El Kiosko;PRE_SITE_QA;TRUE;TRUE;TRUE;TRUE;
STORE_ENCUENTRO;STORE;Encuentro;DESTINATION;POI;F1;INDOOR_ENCLOSED;MALL;FALSE;0.5930;0.3075;;FALSE;Encuentro;PRE_SITE_QA;TRUE;TRUE;TRUE;TRUE;
STORE_FASHIONNAILS;STORE;Fashion Nails;DESTINATION;POI;F0;INDOOR_ENCLOSED;MALL;FALSE;0.4240;0.3965;;FALSE;Fashion Nails;PRE_SITE_QA;TRUE;TRUE;TRUE;TRUE;
STORE_FLYINGTIGER;STORE;Flying Tiger;DESTINATION;POI;F0;INDOOR_ENCLOSED;MALL;FALSE;0.5630;0.2465;;FALSE;Flying Tiger;PRE_SITE_QA;TRUE;TRUE;TRUE;TRUE;
STORE_FOSTERS;STORE;Foster’s Hollywood;DESTINATION;POI;F1;INDOOR_ENCLOSED;MALL;FALSE;0.6230;0.5745;;FALSE;Foster’s Hollywood;PRE_SITE_QA;TRUE;TRUE;TRUE;TRUE;
STORE_GAME;STORE;GAME;DESTINATION;POI;F0;INDOOR_ENCLOSED;MALL;FALSE;0.4520;0.3945;;FALSE;GAME;PRE_SITE_QA;TRUE;TRUE;TRUE;TRUE;
STORE_GELATERIA;STORE;Gelateria Icecream;DESTINATION;POI;F1;INDOOR_ENCLOSED;MALL;FALSE;0.6966;0.4999;;FALSE;Gelateria Icecream;PRE_SITE_QA;TRUE;TRUE;TRUE;TRUE;
STORE_GEOX;STORE;Geox;DESTINATION;POI;F0;INDOOR_ENCLOSED;MALL;FALSE;0.5650;0.7725;;FALSE;Geox;PRE_SITE_QA;TRUE;TRUE;TRUE;TRUE;
STORE_GOLDRUSH;STORE;Goldrush;DESTINATION;POI;F0;INDOOR_ENCLOSED;MALL;FALSE;0.4060;0.3055;;FALSE;Goldrush;PRE_SITE_QA;TRUE;TRUE;TRUE;TRUE;
STORE_GOURMETCAFE;STORE;Gourmet Café;DESTINATION;POI;F0;INDOOR_ENCLOSED;MALL;FALSE;0.6010;0.7475;;FALSE;Gourmet Café;PRE_SITE_QA;TRUE;TRUE;TRUE;TRUE;
STORE_GRABA2;STORE;Graba 2;DESTINATION;POI;F0;INDOOR_ENCLOSED;MALL;FALSE;0.6186;0.6719;;FALSE;Graba 2;PRE_SITE_QA;TRUE;TRUE;TRUE;TRUE;
STORE_GREENWICH;STORE;Greenwich;DESTINATION;POI;F0;INDOOR_ENCLOSED;MALL;FALSE;0.4690;0.1540;;FALSE;Greenwich;PRE_SITE_QA;TRUE;TRUE;TRUE;TRUE;
STORE_GUESS_N;STORE;Guess;DESTINATION;POI;F0;INDOOR_ENCLOSED;MALL;FALSE;0.4270;0.2645;;FALSE;Guess;PRE_SITE_QA;TRUE;TRUE;TRUE;TRUE;
STORE_GUESS_S;STORE;Guess;DESTINATION;POI;F0;INDOOR_ENCLOSED;MALL;FALSE;0.5970;0.6735;;FALSE;Guess;PRE_SITE_QA;TRUE;TRUE;TRUE;TRUE;
STORE_GUESS_SS;STORE;Guess;DESTINATION;POI;F0;INDOOR_ENCLOSED;MALL;FALSE;0.5540;0.7865;;FALSE;Guess;PRE_SITE_QA;TRUE;TRUE;TRUE;TRUE;
STORE_HAAGEN_DASZ;STORE;Haagen Dasz;DESTINATION;POI;F0;INDOOR_ENCLOSED;MALL;FALSE;0.3990;0.1715;;FALSE;Haagen Dasz;PRE_SITE_QA;TRUE;TRUE;TRUE;TRUE;
STORE_HM_E;STORE;H&M;DESTINATION;POI;F0;INDOOR_ENCLOSED;MALL;FALSE;0.6410;0.3850;;FALSE;H&M;PRE_SITE_QA;TRUE;TRUE;TRUE;TRUE;
STORE_HM_W;STORE;H&M;DESTINATION;POI;F0;INDOOR_ENCLOSED;MALL;FALSE;0.4760;0.4140;;FALSE;H&M;PRE_SITE_QA;TRUE;TRUE;TRUE;TRUE;
STORE_ICECREAM;STORE;Icecream;DESTINATION;POI;F0;INDOOR_ENCLOSED;MALL;FALSE;0.6400;0.6245;;FALSE;Icecream;PRE_SITE_QA;TRUE;TRUE;TRUE;TRUE;
STORE_IKEA;STORE;Ikea;DESTINATION;POI;F0;INDOOR_ENCLOSED;MALL;FALSE;0.4440;0.2375;;FALSE;Ikea;PRE_SITE_QA;TRUE;TRUE;TRUE;TRUE;
STORE_INFINITYLOVE;STORE;Infinity Love;DESTINATION;POI;F0;INDOOR_ENCLOSED;MALL;FALSE;0.5930;0.2715;;FALSE;Infinity Love;PRE_SITE_QA;TRUE;TRUE;TRUE;TRUE;
STORE_INSIDE;STORE;Inside;DESTINATION;POI;F0;INDOOR_ENCLOSED;MALL;FALSE;0.4790;0.4895;;FALSE;Inside;PRE_SITE_QA;TRUE;TRUE;TRUE;TRUE;
STORE_IPANEMA;STORE;Ipanema;DESTINATION;POI;F0;INDOOR_ENCLOSED;MALL;FALSE;0.3620;0.1620;;FALSE;Ipanema;PRE_SITE_QA;TRUE;TRUE;TRUE;TRUE;
STORE_JIJONENCA;STORE;Jijonenca Icecream;DESTINATION;POI;F0;INDOOR_ENCLOSED;MALL;FALSE;0.6356;0.6329;;FALSE;Jijonenca Icecream;PRE_SITE_QA;TRUE;TRUE;TRUE;TRUE;
STORE_KEBABEXPRESS;STORE;Kebab Express;DESTINATION;POI;F1;INDOOR_ENCLOSED;MALL;FALSE;0.6770;0.6525;;FALSE;Kebab Express;PRE_SITE_QA;TRUE;TRUE;TRUE;TRUE;
STORE_KIKOMILANO;STORE;KIKO Milano;DESTINATION;POI;F0;INDOOR_ENCLOSED;MALL;FALSE;0.6410;0.3645;;FALSE;KIKO Milano;PRE_SITE_QA;TRUE;TRUE;TRUE;TRUE;
STORE_KOALABAY;STORE;Koala Bay;DESTINATION;POI;F0;INDOOR_ENCLOSED;MALL;FALSE;0.4440;0.1420;;FALSE;Koala Bay;PRE_SITE_QA;TRUE;TRUE;TRUE;TRUE;
STORE_LA_TAGLIATELLA;STORE;La Tagliatella;DESTINATION;POI;F1;INDOOR_ENCLOSED;MALL;FALSE;0.7880;0.5245;;FALSE;La Tagliatella;PRE_SITE_QA;TRUE;TRUE;TRUE;TRUE;
STORE_LASERESTETIC;STORE;Laser Estetic;DESTINATION;POI;F0;INDOOR_ENCLOSED;MALL;FALSE;0.4010;0.2675;;FALSE;Laser Estetic;PRE_SITE_QA;TRUE;TRUE;TRUE;TRUE;
STORE_LEFTIES;STORE;Lefties;DESTINATION;POI;F0;INDOOR_ENCLOSED;MALL;FALSE;0.5420;0.5095;;FALSE;Lefties;PRE_SITE_QA;TRUE;TRUE;TRUE;TRUE;
STORE_LEROY_MERLIN;STORE;Leroy Merlin;DESTINATION;POI;F0;INDOOR_ENCLOSED;MALL;FALSE;0.4060;0.7710;;FALSE;Leroy Merlin;PRE_SITE_QA;TRUE;TRUE;TRUE;TRUE;
STORE_LEROYMERLIN_PICKUP;STORE;Leroy Merlin;DESTINATION;POI;F0;INDOOR_ENCLOSED;MALL;FALSE;0.2770;0.6810;;FALSE;Leroy Merlin;PRE_SITE_QA;TRUE;TRUE;TRUE;TRUE;
STORE_LEVIS;STORE;Levi's;DESTINATION;POI;F0;INDOOR_ENCLOSED;MALL;FALSE;0.4390;0.2255;;FALSE;Levi's;PRE_SITE_QA;TRUE;TRUE;TRUE;TRUE;
STORE_LIONOFPORCHES;STORE;Lion of Porches;DESTINATION;POI;F0;INDOOR_ENCLOSED;MALL;FALSE;0.5660;0.6945;;FALSE;Lion of Porches;PRE_SITE_QA;TRUE;TRUE;TRUE;TRUE;
STORE_LIZARRAN;STORE;Lizarran;DESTINATION;POI;F1;INDOOR_ENCLOSED;MALL;FALSE;0.7740;0.5545;;FALSE;Lizarran;PRE_SITE_QA;TRUE;TRUE;TRUE;TRUE;
STORE_LOTERIA;STORE;Loteria Nacional;DESTINATION;POI;F0;INDOOR_ENCLOSED;MALL;FALSE;0.4266;0.4139;;FALSE;Loteria Nacional;PRE_SITE_QA;TRUE;TRUE;TRUE;TRUE;
STORE_LOWCOST;STORE;Lowcost;DESTINATION;POI;F0;INDOOR_ENCLOSED;MALL;FALSE;0.5520;0.7445;;FALSE;Lowcost;PRE_SITE_QA;TRUE;TRUE;TRUE;TRUE;
STORE_LUXENTER;STORE;Luxenter;DESTINATION;POI;F0;INDOOR_ENCLOSED;MALL;FALSE;0.5120;0.4905;;FALSE;Luxenter;PRE_SITE_QA;TRUE;TRUE;TRUE;TRUE;
STORE_LUXURYFOOD;STORE;Luxury Food;DESTINATION;POI;F0;INDOOR_ENCLOSED;MALL;FALSE;0.6530;0.5915;;FALSE;Luxury Food;PRE_SITE_QA;TRUE;TRUE;TRUE;TRUE;
STORE_MANGO;STORE;Mango;DESTINATION;POI;F0;INDOOR_ENCLOSED;MALL;FALSE;0.5940;0.2970;;FALSE;Mango;PRE_SITE_QA;TRUE;TRUE;TRUE;TRUE;
STORE_MARVIMUNDO;STORE;Marvimundo;DESTINATION;POI;F0;INDOOR_ENCLOSED;MALL;FALSE;0.4580;0.3015;;FALSE;Marvimundo;PRE_SITE_QA;TRUE;TRUE;TRUE;TRUE;
STORE_MASSIMODUTTI_N;STORE;Massimo Dutti;DESTINATION;POI;F0;INDOOR_ENCLOSED;MALL;FALSE;0.6540;0.4715;;FALSE;Massimo Dutti;PRE_SITE_QA;TRUE;TRUE;TRUE;TRUE;
STORE_MASSIMODUTTI_S;STORE;Massimo Dutti;DESTINATION;POI;F0;INDOOR_ENCLOSED;MALL;FALSE;0.6540;0.4715;;FALSE;Massimo Dutti;PRE_SITE_QA;TRUE;TRUE;TRUE;TRUE;
STORE_MAXCOLCHON;STORE;Maxcolchon;DESTINATION;POI;F0;INDOOR_ENCLOSED;MALL;FALSE;0.5520;0.7445;;FALSE;Maxcolchon;PRE_SITE_QA;TRUE;TRUE;TRUE;TRUE;
STORE_MAXIMA;STORE;Maxima;DESTINATION;POI;F0;INDOOR_ENCLOSED;MALL;FALSE;0.4860;0.1630;;FALSE;Maxima;PRE_SITE_QA;TRUE;TRUE;TRUE;TRUE;
STORE_MAYKA_N;STORE;Mayka;DESTINATION;POI;F0;INDOOR_ENCLOSED;MALL;FALSE;0.5210;0.2245;;FALSE;Mayka;PRE_SITE_QA;TRUE;TRUE;TRUE;TRUE;
STORE_MAYKA_S;STORE;Mayka;DESTINATION;POI;F0;INDOOR_ENCLOSED;MALL;FALSE;0.6170;0.5245;;FALSE;Mayka;PRE_SITE_QA;TRUE;TRUE;TRUE;TRUE;
STORE_ME;STORE;ME;DESTINATION;POI;F0;INDOOR_ENCLOSED;MALL;FALSE;0.4690;0.4065;;FALSE;ME;PRE_SITE_QA;TRUE;TRUE;TRUE;TRUE;
STORE_MEDIAMARKT;STORE;MediaMarkt;DESTINATION;POI;F0;INDOOR_ENCLOSED;MALL;FALSE;0.7470;0.5180;;FALSE;MediaMarkt;PRE_SITE_QA;TRUE;TRUE;TRUE;TRUE;
STORE_MISAKO;STORE;Misako;DESTINATION;POI;F0;INDOOR_ENCLOSED;MALL;FALSE;0.6340;0.2330;;FALSE;Misako;PRE_SITE_QA;TRUE;TRUE;TRUE;TRUE;
STORE_MISTERMINT;STORE;Mister Mint;DESTINATION;POI;F0;INDOOR_ENCLOSED;MALL;FALSE;0.4010;0.2675;;FALSE;Mister Mint;PRE_SITE_QA;TRUE;TRUE;TRUE;TRUE;
STORE_MR_PEOPLE;STORE;Mr. People;DESTINATION;POI;F0;INDOOR_ENCLOSED;MALL;FALSE;0.6500;0.6265;;FALSE;Mr. People;PRE_SITE_QA;TRUE;TRUE;TRUE;TRUE;
STORE_MUERDELAPASTA;STORE;Muerde La Pasta;DESTINATION;POI;F1;INDOOR_ENCLOSED;MALL;FALSE;0.5910;0.5075;;FALSE;Muerde La Pasta;PRE_SITE_QA;TRUE;TRUE;TRUE;TRUE;
STORE_MYTAPA;STORE;My Tapa;DESTINATION;POI;F1;INDOOR_ENCLOSED;MALL;FALSE;0.7740;0.5545;;FALSE;My Tapa;PRE_SITE_QA;TRUE;TRUE;TRUE;TRUE;
STORE_NAILS;STORE;Nails;DESTINATION;POI;F0;INDOOR_ENCLOSED;MALL;FALSE;0.4040;0.2955;;FALSE;Nails;PRE_SITE_QA;TRUE;TRUE;TRUE;TRUE;
STORE_NATURAGIFTSHOP;STORE;Natura Gift Shop;DESTINATION;POI;F0;INDOOR_ENCLOSED;MALL;FALSE;0.7640;0.5605;;FALSE;Natura Gift Shop;PRE_SITE_QA;TRUE;TRUE;TRUE;TRUE;
STORE_NORAUTO;STORE;Norauto;DESTINATION;POI;F0;INDOOR_ENCLOSED;MALL;FALSE;0.7790;0.2830;;FALSE;Norauto;PRE_SITE_QA;TRUE;TRUE;TRUE;TRUE;
STORE_OYSHO;STORE;Oysho;DESTINATION;POI;F0;INDOOR_ENCLOSED;MALL;FALSE;0.6950;0.4850;;FALSE;Oysho;PRE_SITE_QA;TRUE;TRUE;TRUE;TRUE;
STORE_PACOMARTINEZ;STORE;Paco Martinez;DESTINATION;POI;F0;INDOOR_ENCLOSED;MALL;FALSE;0.6570;0.6095;;FALSE;Paco Martinez;PRE_SITE_QA;TRUE;TRUE;TRUE;TRUE;
STORE_PALPELO_E;STORE;Palpelo;DESTINATION;POI;F0;INDOOR_ENCLOSED;MALL;FALSE;0.4090;0.2300;;FALSE;Palpelo;PRE_SITE_QA;TRUE;TRUE;TRUE;TRUE;
STORE_PALPELO_W;STORE;Palpelo;DESTINATION;POI;F0;INDOOR_ENCLOSED;MALL;FALSE;0.4010;0.2675;;FALSE;Palpelo;PRE_SITE_QA;TRUE;TRUE;TRUE;TRUE;
STORE_PANDORA;STORE;Pandora;DESTINATION;POI;F0;INDOOR_ENCLOSED;MALL;FALSE;0.6360;0.6025;;FALSE;Pandora;PRE_SITE_QA;TRUE;TRUE;TRUE;TRUE;
STORE_PARFOIS;STORE;Parfois;DESTINATION;POI;F0;INDOOR_ENCLOSED;MALL;FALSE;0.5360;0.1840;;FALSE;Parfois;PRE_SITE_QA;TRUE;TRUE;TRUE;TRUE;
STORE_PASGAR;STORE;Pasgar;DESTINATION;POI;F0;INDOOR_ENCLOSED;MALL;FALSE;0.6460;0.4825;;FALSE;Pasgar;PRE_SITE_QA;TRUE;TRUE;TRUE;TRUE;
STORE_PEPEJEANS;STORE;Pepe Jeans;DESTINATION;POI;F0;INDOOR_ENCLOSED;MALL;FALSE;0.5520;0.7445;;FALSE;Pepe Jeans;PRE_SITE_QA;TRUE;TRUE;TRUE;TRUE;
STORE_PEWTER;STORE;Pewter;DESTINATION;POI;F0;INDOOR_ENCLOSED;MALL;FALSE;0.5860;0.5145;;FALSE;Pewter;PRE_SITE_QA;TRUE;TRUE;TRUE;TRUE;
STORE_PHARMACY;STORE;Pharmacy;DESTINATION;POI;F0;INDOOR_ENCLOSED;MALL;FALSE;0.5210;0.8070;;FALSE;Pharmacy;PRE_SITE_QA;TRUE;TRUE;TRUE;TRUE;
STORE_POLINESIA;STORE;Polinesia;DESTINATION;POI;F0;INDOOR_ENCLOSED;MALL;FALSE;0.5460;0.2335;;FALSE;Polinesia;PRE_SITE_QA;TRUE;TRUE;TRUE;TRUE;
STORE_POPEYES;STORE;Popeyes;DESTINATION;POI;F1;INDOOR_ENCLOSED;MALL;FALSE;0.7170;0.4685;;FALSE;Popeyes;PRE_SITE_QA;TRUE;TRUE;TRUE;TRUE;
STORE_PRIMARK;STORE;Primark;DESTINATION;POI;F0;INDOOR_ENCLOSED;MALL;FALSE;0.3340;0.1500;;FALSE;Primark;PRE_SITE_QA;TRUE;TRUE;TRUE;TRUE;
STORE_PRIMICHI;STORE;Primichi ;DESTINATION;POI;F0;INDOOR_ENCLOSED;MALL;FALSE;0.5010;0.1710;;FALSE;Primichi ;PRE_SITE_QA;TRUE;TRUE;TRUE;TRUE;
STORE_PRIMOR;STORE;Primor;DESTINATION;POI;F0;INDOOR_ENCLOSED;MALL;FALSE;0.3920;0.1140;;FALSE;Primor;PRE_SITE_QA;TRUE;TRUE;TRUE;TRUE;
STORE_PULLBEAR;STORE;Pull&Bear;DESTINATION;POI;F0;INDOOR_ENCLOSED;MALL;FALSE;0.6180;0.5510;;FALSE;Pull&Bear;PRE_SITE_QA;TRUE;TRUE;TRUE;TRUE;
STORE_PUNTROMA;STORE;Punt Roma;DESTINATION;POI;F0;INDOOR_ENCLOSED;MALL;FALSE;0.5040;0.4615;;FALSE;Punt Roma;PRE_SITE_QA;TRUE;TRUE;TRUE;TRUE;
STORE_RESTAURANTCASACARMEN;STORE;Restaurant Casa Carmen;DESTINATION;POI;F1;INDOOR_ENCLOSED;MALL;FALSE;0.6010;0.4365;;FALSE;Restaurant Casa Carmen;PRE_SITE_QA;TRUE;TRUE;TRUE;TRUE;
STORE_RITUALS;STORE;Rituals;DESTINATION;POI;F0;INDOOR_ENCLOSED;MALL;FALSE;0.4360;0.2145;;FALSE;Rituals;PRE_SITE_QA;TRUE;TRUE;TRUE;TRUE;
STORE_ROBERTOMARTIN;STORE;Roberto Martin;DESTINATION;POI;F0;INDOOR_ENCLOSED;MALL;FALSE;0.4350;0.3265;;FALSE;Roberto Martin;PRE_SITE_QA;TRUE;TRUE;TRUE;TRUE;
STORE_RXS;STORE;RXS;DESTINATION;POI;F0;INDOOR_ENCLOSED;MALL;FALSE;0.4750;0.3805;;FALSE;RXS;PRE_SITE_QA;TRUE;TRUE;TRUE;TRUE;
STORE_SANTOSOCHOA;STORE;Santos Ochoa;DESTINATION;POI;F0;INDOOR_ENCLOSED;MALL;FALSE;0.6380;0.3080;;FALSE;Santos Ochoa;PRE_SITE_QA;TRUE;TRUE;TRUE;TRUE;
STORE_SAXO;STORE;Saxo;DESTINATION;POI;F0;INDOOR_ENCLOSED;MALL;FALSE;0.6440;0.6415;;FALSE;Saxo;PRE_SITE_QA;TRUE;TRUE;TRUE;TRUE;
STORE_SCOTTA;STORE;Scotta;DESTINATION;POI;F0;INDOOR_ENCLOSED;MALL;FALSE;0.6030;0.6555;;FALSE;Scotta;PRE_SITE_QA;TRUE;TRUE;TRUE;TRUE;
STORE_SMOOY;STORE;Smooy;DESTINATION;POI;F0;INDOOR_ENCLOSED;MALL;FALSE;0.4340;0.3485;;FALSE;Smooy;PRE_SITE_QA;TRUE;TRUE;TRUE;TRUE;
STORE_SOLOOPTICAL_E;STORE;Solooptical;DESTINATION;POI;F0;INDOOR_ENCLOSED;MALL;FALSE;0.4660;0.4505;;FALSE;Solooptical;PRE_SITE_QA;TRUE;TRUE;TRUE;TRUE;
STORE_SOLOOPTICAL_W;STORE;Solooptical;DESTINATION;POI;F0;INDOOR_ENCLOSED;MALL;FALSE;0.4420;0.4645;;FALSE;Solooptical;PRE_SITE_QA;TRUE;TRUE;TRUE;TRUE;
STORE_SPRINGFIELD;STORE;Springfield;DESTINATION;POI;F0;INDOOR_ENCLOSED;MALL;FALSE;0.5710;0.5295;;FALSE;Springfield;PRE_SITE_QA;TRUE;TRUE;TRUE;TRUE;
STORE_STARBUCKS;STORE;Starbucks;DESTINATION;POI;F0;INDOOR_ENCLOSED;MALL;FALSE;0.5170;0.1995;;FALSE;Starbucks;PRE_SITE_QA;TRUE;TRUE;TRUE;TRUE;
STORE_STRADIVARIUS;STORE;Stradivarius;DESTINATION;POI;F0;INDOOR_ENCLOSED;MALL;FALSE;0.6170;0.5130;;FALSE;Stradivarius;PRE_SITE_QA;TRUE;TRUE;TRUE;TRUE;
STORE_SUPERDRY;STORE;Superdry;DESTINATION;POI;F0;INDOOR_ENCLOSED;MALL;FALSE;0.5930;0.2715;;FALSE;Superdry;PRE_SITE_QA;TRUE;TRUE;TRUE;TRUE;
STORE_SWAROVSKI;STORE;Swarovski;DESTINATION;POI;F0;INDOOR_ENCLOSED;MALL;FALSE;0.6660;0.5945;;FALSE;Swarovski;PRE_SITE_QA;TRUE;TRUE;TRUE;TRUE;
STORE_TACOBELL;STORE;Taco Bell;DESTINATION;POI;F1;INDOOR_ENCLOSED;MALL;FALSE;0.5910;0.5075;;FALSE;Taco Bell;PRE_SITE_QA;TRUE;TRUE;TRUE;TRUE;
STORE_TEASHOP;STORE;Tea Shop;DESTINATION;POI;F0;INDOOR_ENCLOSED;MALL;FALSE;0.6130;0.6385;;FALSE;Tea Shop;PRE_SITE_QA;TRUE;TRUE;TRUE;TRUE;
STORE_TERRASSA;STORE;Terrassa;DESTINATION;POI;F0;INDOOR_ENCLOSED;MALL;FALSE;0.7040;0.5835;;FALSE;Terrassa;PRE_SITE_QA;TRUE;TRUE;TRUE;TRUE;
STORE_THEBODYSHOP;STORE;The Body Shop;DESTINATION;POI;F0;INDOOR_ENCLOSED;MALL;FALSE;0.6100;0.6485;;FALSE;The Body Shop;PRE_SITE_QA;TRUE;TRUE;TRUE;TRUE;
STORE_THEFITZGERALD;STORE;The Fitzgerald;DESTINATION;POI;F1;INDOOR_ENCLOSED;MALL;FALSE;0.5910;0.5075;;FALSE;The Fitzgerald;PRE_SITE_QA;TRUE;TRUE;TRUE;TRUE;
STORE_THENORTHFACE;STORE;The North Face;DESTINATION;POI;F0;INDOOR_ENCLOSED;MALL;FALSE;0.5460;0.2010;;FALSE;The North Face;PRE_SITE_QA;TRUE;TRUE;TRUE;TRUE;
STORE_TIENDANIMAL;STORE;Tiendanimal;DESTINATION;POI;F0;INDOOR_ENCLOSED;MALL;FALSE;0.4480;0.2665;;FALSE;Tiendanimal;PRE_SITE_QA;TRUE;TRUE;TRUE;TRUE;
STORE_TIMEROAD;STORE;Time Road;DESTINATION;POI;F0;INDOOR_ENCLOSED;MALL;FALSE;0.5860;0.5145;;FALSE;Time Road;PRE_SITE_QA;TRUE;TRUE;TRUE;TRUE;
STORE_TOUS;STORE;Tous;DESTINATION;POI;F0;INDOOR_ENCLOSED;MALL;FALSE;0.6160;0.7325;;FALSE;Tous;PRE_SITE_QA;TRUE;TRUE;TRUE;TRUE;
STORE_TRAMAS;STORE;Tramas;DESTINATION;POI;F0;INDOOR_ENCLOSED;MALL;FALSE;0.4620;0.4375;;FALSE;Tramas;PRE_SITE_QA;TRUE;TRUE;TRUE;TRUE;
STORE_ULANKA;STORE;Ulanka;DESTINATION;POI;F0;INDOOR_ENCLOSED;MALL;FALSE;0.4600;0.4185;;FALSE;Ulanka;PRE_SITE_QA;TRUE;TRUE;TRUE;TRUE;
STORE_UNKNOWN_MAYKA_FLYING;STORE;??? MAYKA/Flying;DESTINATION;POI;F0;INDOOR_ENCLOSED;MALL;FALSE;0.5110;0.2135;;FALSE;??? MAYKA/Flying;PRE_SITE_QA;TRUE;TRUE;TRUE;TRUE;
STORE_UNKNOWN_SUNGLASSES_SMOOY;STORE;???Sunglasses/smooy;DESTINATION;POI;F0;INDOOR_ENCLOSED;MALL;FALSE;0.4340;0.3025;;FALSE;???Sunglasses/smooy;PRE_SITE_QA;TRUE;TRUE;TRUE;TRUE;
STORE_VANS;STORE;Vans;DESTINATION;POI;F0;INDOOR_ENCLOSED;MALL;FALSE;0.5920;0.2735;;FALSE;Vans;PRE_SITE_QA;TRUE;TRUE;TRUE;TRUE;
STORE_WOKCENTER;STORE;Wok Center;DESTINATION;POI;F1;INDOOR_ENCLOSED;MALL;FALSE;0.6980;0.4605;;FALSE;Wok Center;PRE_SITE_QA;TRUE;TRUE;TRUE;TRUE;
STORE_WOMENSECRET;STORE;Women Secret;DESTINATION;POI;F0;INDOOR_ENCLOSED;MALL;FALSE;0.5860;0.5145;;FALSE;Women Secret;PRE_SITE_QA;TRUE;TRUE;TRUE;TRUE;
STORE_YVESROCHER;STORE;Yves Rocher;DESTINATION;POI;F0;INDOOR_ENCLOSED;MALL;FALSE;0.5790;0.2625;;FALSE;Yves Rocher;PRE_SITE_QA;TRUE;TRUE;TRUE;TRUE;
STORE_ZARA;STORE;Zara;DESTINATION;POI;F0;INDOOR_ENCLOSED;MALL;FALSE;0.6660;0.4020;;FALSE;Zara;PRE_SITE_QA;TRUE;TRUE;TRUE;TRUE;
STORE_ZARAHOME;STORE;Zara Home;DESTINATION;POI;F0;INDOOR_ENCLOSED;MALL;FALSE;0.6750;0.4700;;FALSE;Zara Home;PRE_SITE_QA;TRUE;TRUE;TRUE;TRUE;
STR_C_F0;STAIRS;Central Stairs;VERTICAL;TRANSPORT;F0;OUTDOOR_OPEN_AIR;MALL;TRUE;0.6356;0.5479;;TRUE;Central Stairs;PRE_SITE_QA;FALSE;FALSE;FALSE;TRUE;
STR_C_F1;STAIRS;Central Stairs;VERTICAL;TRANSPORT;F1;OUTDOOR_OPEN_AIR;MALL;TRUE;0.6156;0.5209;;TRUE;Central Stairs;PRE_SITE_QA;FALSE;FALSE;FALSE;TRUE;
STR_C_MAIN_B1;STAIRS;Main Entrance Stairs Inside;VERTICAL;TRANSPORT;B1;OUTDOOR_OPEN_AIR;MALL;TRUE;0.7156;0.5669;;TRUE;Main Entrance Stairs Inside;PRE_SITE_QA;FALSE;FALSE;FALSE;TRUE;
STR_C_MAIN_F0;STAIRS;Main Entrance Stairs Inside;VERTICAL;TRANSPORT;F0;OUTDOOR_OPEN_AIR;MALL;TRUE;0.7376;0.5789;;TRUE;Main Entrance Stairs Inside;PRE_SITE_QA;FALSE;FALSE;FALSE;TRUE;
STR_C_MAIN_OUTSIDE_N_B1;STAIRS;Main Entrance Stairs Outside;VERTICAL;TRANSPORT;B1;OUTDOOR_OPEN_AIR;MALL;TRUE;0.7646;0.5729;;TRUE;Main Entrance Stairs Outside;PRE_SITE_QA;FALSE;FALSE;FALSE;TRUE;
STR_C_MAIN_OUTSIDE_N_F0;STAIRS;Main Entrance Stairs Outside;VERTICAL;TRANSPORT;F0;OUTDOOR_OPEN_AIR;MALL;TRUE;0.7546;0.5649;;TRUE;Main Entrance Stairs Outside;PRE_SITE_QA;FALSE;FALSE;FALSE;TRUE;
STR_C_MAIN_OUTSIDE_S_B1;STAIRS;Main Entrance Stairs Outside;VERTICAL;TRANSPORT;B1;OUTDOOR_OPEN_AIR;MALL;TRUE;0.7456;0.6069;;TRUE;Main Entrance Stairs Outside;PRE_SITE_QA;FALSE;FALSE;FALSE;TRUE;
STR_C_MAIN_OUTSIDE_S_F0;STAIRS;Main Entrance Stairs Outside;VERTICAL;TRANSPORT;F0;OUTDOOR_OPEN_AIR;MALL;TRUE;0.7336;0.5989;;TRUE;Main Entrance Stairs Outside;PRE_SITE_QA;FALSE;FALSE;FALSE;TRUE;
STR_N_B1;STAIRS;North Stairs;VERTICAL;TRANSPORT;B1;OUTDOOR_OPEN_AIR;MALL;TRUE;0.3726;0.2079;;TRUE;North Stairs;PRE_SITE_QA;FALSE;FALSE;FALSE;TRUE;
STR_N_EXIT_F0;STAIRS;North Stairs;VERTICAL;TRANSPORT;F0;OUTDOOR_OPEN_AIR;MALL;TRUE;0.3656;0.1279;;TRUE;North Stairs;PRE_SITE_QA;FALSE;FALSE;FALSE;TRUE;
STR_N_EXIT_F1;STAIRS;North Stairs;VERTICAL;TRANSPORT;F1;OUTDOOR_OPEN_AIR;MALL;TRUE;0.3556;0.0939;;TRUE;North Stairs;PRE_SITE_QA;FALSE;FALSE;FALSE;TRUE;
STR_N_F0;STAIRS;North Stairs;VERTICAL;TRANSPORT;F0;OUTDOOR_OPEN_AIR;MALL;TRUE;0.3736;0.2189;;TRUE;North Stairs;PRE_SITE_QA;FALSE;FALSE;FALSE;TRUE;
STR_W_B1;STAIRS;Plaza De Las Flores;VERTICAL;TRANSPORT;B1;OUTDOOR_OPEN_AIR;MALL;TRUE;0.5986;0.7009;;TRUE;Plaza De Las Flores;PRE_SITE_QA;FALSE;FALSE;FALSE;TRUE;
STR_W_F0;STAIRS;Plaza De Las Flores;VERTICAL;TRANSPORT;F0;OUTDOOR_OPEN_AIR;MALL;TRUE;0.5836;0.7129;;TRUE;Plaza De Las Flores;PRE_SITE_QA;FALSE;FALSE;FALSE;TRUE;
STR_W_OUTSIDE_B1;STAIRS;West Stairs Decathlon;VERTICAL;TRANSPORT;B1;OUTDOOR_OPEN_AIR;MALL;TRUE;0.5766;0.8789;;TRUE;West Stairs Decathlon;PRE_SITE_QA;FALSE;FALSE;FALSE;TRUE;
STR_W_OUTSIDE_F0;STAIRS;West Stairs Decathlon;VERTICAL;TRANSPORT;F0;OUTDOOR_OPEN_AIR;MALL;TRUE;0.5766;0.8789;;TRUE;West Stairs Decathlon;PRE_SITE_QA;FALSE;FALSE;FALSE;TRUE;
STR_W1_OUTSIDE_B1;STAIRS;West Stairs Leroy Merlin;VERTICAL;TRANSPORT;B1;OUTDOOR_OPEN_AIR;MALL;TRUE;0.3386;0.7289;;TRUE;West Stairs Leroy Merlin;PRE_SITE_QA;FALSE;FALSE;FALSE;TRUE;
STR_W1_OUTSIDE_F0;STAIRS;West Stairs Leroy Merlin;VERTICAL;TRANSPORT;F0;OUTDOOR_OPEN_AIR;MALL;TRUE;0.3386;0.7289;;TRUE;West Stairs Leroy Merlin;PRE_SITE_QA;FALSE;FALSE;FALSE;TRUE;
TAXI_PICKUP_1;NODE;Taxi Pickup;TAXI_PICKUP;TRANSPORT;B1;OUTDOOR_OPEN_AIR;MALL;FALSE;0.8456;0.5839;;FALSE;Taxi Pickup;PRE_SITE_QA;TRUE;TRUE;TRUE;TRUE;
WC_C_F0;WC;Restrooms – Central;AMENITY;AMENITY;F0;OUTDOOR_OPEN_AIR;MALL;FALSE;0.6416;0.4909;;FALSE;Restrooms – Central;PRE_SITE_QA;TRUE;TRUE;TRUE;TRUE;
WC_C_F1;WC;Restrooms – Upper Floor;AMENITY;AMENITY;F1;OUTDOOR_OPEN_AIR;MALL;FALSE;0.5946;0.4419;;FALSE;Restrooms – Upper Floor;PRE_SITE_QA;TRUE;TRUE;TRUE;TRUE;
WC_N_F0;WC;Restrooms – North;AMENITY;AMENITY;F0;OUTDOOR_OPEN_AIR;MALL;FALSE;0.3466;0.1309;;FALSE;Restrooms – North;PRE_SITE_QA;TRUE;TRUE;TRUE;TRUE;
WC_S_F0;WC;Restrooms – South;AMENITY;AMENITY;F0;OUTDOOR_OPEN_AIR;MALL;FALSE;0.6036;0.7399;;FALSE;Restrooms – South;PRE_SITE_QA;TRUE;TRUE;TRUE;TRUE;
