FROM;TO;MODE;BIDIRECTIONAL;WHEELCHAIR;STROLLER;LUGGAGE;CREATED;STATUS
ATM_F0;COR_MAIN_W_W;WALK;TRUE;TRUE;TRUE;TRUE;MANUAL;ACTIVE
ATM_F0;ENT_W_MAIN;WALK;FALSE;TRUE;TRUE;TRUE;06/02/2026 11:15;OK
ATM1_F0;COR_PLZ_N_W_F0;WALK;TRUE;TRUE;TRUE;TRUE;MANUAL;ACTIVE
ATM2_F0;COR_PLZ_CROSS_WE_E_F0;WALK;TRUE;TRUE;TRUE;TRUE;MANUAL;ACTIVE
ATM3_F0;COR_MAIN_W_E;WALK;TRUE;TRUE;TRUE;TRUE;MANUAL;ACTIVE
ATM4_F0;COR_COVERED_M1;WALK;TRUE;TRUE;TRUE;TRUE;MANUAL;ACTIVE
ATM4_F0;COR_COVERED_S;WALK;FALSE;TRUE;TRUE;TRUE;06/02/2026 11:56;OK
ATM5_F0;COR_PLZ_N_S_F0;WALK;TRUE;TRUE;TRUE;TRUE;MANUAL;ACTIVE
ATM6_F0;COR_PLZ_S_S_F0;WALK;TRUE;TRUE;TRUE;TRUE;MANUAL;ACTIVE
BUS_STOP_1;COR_EXT_MAIN_ENTRANCE_W;WALK;TRUE;TRUE;TRUE;TRUE;MANUAL;ACTIVE
BUS_STOP_1;NODE_EXT_MAIN_ENTRANCE;WALK;FALSE;TRUE;TRUE;TRUE;06/02/2026 12:02;OK
BUS_STOP_1;TAXI_PICKUP_1;WALK;TRUE;TRUE;TRUE;TRUE;09/02/2026 13:22;OK
COR_COVERED_M1;COR_COVERED_M2;WALK;TRUE;TRUE;TRUE;TRUE;AUTO;ACTIVE
COR_COVERED_M2;COR_COVERED_S;WALK;TRUE;TRUE;TRUE;TRUE;AUTO;ACTIVE
COR_COVERED_N;COR_COVERED_M1;WALK;TRUE;TRUE;TRUE;TRUE;AUTO;ACTIVE
COR_COVERED_N;COR_COVERED_S;WALK;TRUE;TRUE;TRUE;TRUE;MANUAL;ACTIVE
COR_COVERED_N;COR_MAIN_N1_N;WALK;TRUE;TRUE;TRUE;TRUE;MANUAL;ACTIVE
COR_COVERED_N;COR_MAIN_W_E;WALK;FALSE;TRUE;TRUE;TRUE;06/02/2026 13:00;OK
COR_COVERED_S;ATM4_F0;WALK;FALSE;TRUE;TRUE;TRUE;06/02/2026 11:56;OK
COR_COVERED_S;COR_MAIN_N_N;WALK;TRUE;TRUE;TRUE;TRUE;MANUAL;ACTIVE
COR_COVERED_S;COR_MAIN_N1_S;WALK;TRUE;TRUE;TRUE;TRUE;MANUAL;ACTIVE
COR_COVERED_S;COR_MAIN_W_E;WALK;FALSE;TRUE;TRUE;TRUE;06/02/2026 13:00;OK
COR_EXT_E_M1;COR_EXT_E_M2;WALK;TRUE;TRUE;TRUE;TRUE;AUTO;ACTIVE
COR_EXT_E_M2;COR_EXT_E_M3;WALK;TRUE;TRUE;TRUE;TRUE;AUTO;ACTIVE
COR_EXT_E_M3;COR_EXT_E_M4;WALK;TRUE;TRUE;TRUE;TRUE;AUTO;ACTIVE
COR_EXT_E_M4;COR_EXT_E_M5;WALK;TRUE;TRUE;TRUE;TRUE;AUTO;ACTIVE
COR_EXT_E_M5;COR_EXT_E_M6;WALK;TRUE;TRUE;TRUE;TRUE;AUTO;ACTIVE
COR_EXT_E_M6;COR_EXT_E_M7;WALK;TRUE;TRUE;TRUE;TRUE;AUTO;ACTIVE
COR_EXT_E_M7;COR_EXT_E_S;WALK;TRUE;TRUE;TRUE;TRUE;AUTO;ACTIVE
COR_EXT_E_N;COR_EXT_E_M1;WALK;TRUE;TRUE;TRUE;TRUE;AUTO;ACTIVE
COR_EXT_E_N;COR_MAIN_W_E;WALK;FALSE;TRUE;TRUE;TRUE;06/02/2026 13:00;OK
COR_EXT_E_N;NODE_EXT_E_ENTRANCE;WALK;FALSE;TRUE;TRUE;TRUE;06/02/2026 12:10;OK
COR_EXT_E_S;COR_MAIN_W_E;WALK;FALSE;TRUE;TRUE;TRUE;06/02/2026 13:00;OK
COR_EXT_MAIN_ENTRANCE_E;COR_EXT_MAIN_ENTRANCE_W;WALK;FALSE;TRUE;TRUE;TRUE;06/02/2026 12:19;OK
COR_EXT_MAIN_ENTRANCE_E;COR_EXT_N_MAIN_W;WALK;FALSE;TRUE;TRUE;TRUE;06/02/2026 12:25;OK
COR_EXT_MAIN_ENTRANCE_E;COR_MAIN_W_E;WALK;FALSE;TRUE;TRUE;TRUE;06/02/2026 13:00;OK
COR_EXT_MAIN_ENTRANCE_E;NODE_EXT_MAIN_ENTRANCE;WALK;FALSE;TRUE;TRUE;TRUE;06/02/2026 12:19;OK
COR_EXT_MAIN_ENTRANCE_M1;COR_EXT_MAIN_ENTRANCE_E;WALK;TRUE;TRUE;TRUE;TRUE;AUTO;ACTIVE
COR_EXT_MAIN_ENTRANCE_W;COR_EXT_MAIN_ENTRANCE_M1;WALK;TRUE;TRUE;TRUE;TRUE;AUTO;ACTIVE
COR_EXT_MAIN_ENTRANCE_W;NODE_EXT_MAIN_ENTRANCE;WALK;FALSE;TRUE;TRUE;TRUE;06/02/2026 14:05;OK
COR_EXT_N_MAIN_E;COR_EXT_N_MAIN_W;WALK;FALSE;TRUE;TRUE;TRUE;06/02/2026 12:22;OK
COR_EXT_N_MAIN_E;COR_MAIN_W_E;WALK;FALSE;TRUE;TRUE;TRUE;06/02/2026 13:00;OK
COR_EXT_N_MAIN_E;NODE_EXT_N_ENTRANCE;WALK;FALSE;TRUE;TRUE;TRUE;06/02/2026 12:22;OK
COR_EXT_N_MAIN_E;TAXI_PICKUP_1;WALK;TRUE;TRUE;TRUE;TRUE;09/02/2026 13:22;OK
COR_EXT_N_MAIN_M1;COR_EXT_N_MAIN_M2;WALK;TRUE;TRUE;TRUE;TRUE;AUTO;ACTIVE
COR_EXT_N_MAIN_M2;COR_EXT_N_MAIN_E;WALK;TRUE;TRUE;TRUE;TRUE;AUTO;ACTIVE
COR_EXT_N_MAIN_W;COR_EXT_N_MAIN_M1;WALK;TRUE;TRUE;TRUE;TRUE;AUTO;ACTIVE
COR_EXT_N_MAIN_W;COR_MAIN_W_E;WALK;FALSE;TRUE;TRUE;TRUE;06/02/2026 13:00;OK
COR_EXT_N_MAIN_W;ENT_N_MAIN;WALK;FALSE;TRUE;TRUE;TRUE;06/02/2026 13:29;OK
COR_EXT_W_M1;COR_EXT_W_M2;WALK;TRUE;TRUE;TRUE;TRUE;AUTO;ACTIVE
COR_EXT_W_M2;COR_EXT_W_M3;WALK;TRUE;TRUE;TRUE;TRUE;AUTO;ACTIVE
COR_EXT_W_M3;COR_EXT_W_M4;WALK;TRUE;TRUE;TRUE;TRUE;AUTO;ACTIVE
COR_EXT_W_M4;COR_EXT_W_M5;WALK;TRUE;TRUE;TRUE;TRUE;AUTO;ACTIVE
COR_EXT_W_M5;COR_EXT_W_S;WALK;TRUE;TRUE;TRUE;TRUE;AUTO;ACTIVE
COR_EXT_W_N;COR_EXT_W_M1;WALK;TRUE;TRUE;TRUE;TRUE;AUTO;ACTIVE
COR_EXT_W_N;ELV_W1_F0;WALK;FALSE;TRUE;TRUE;TRUE;06/02/2026 13:23;OK
COR_EXT_W_N;EXT_GAS_STATION_PARKING;WALK;FALSE;TRUE;TRUE;TRUE;06/02/2026 13:55;OK
COR_EXT_W_S;COR_MAIN_W_E;WALK;FALSE;TRUE;TRUE;TRUE;06/02/2026 13:00;OK
COR_EXT_W_S;ELV_W_F0;WALK;FALSE;TRUE;TRUE;TRUE;06/02/2026 13:14;OK
COR_EXT_W_S;NODE_EXT_W_ENTRANCE;WALK;FALSE;TRUE;TRUE;TRUE;06/02/2026 14:10;OK
COR_EXT_W_S;STR_W_OUTSIDE_F0;WALK;TRUE;TRUE;TRUE;TRUE;09/02/2026 13:19;OK
COR_MAIN_E_M1;COR_MAIN_E_M2;WALK;TRUE;TRUE;TRUE;TRUE;AUTO;ACTIVE
COR_MAIN_E_M2;COR_MAIN_E_S;WALK;TRUE;TRUE;TRUE;TRUE;AUTO;ACTIVE
COR_MAIN_E_N;COR_MAIN_E_M1;WALK;TRUE;TRUE;TRUE;TRUE;AUTO;ACTIVE
COR_MAIN_E_N;COR_MAIN_E_S;WALK;TRUE;TRUE;TRUE;TRUE;MANUAL;ACTIVE
COR_MAIN_E_S;SHORTCUT_HM_E_F0;WALK;TRUE;TRUE;TRUE;TRUE;09/02/2026 12:23;OK
COR_MAIN_E1_M1;COR_MAIN_E1_M2;WALK;TRUE;TRUE;TRUE;TRUE;AUTO;ACTIVE
COR_MAIN_E1_M2;COR_MAIN_E1_S;WALK;TRUE;TRUE;TRUE;TRUE;AUTO;ACTIVE
COR_MAIN_E1_N;COR_MAIN_E1_M1;WALK;TRUE;TRUE;TRUE;TRUE;AUTO;ACTIVE
COR_MAIN_E1_N;COR_MAIN_E1_S;WALK;TRUE;TRUE;TRUE;TRUE;MANUAL;ACTIVE
COR_MAIN_E1_N;COR_MAIN_N1_N;WALK;TRUE;TRUE;TRUE;TRUE;MANUAL;ACTIVE
COR_MAIN_E1_S;COR_MAIN_E_N;WALK;TRUE;TRUE;TRUE;TRUE;MANUAL;ACTIVE
COR_MAIN_E1_S;COR_MAIN_E2_N;WALK;TRUE;TRUE;TRUE;TRUE;MANUAL;ACTIVE
COR_MAIN_E1_S;COR_MAIN_E2_S;WALK;TRUE;TRUE;TRUE;TRUE;MANUAL;ACTIVE
COR_MAIN_E2_N;COR_MAIN_E2_S;WALK;TRUE;TRUE;TRUE;TRUE;AUTO;ACTIVE
COR_MAIN_E2_N;COR_MAIN_W_E;WALK;FALSE;TRUE;TRUE;TRUE;06/02/2026 13:00;OK
COR_MAIN_E2_N;ENT_E_MAIN;WALK;FALSE;TRUE;TRUE;TRUE;06/02/2026 12:49;OK
COR_MAIN_E2_S;COR_MAIN_E_N;WALK;TRUE;TRUE;TRUE;TRUE;MANUAL;ACTIVE
COR_MAIN_E2_S;COR_MAIN_W_E;WALK;FALSE;TRUE;TRUE;TRUE;06/02/2026 13:00;OK
COR_MAIN_N_M1;COR_MAIN_N_M2;WALK;TRUE;TRUE;TRUE;TRUE;AUTO;ACTIVE
COR_MAIN_N_M2;COR_MAIN_N_S;WALK;TRUE;TRUE;TRUE;TRUE;AUTO;ACTIVE
COR_MAIN_N_N;COR_MAIN_N_M1;WALK;TRUE;TRUE;TRUE;TRUE;AUTO;ACTIVE
COR_MAIN_N_N;COR_MAIN_N_S;WALK;FALSE;TRUE;TRUE;TRUE;06/02/2026 12:55;OK
COR_MAIN_N_S;COR_MAIN_W1_E;WALK;TRUE;TRUE;TRUE;TRUE;MANUAL;ACTIVE
COR_MAIN_N1_M1;COR_MAIN_N1_M2;WALK;TRUE;TRUE;TRUE;TRUE;AUTO;ACTIVE
COR_MAIN_N1_M2;COR_MAIN_N1_S;WALK;TRUE;TRUE;TRUE;TRUE;AUTO;ACTIVE
COR_MAIN_N1_N;COR_MAIN_N1_M1;WALK;TRUE;TRUE;TRUE;TRUE;AUTO;ACTIVE
COR_MAIN_N1_N;COR_MAIN_N1_S;WALK;FALSE;TRUE;TRUE;TRUE;06/02/2026 12:57;OK
COR_MAIN_N1_N;COR_MAIN_W1_W;WALK;FALSE;TRUE;TRUE;TRUE;06/02/2026 12:57;OK
COR_MAIN_N1_S;COR_MAIN_N_N;WALK;TRUE;TRUE;TRUE;TRUE;MANUAL;ACTIVE
COR_MAIN_N1_S;SHORTCUT_HM_W_F0;WALK;TRUE;TRUE;TRUE;TRUE;09/02/2026 12:24;OK
COR_MAIN_W_E;COR_COVERED_S;WALK;FALSE;TRUE;TRUE;TRUE;06/02/2026 13:00;OK
COR_MAIN_W_E;COR_EXT_E_N;WALK;FALSE;TRUE;TRUE;TRUE;06/02/2026 13:00;OK
COR_MAIN_W_E;COR_EXT_E_S;WALK;FALSE;TRUE;TRUE;TRUE;06/02/2026 13:00;OK
COR_MAIN_W_E;COR_EXT_MAIN_ENTRANCE_E;WALK;FALSE;TRUE;TRUE;TRUE;06/02/2026 13:00;OK
COR_MAIN_W_E;COR_EXT_N_MAIN_E;WALK;FALSE;TRUE;TRUE;TRUE;06/02/2026 13:00;OK
COR_MAIN_W_E;COR_EXT_N_MAIN_W;WALK;FALSE;TRUE;TRUE;TRUE;06/02/2026 13:00;OK
COR_MAIN_W_E;COR_EXT_W_S;WALK;FALSE;TRUE;TRUE;TRUE;06/02/2026 13:00;OK
COR_MAIN_W_E;COR_MAIN_E2_N;WALK;FALSE;TRUE;TRUE;TRUE;06/02/2026 13:00;OK
COR_MAIN_W_E;COR_MAIN_E2_S;WALK;FALSE;TRUE;TRUE;TRUE;06/02/2026 13:00;OK
COR_MAIN_W_E;COR_MAIN_W_M1;WALK;TRUE;TRUE;TRUE;TRUE;AUTO;ACTIVE
COR_MAIN_W_M1;COR_MAIN_W_W;WALK;TRUE;TRUE;TRUE;TRUE;AUTO;ACTIVE
COR_MAIN_W_W;COR_MAIN_W_E;WALK;FALSE;TRUE;TRUE;TRUE;06/02/2026 13:00;OK
COR_MAIN_W_W;ENT_W_MAIN;WALK;FALSE;TRUE;TRUE;TRUE;06/02/2026 13:02;OK
COR_MAIN_W_W;PHARMACY_MAIN_F0;WALK;TRUE;TRUE;TRUE;TRUE;09/02/2026 11:08;OK
COR_MAIN_W1_E;COR_MAIN_W1_M1;WALK;TRUE;TRUE;TRUE;TRUE;AUTO;ACTIVE
COR_MAIN_W1_M1;COR_MAIN_W1_W;WALK;TRUE;TRUE;TRUE;TRUE;AUTO;ACTIVE
COR_MAIN_W1_W;COR_MAIN_W_E;WALK;TRUE;TRUE;TRUE;TRUE;MANUAL;ACTIVE
COR_MAIN_W1_W;COR_MAIN_W1_E;WALK;FALSE;TRUE;TRUE;TRUE;06/02/2026 13:03;OK
COR_PLZ_CROSS_NS_N_F0;COR_PLZ_MAIN_N_F0;WALK;TRUE;TRUE;TRUE;TRUE;MANUAL;ACTIVE
COR_PLZ_CROSS_NS_N_F0;NODE_PLZ_CROSS_CENTER_F0;WALK;TRUE;TRUE;TRUE;TRUE;MANUAL;ACTIVE
COR_PLZ_CROSS_NS_S_F0;COR_PLZ_MAIN_S_F0;WALK;TRUE;TRUE;TRUE;TRUE;MANUAL;ACTIVE
COR_PLZ_CROSS_NS_S_F0;NODE_PLZ_CROSS_CENTER_F0;WALK;TRUE;TRUE;TRUE;TRUE;MANUAL;ACTIVE
COR_PLZ_CROSS_WE_E_F0;COR_PLZ_MAIN_E_F0;WALK;TRUE;TRUE;TRUE;TRUE;MANUAL;ACTIVE
COR_PLZ_CROSS_WE_E_F0;NODE_PLZ_CROSS_CENTER_F0;WALK;TRUE;TRUE;TRUE;TRUE;MANUAL;ACTIVE
COR_PLZ_CROSS_WE_W_F0;COR_PLZ_MAIN_W_F0;WALK;TRUE;TRUE;TRUE;TRUE;MANUAL;ACTIVE
COR_PLZ_CROSS_WE_W_F0;NODE_PLZ_CROSS_CENTER_F0;WALK;TRUE;TRUE;TRUE;TRUE;MANUAL;ACTIVE
COR_PLZ_E_E_F0;COR_PLZ_E_S_F0;WALK;TRUE;TRUE;TRUE;TRUE;manual;OK
COR_PLZ_E_E_F0;COR_PLZ_E_S_F0;WALK;TRUE;TRUE;TRUE;TRUE;MANUAL;ACTIVE
COR_PLZ_E_N_F0;COR_PLZ_E_E_F0;WALK;TRUE;TRUE;TRUE;TRUE;manual;OK
COR_PLZ_E_N_F0;COR_PLZ_E_E_F0;WALK;TRUE;TRUE;TRUE;TRUE;MANUAL;ACTIVE
COR_PLZ_E_N_F0;ESC_E_F0;WALK;TRUE;FALSE;TRUE;TRUE;MANUAL;ACTIVE
COR_PLZ_E_S_F0;COR_PLZ_E_W_F0;WALK;TRUE;TRUE;TRUE;TRUE;manual;OK
COR_PLZ_E_S_F0;COR_PLZ_E_W_F0;WALK;TRUE;TRUE;TRUE;TRUE;MANUAL;ACTIVE
COR_PLZ_E_S_F0;COR_PLZ_S_E_F0;WALK;TRUE;TRUE;TRUE;TRUE;MANUAL;ACTIVE
COR_PLZ_E_W_F0;COR_PLZ_E_N_F0;WALK;TRUE;TRUE;TRUE;TRUE;manual;OK
COR_PLZ_E_W_F0;COR_PLZ_E_N_F0;WALK;TRUE;TRUE;TRUE;TRUE;MANUAL;ACTIVE
COR_PLZ_E_W_F0;COR_PLZ_MAIN_E_F0;WALK;TRUE;TRUE;TRUE;TRUE;MANUAL;ACTIVE
COR_PLZ_FC_N_E_F1;COR_PLZ_FC_N_S_F1;WALK;TRUE;TRUE;TRUE;TRUE;manual;OK
COR_PLZ_FC_N_N_F1;COR_PLZ_FC_N_E_F1;WALK;TRUE;TRUE;TRUE;TRUE;manual;OK
COR_PLZ_FC_N_S_F1;COR_PLZ_FC_N_W_F1;WALK;TRUE;TRUE;TRUE;TRUE;manual;OK
COR_PLZ_FC_N_W_F1;COR_PLZ_FC_N_N_F1;WALK;TRUE;TRUE;TRUE;TRUE;manual;OK
COR_PLZ_FC_S_E_F1;COR_PLZ_FC_S_S_F1;WALK;TRUE;TRUE;TRUE;TRUE;manual;OK
COR_PLZ_FC_S_N_F1;COR_PLZ_FC_S_E_F1;WALK;TRUE;TRUE;TRUE;TRUE;manual;OK
COR_PLZ_FC_S_S_F1;COR_PLZ_FC_S_W_F1;WALK;TRUE;TRUE;TRUE;TRUE;manual;OK
COR_PLZ_MAIN_E_F0;COR_PLZ_MAIN_S_F0;WALK;TRUE;TRUE;TRUE;TRUE;manual;OK
COR_PLZ_MAIN_E_F0;COR_PLZ_MAIN_S_F0;WALK;TRUE;TRUE;TRUE;TRUE;MANUAL;ACTIVE
COR_PLZ_MAIN_E_F0;STR_C_MAIN_OUTSIDE_N_F0;WALK;TRUE;FALSE;FALSE;TRUE;MANUAL;ACTIVE
COR_PLZ_MAIN_N_F0;COR_PLZ_MAIN_E_F0;WALK;TRUE;TRUE;TRUE;TRUE;manual;OK
COR_PLZ_MAIN_N_F0;COR_PLZ_MAIN_E_F0;WALK;TRUE;TRUE;TRUE;TRUE;MANUAL;ACTIVE
COR_PLZ_MAIN_S_F0;COR_PLZ_MAIN_W_F0;WALK;TRUE;TRUE;TRUE;TRUE;manual;OK
COR_PLZ_MAIN_S_F0;COR_PLZ_MAIN_W_F0;WALK;TRUE;TRUE;TRUE;TRUE;MANUAL;ACTIVE
COR_PLZ_MAIN_S_F0;STR_C_MAIN_F0;WALK;TRUE;FALSE;FALSE;TRUE;MANUAL;ACTIVE
COR_PLZ_MAIN_S_F0;STR_C_MAIN_OUTSIDE_S_F0;WALK;TRUE;FALSE;FALSE;TRUE;MANUAL;ACTIVE
COR_PLZ_MAIN_W_F0;COR_PLZ_MAIN_N_F0;WALK;TRUE;TRUE;TRUE;TRUE;manual;OK
COR_PLZ_MAIN_W_F0;COR_PLZ_MAIN_N_F0;WALK;TRUE;TRUE;TRUE;TRUE;MANUAL;ACTIVE
COR_PLZ_N_E_F0;COR_PLZ_E_N_F0;WALK;TRUE;TRUE;TRUE;TRUE;MANUAL;ACTIVE
COR_PLZ_N_E_F0;COR_PLZ_N_S_F0;WALK;TRUE;TRUE;TRUE;TRUE;manual;OK
COR_PLZ_N_E_F0;COR_PLZ_N_S_F0;WALK;TRUE;TRUE;TRUE;TRUE;MANUAL;ACTIVE
COR_PLZ_N_N_F0;COR_PLZ_N_E_F0;WALK;TRUE;TRUE;TRUE;TRUE;manual;OK
COR_PLZ_N_N_F0;COR_PLZ_N_E_F0;WALK;TRUE;TRUE;TRUE;TRUE;MANUAL;ACTIVE
COR_PLZ_N_N_F0;ESC_N_F0;WALK;TRUE;FALSE;TRUE;TRUE;MANUAL;ACTIVE
COR_PLZ_N_S_F0;COR_PLZ_MAIN_N_F0;WALK;TRUE;TRUE;TRUE;TRUE;MANUAL;ACTIVE
COR_PLZ_N_S_F0;COR_PLZ_N_W_F0;WALK;TRUE;TRUE;TRUE;TRUE;manual;OK
COR_PLZ_N_S_F0;COR_PLZ_N_W_F0;WALK;TRUE;TRUE;TRUE;TRUE;MANUAL;ACTIVE
COR_PLZ_N_S_F0;STR_N_F0;WALK;TRUE;FALSE;FALSE;TRUE;MANUAL;ACTIVE
COR_PLZ_N_W_F0;COR_PLZ_N_N_F0;WALK;TRUE;TRUE;TRUE;TRUE;manual;OK
COR_PLZ_N_W_F0;COR_PLZ_N_N_F0;WALK;TRUE;TRUE;TRUE;TRUE;MANUAL;ACTIVE
COR_PLZ_N_W_F0;ELV_N_F0;WALK;TRUE;TRUE;TRUE;TRUE;MANUAL;ACTIVE
COR_PLZ_N_W_F0;STR_N_EXIT_F0;WALK;TRUE;FALSE;FALSE;TRUE;MANUAL;ACTIVE
COR_PLZ_S_E_F0;COR_PLZ_S_S_F0;WALK;TRUE;TRUE;TRUE;TRUE;manual;OK
COR_PLZ_S_E_F0;COR_PLZ_S_S_F0;WALK;TRUE;TRUE;TRUE;TRUE;MANUAL;ACTIVE
COR_PLZ_S_N_F0;COR_PLZ_MAIN_S_F0;WALK;TRUE;TRUE;TRUE;TRUE;MANUAL;ACTIVE
COR_PLZ_S_N_F0;COR_PLZ_S_E_F0;WALK;TRUE;TRUE;TRUE;TRUE;manual;OK
COR_PLZ_S_N_F0;COR_PLZ_S_E_F0;WALK;TRUE;TRUE;TRUE;TRUE;MANUAL;ACTIVE
COR_PLZ_S_N_F0;STR_W_F0;WALK;TRUE;FALSE;FALSE;TRUE;MANUAL;ACTIVE
COR_PLZ_S_S_F0;COR_PLZ_S_W_F0;WALK;TRUE;TRUE;TRUE;TRUE;manual;OK
COR_PLZ_S_S_F0;COR_PLZ_S_W_F0;WALK;TRUE;TRUE;TRUE;TRUE;MANUAL;ACTIVE
COR_PLZ_S_S_F0;ELV_W_F0;WALK;TRUE;TRUE;TRUE;TRUE;MANUAL;ACTIVE
COR_PLZ_S_S_F0;STR_W_OUTSIDE_F0;WALK;TRUE;FALSE;FALSE;TRUE;MANUAL;ACTIVE
COR_PLZ_S_W_F0;COR_PLZ_S_N_F0;WALK;TRUE;TRUE;TRUE;TRUE;manual;OK
COR_PLZ_S_W_F0;COR_PLZ_S_N_F0;WALK;TRUE;TRUE;TRUE;TRUE;MANUAL;ACTIVE
COR_PLZ_S_W_F0;COR_PLZ_W_S_F0;WALK;TRUE;TRUE;TRUE;TRUE;MANUAL;ACTIVE
COR_PLZ_S_W_F0;ELV_W1_F0;WALK;TRUE;TRUE;TRUE;TRUE;MANUAL;ACTIVE
COR_PLZ_S_W_F0;ESC_W_F0;WALK;TRUE;FALSE;TRUE;TRUE;MANUAL;ACTIVE
COR_PLZ_S_W_F0;STR_W1_OUTSIDE_F0;WALK;TRUE;FALSE;FALSE;TRUE;MANUAL;ACTIVE
COR_PLZ_STAGE_E_F0;COR_PLZ_STAGE_S_F0;WALK;TRUE;TRUE;TRUE;TRUE;manual;OK
COR_PLZ_STAGE_N_F0;COR_PLZ_STAGE_E_F0;WALK;TRUE;TRUE;TRUE;TRUE;manual;OK
COR_PLZ_STAGE_S_F0;COR_PLZ_STAGE_W_F0;WALK;TRUE;TRUE;TRUE;TRUE;manual;OK
COR_PLZ_STAGE_W_F0;COR_PLZ_STAGE_N_F0;WALK;TRUE;TRUE;TRUE;TRUE;manual;OK
COR_PLZ_W_E_F0;COR_PLZ_MAIN_W_F0;WALK;TRUE;TRUE;TRUE;TRUE;MANUAL;ACTIVE
COR_PLZ_W_E_F0;COR_PLZ_W_S_F0;WALK;TRUE;TRUE;TRUE;TRUE;manual;OK
COR_PLZ_W_E_F0;COR_PLZ_W_S_F0;WALK;TRUE;TRUE;TRUE;TRUE;MANUAL;ACTIVE
COR_PLZ_W_N_F0;COR_PLZ_N_W_F0;WALK;TRUE;TRUE;TRUE;TRUE;MANUAL;ACTIVE
COR_PLZ_W_N_F0;COR_PLZ_W_E_F0;WALK;TRUE;TRUE;TRUE;TRUE;manual;OK
COR_PLZ_W_N_F0;COR_PLZ_W_E_F0;WALK;TRUE;TRUE;TRUE;TRUE;MANUAL;ACTIVE
COR_PLZ_W_S_F0;COR_PLZ_W_W_F0;WALK;TRUE;TRUE;TRUE;TRUE;manual;OK
COR_PLZ_W_S_F0;COR_PLZ_W_W_F0;WALK;TRUE;TRUE;TRUE;TRUE;MANUAL;ACTIVE
COR_PLZ_W_W_F0;COR_PLZ_W_N_F0;WALK;TRUE;TRUE;TRUE;TRUE;manual;OK
COR_PLZ_W_W_F0;COR_PLZ_W_N_F0;WALK;TRUE;TRUE;TRUE;TRUE;MANUAL;ACTIVE
ELV_C_B1;ELV_C_F0;ELEVATOR;FALSE;TRUE;TRUE;TRUE;06/02/2026 13:05;OK
ELV_C_B1;ELV_C_F1;ELEVATOR;FALSE;TRUE;TRUE;TRUE;06/02/2026 13:05;OK
ELV_C_B1;NODE_PARKING_GARAGE_LVL_B1;ELEVATOR;FALSE;TRUE;TRUE;TRUE;06/02/2026 13:05;OK
ELV_C_F0;ELV_C_B1;ELEVATOR;FALSE;TRUE;TRUE;TRUE;06/02/2026 13:05;OK
ELV_C_F0;ELV_C_F1;ELEVATOR;TRUE;TRUE;TRUE;TRUE;MANUAL;ACTIVE
ELV_C_F0;ELV_C_F1;ELEVATOR;TRUE;TRUE;TRUE;TRUE;MANUAL;ACTIVE
ELV_C_F0;ESC_C_B1;ELEVATOR;FALSE;TRUE;TRUE;TRUE;06/02/2026 13:40;OK
ELV_C_F1;ELV_C_B1;ELEVATOR;FALSE;TRUE;TRUE;TRUE;06/02/2026 13:05;OK
ELV_N_F0;ELV_N_F1;ELEVATOR;FALSE;TRUE;TRUE;TRUE;06/02/2026 13:08;OK
ELV_N_F1;ELV_N_F0;ELEVATOR;FALSE;TRUE;TRUE;TRUE;06/02/2026 13:08;OK
ELV_N_F1;ENT_N_MAIN;ELEVATOR;FALSE;TRUE;TRUE;TRUE;06/02/2026 13:09;OK
ELV_W_B1;ELV_W_F0;ELEVATOR;FALSE;TRUE;TRUE;TRUE;06/02/2026 13:11;OK
ELV_W_B1;NODE_PARKING_GARAGE_LVL_B1;ELEVATOR;FALSE;TRUE;TRUE;TRUE;06/02/2026 13:11;OK
ELV_W_F0;COR_EXT_W_S;ELEVATOR;FALSE;TRUE;TRUE;TRUE;06/02/2026 13:14;OK
ELV_W_F0;ELV_W_B1;ELEVATOR;FALSE;TRUE;TRUE;TRUE;06/02/2026 13:11;OK
ELV_W_F0;STR_W_OUTSIDE_F0;ELEVATOR;TRUE;TRUE;TRUE;TRUE;09/02/2026 13:19;OK
ELV_W1_B1;ELV_W1_F0;ELEVATOR;FALSE;TRUE;TRUE;TRUE;06/02/2026 13:21;OK
ELV_W1_B1;NODE_PARKING_GARAGE_LVL_B1;ELEVATOR;FALSE;TRUE;TRUE;TRUE;06/02/2026 13:21;OK
ELV_W1_B1;STR_WEST1_OUTSIDE_B1;ELEVATOR;TRUE;TRUE;TRUE;TRUE;09/02/2026 13:20;OK
ELV_W1_F0;COR_EXT_W_N;ELEVATOR;FALSE;TRUE;TRUE;TRUE;06/02/2026 13:23;OK
ELV_W1_F0;ELV_W1_B1;ELEVATOR;FALSE;TRUE;TRUE;TRUE;06/02/2026 13:21;OK
ELV_W1_F0;STR_WEST1_OUTSIDE_F0;ELEVATOR;TRUE;TRUE;TRUE;TRUE;09/02/2026 13:21;OK
ENT_E_MAIN;COR_MAIN_E2_N;WALK;FALSE;TRUE;TRUE;TRUE;06/02/2026 12:49;OK
ENT_E_MAIN;NODE_EXT_E_ENTRANCE;WALK;FALSE;TRUE;TRUE;TRUE;06/02/2026 13:26;OK
ENT_N_MAIN;COR_EXT_N_MAIN_W;WALK;FALSE;TRUE;TRUE;TRUE;06/02/2026 13:29;OK
ENT_N_MAIN;ELV_N_F1;WALK;FALSE;TRUE;TRUE;TRUE;06/02/2026 13:09;OK
ENT_N_MAIN;ESC_N_F1;WALK;FALSE;TRUE;TRUE;TRUE;06/02/2026 13:29;OK
ENT_N_MAIN;NODE_EXT_N_ENTRANCE;WALK;FALSE;TRUE;TRUE;TRUE;06/02/2026 14:09;OK
ENT_N_MAIN;STR_N_EXIT_F1;WALK;FALSE;TRUE;TRUE;TRUE;06/02/2026 13:29;OK
ENT_PARKING_1;COR_EXT_MAIN_ENTRANCE_W;WALK;TRUE;TRUE;TRUE;TRUE;MANUAL;ACTIVE
ENT_PARKING_1;NODE_PARKING_GARAGE_LVL_B1;WALK;FALSE;TRUE;TRUE;TRUE;06/02/2026 13:33;OK
ENT_PARKING_2;NODE_PARKING_GARAGE_LVL_B1;WALK;FALSE;TRUE;TRUE;TRUE;06/02/2026 13:34;OK
ENT_PARKING_3;COR_EXT_E_N;WALK;TRUE;TRUE;TRUE;TRUE;MANUAL;ACTIVE
ENT_PARKING_3;NODE_PARKING_GARAGE_LVL_B1;WALK;FALSE;TRUE;TRUE;TRUE;06/02/2026 13:35;OK
ENT_PARKING_4;COR_EXT_E_M7;WALK;TRUE;TRUE;TRUE;TRUE;MANUAL;ACTIVE
ENT_PARKING_4;NODE_PARKING_GARAGE_LVL_B1;WALK;FALSE;TRUE;TRUE;TRUE;06/02/2026 13:35;OK
ENT_S_MAIN;COR_EXT_MAIN_ENTRANCE_M1;WALK;TRUE;TRUE;TRUE;TRUE;MANUAL;ACTIVE
ENT_S_MAIN;NODE_EXT_MAIN_ENTRANCE;WALK;FALSE;TRUE;TRUE;TRUE;06/02/2026 13:37;OK
ENT_W_MAIN;ATM_F0;WALK;FALSE;TRUE;TRUE;TRUE;06/02/2026 11:15;OK
ENT_W_MAIN;COR_MAIN_W_W;WALK;FALSE;TRUE;TRUE;TRUE;06/02/2026 13:02;OK
ENT_W_MAIN;NODE_EXT_W_ENTRANCE;WALK;FALSE;TRUE;TRUE;TRUE;06/02/2026 13:38;OK
ESC_C_B1;ELV_C_F0;ESCALATOR;FALSE;FALSE;TRUE;TRUE;06/02/2026 13:40;OK
ESC_C_B1;NODE_PARKING_GARAGE_LVL_B1;ESCALATOR;FALSE;FALSE;TRUE;TRUE;06/02/2026 13:40;OK
ESC_C_F0;ESC_C_B1;ESCALATOR;TRUE;FALSE;TRUE;TRUE;MANUAL;ACTIVE
ESC_C_F0;ESC_C_B1;ESCALATOR;TRUE;FALSE;TRUE;TRUE;MANUAL;ACTIVE
ESC_C_F0;ESC_C_FC_F1;ESCALATOR;FALSE;FALSE;TRUE;TRUE;06/02/2026 13:41;OK
ESC_C_FC_F0;ESC_C_FC_F1;ESCALATOR;FALSE;FALSE;TRUE;TRUE;06/02/2026 13:41;OK
ESC_C_FC_F1;ESC_C_F0;ESCALATOR;FALSE;FALSE;TRUE;TRUE;06/02/2026 13:41;OK
ESC_C_FC_F1;ESC_C_FC_F0;ESCALATOR;FALSE;FALSE;TRUE;TRUE;06/02/2026 13:41;OK
ESC_E_B1;ESC_E_F0;ESCALATOR;FALSE;FALSE;TRUE;TRUE;06/02/2026 13:42;OK
ESC_E_B1;NODE_PARKING_GARAGE_LVL_B1;ESCALATOR;FALSE;FALSE;TRUE;TRUE;06/02/2026 13:42;OK
ESC_E_F0;ESC_E_B1;ESCALATOR;FALSE;FALSE;TRUE;TRUE;06/02/2026 13:42;OK
ESC_N_F0;ESC_N_F1;ESCALATOR;FALSE;FALSE;TRUE;TRUE;06/02/2026 13:44;OK
ESC_N_F1;ENT_N_MAIN;ESCALATOR;FALSE;FALSE;TRUE;TRUE;06/02/2026 13:29;OK
ESC_N_F1;ESC_N_F0;ESCALATOR;FALSE;FALSE;TRUE;TRUE;06/02/2026 13:44;OK
ESC_W_B1;ESC_W_F0;ESCALATOR;FALSE;FALSE;TRUE;TRUE;06/02/2026 13:45;OK
ESC_W_B1;NODE_PARKING_GARAGE_LVL_B1;ESCALATOR;FALSE;FALSE;TRUE;TRUE;06/02/2026 13:45;OK
ESC_W_F0;ESC_W_B1;ESCALATOR;FALSE;FALSE;TRUE;TRUE;06/02/2026 13:45;OK
EV_CHARGING_1_F0;NODE_EXT_W_ENTRANCE;WALK;FALSE;TRUE;TRUE;TRUE;06/02/2026 13:52;OK
EV_CHARGING_2_B1;NODE_PARKING_GARAGE_LVL_B1;WALK;FALSE;TRUE;TRUE;TRUE;06/02/2026 13:52;OK
EXT_GAS_STATION_PARKING;COR_EXT_W_N;WALK;FALSE;TRUE;TRUE;TRUE;06/02/2026 13:55;OK
EXT_GAS_STATION_PARKING;PARKING_LOT_W;WALK;FALSE;TRUE;TRUE;TRUE;09/02/2026 7:55;OK
LOCKER_AMAZON_B1;NODE_PARKING_GARAGE_LVL_B1;WALK;FALSE;TRUE;TRUE;TRUE;06/02/2026 13:56;OK
LOCKER_CORREOS_B1;NODE_PARKING_GARAGE_LVL_B1;WALK;FALSE;TRUE;TRUE;TRUE;06/02/2026 13:57;OK
NODE_DOOR_100_MONTADITOS;COR_PLZ_FC_S_S_F1;WALK;TRUE;TRUE;TRUE;TRUE;MANUAL;ACTIVE
NODE_DOOR_100_MONTADITOS;STORE_100_MONTADITOS;WALK;FALSE;TRUE;TRUE;TRUE;manual;OK
NODE_DOOR_ADIDASORIGINALS;COR_PLZ_CROSS_WE_E_F0;WALK;TRUE;TRUE;TRUE;TRUE;MANUAL;ACTIVE
NODE_DOOR_ADIDASORIGINALS;STORE_ADIDASORIGINALS;WALK;FALSE;TRUE;TRUE;TRUE;manual;OK
NODE_DOOR_ALCAMPO_N;COR_COVERED_N;WALK;TRUE;TRUE;TRUE;TRUE;MANUAL;ACTIVE
NODE_DOOR_ALCAMPO_N;STORE_ALCAMPO_N;WALK;FALSE;TRUE;TRUE;TRUE;manual;OK
NODE_DOOR_ALCAMPO_S;COR_COVERED_M1;WALK;TRUE;TRUE;TRUE;TRUE;MANUAL;ACTIVE
NODE_DOOR_ALCAMPO_S;STORE_ALCAMPO_S;WALK;FALSE;TRUE;TRUE;TRUE;manual;OK
NODE_DOOR_ALEHOP;STORE_ALEHOP;WALK;FALSE;TRUE;TRUE;TRUE;manual;OK
NODE_DOOR_ALEJOR;COR_MAIN_N1_N;WALK;TRUE;TRUE;TRUE;TRUE;MANUAL;ACTIVE
NODE_DOOR_ALEJOR;STORE_ALEJOR;WALK;FALSE;TRUE;TRUE;TRUE;manual;OK
NODE_DOOR_AVATEL;COR_PLZ_W_W_F0;WALK;TRUE;TRUE;TRUE;TRUE;MANUAL;ACTIVE
NODE_DOOR_AVATEL;STORE_AVATEL;WALK;FALSE;TRUE;TRUE;TRUE;manual;OK
NODE_DOOR_BANKCAJARURAL;COR_MAIN_W_W;WALK;TRUE;TRUE;TRUE;TRUE;MANUAL;ACTIVE
NODE_DOOR_BANKCAJARURAL;STORE_BANKCAJARURAL;WALK;FALSE;TRUE;TRUE;TRUE;manual;OK
NODE_DOOR_BELROS;COR_PLZ_N_S_F0;WALK;TRUE;TRUE;TRUE;TRUE;MANUAL;ACTIVE
NODE_DOOR_BELROS;STORE_BELROS;WALK;FALSE;TRUE;TRUE;TRUE;manual;OK
NODE_DOOR_BENETTON;COR_MAIN_E_N;WALK;TRUE;TRUE;TRUE;TRUE;MANUAL;ACTIVE
NODE_DOOR_BENETTON;STORE_BENETTON;WALK;FALSE;TRUE;TRUE;TRUE;manual;OK
NODE_DOOR_BERSHKA;COR_MAIN_N_S;WALK;TRUE;TRUE;TRUE;TRUE;MANUAL;ACTIVE
NODE_DOOR_BERSHKA;STORE_BERSHKA;WALK;FALSE;TRUE;TRUE;TRUE;manual;OK
NODE_DOOR_BIGGERBETTERBURGER;COR_PLZ_FC_S_S_F1;WALK;TRUE;TRUE;TRUE;TRUE;MANUAL;ACTIVE
NODE_DOOR_BIGGERBETTERBURGER;STORE_BIGGERBETTERBURGER;WALK;FALSE;TRUE;TRUE;TRUE;manual;OK
NODE_DOOR_BIJOUBRIGITTE;COR_MAIN_W1_E;WALK;TRUE;TRUE;TRUE;TRUE;MANUAL;ACTIVE
NODE_DOOR_BIJOUBRIGITTE;STORE_BIJOUBRIGITTE;WALK;FALSE;TRUE;TRUE;TRUE;manual;OK
NODE_DOOR_BLACK;COR_PLZ_E_W_F0;WALK;TRUE;TRUE;TRUE;TRUE;MANUAL;ACTIVE
NODE_DOOR_BLACK;STORE_BLACK;WALK;FALSE;TRUE;TRUE;TRUE;manual;OK
NODE_DOOR_BOMBONBOSS;COR_MAIN_E1_N;WALK;TRUE;TRUE;TRUE;TRUE;MANUAL;ACTIVE
NODE_DOOR_BOMBONBOSS;STORE_BOMBONBOSS;WALK;FALSE;TRUE;TRUE;TRUE;manual;OK
NODE_DOOR_BOSTON;COR_COVERED_M1;WALK;TRUE;TRUE;TRUE;TRUE;MANUAL;ACTIVE
NODE_DOOR_BOSTON;STORE_BOSTON;WALK;FALSE;TRUE;TRUE;TRUE;manual;OK
NODE_DOOR_BOTTICELLI;COR_MAIN_W1_W;WALK;TRUE;TRUE;TRUE;TRUE;MANUAL;ACTIVE
NODE_DOOR_BOTTICELLI;STORE_BOTTICELLI;WALK;FALSE;TRUE;TRUE;TRUE;manual;OK
NODE_DOOR_BOWLING;COR_PLZ_MAIN_S_F0;WALK;TRUE;TRUE;TRUE;TRUE;MANUAL;ACTIVE
NODE_DOOR_BOWLING;STORE_BOWLING;WALK;FALSE;TRUE;TRUE;TRUE;manual;OK
NODE_DOOR_CA;COR_COVERED_M1;WALK;TRUE;TRUE;TRUE;TRUE;MANUAL;ACTIVE
NODE_DOOR_CA;STORE_CA;WALK;FALSE;TRUE;TRUE;TRUE;manual;OK
NODE_DOOR_CAFEOLE;COR_PLZ_CROSS_WE_E_F0;WALK;TRUE;TRUE;TRUE;TRUE;MANUAL;ACTIVE
NODE_DOOR_CAFEOLE;STORE_CAFEOLE;WALK;FALSE;TRUE;TRUE;TRUE;manual;OK
NODE_DOOR_CAFETERIAEXPRE3SS;COR_COVERED_S;WALK;TRUE;TRUE;TRUE;TRUE;MANUAL;ACTIVE
NODE_DOOR_CAFETERIAEXPRE3SS;STORE_CAFETERIAEXPRE3SS;WALK;FALSE;TRUE;TRUE;TRUE;manual;OK
NODE_DOOR_CALZEDONIA;COR_PLZ_E_S_F0;WALK;TRUE;TRUE;TRUE;TRUE;MANUAL;ACTIVE
NODE_DOOR_CALZEDONIA;STORE_CALZEDONIA;WALK;FALSE;TRUE;TRUE;TRUE;manual;OK
NODE_DOOR_CASINO;STORE_CASINO;WALK;FALSE;TRUE;TRUE;TRUE;manual;OK
NODE_DOOR_CHE;COR_PLZ_FC_S_N_F1;WALK;TRUE;TRUE;TRUE;TRUE;MANUAL;ACTIVE
NODE_DOOR_CHE;STORE_CHE;WALK;FALSE;TRUE;TRUE;TRUE;manual;OK
NODE_DOOR_CLAIRES;COR_MAIN_N_N;WALK;TRUE;TRUE;TRUE;TRUE;MANUAL;ACTIVE
NODE_DOOR_CLAIRES;STORE_CLAIRES;WALK;FALSE;TRUE;TRUE;TRUE;manual;OK
NODE_DOOR_CONFORMA;STORE_CONFORMA;WALK;FALSE;TRUE;TRUE;TRUE;manual;OK
NODE_DOOR_CONFORMA_2;COR_EXT_N_MAIN_M1;WALK;TRUE;TRUE;TRUE;TRUE;MANUAL;ACTIVE
NODE_DOOR_CORTEFIEL;COR_MAIN_E1_S;WALK;TRUE;TRUE;TRUE;TRUE;MANUAL;ACTIVE
NODE_DOOR_CORTEFIEL;STORE_CORTEFIEL;WALK;FALSE;TRUE;TRUE;TRUE;manual;OK
NODE_DOOR_COSTABLANCAWOHNUNGEN;COR_PLZ_W_W_F0;WALK;TRUE;TRUE;TRUE;TRUE;MANUAL;ACTIVE
NODE_DOOR_DAFAVOLA;COR_COVERED_M1;WALK;TRUE;TRUE;TRUE;TRUE;MANUAL;ACTIVE
NODE_DOOR_DECATHLON;STORE_DECATHLON;WALK;FALSE;TRUE;TRUE;TRUE;manual;OK
NODE_DOOR_DECIMAS;COR_MAIN_E2_N;WALK;TRUE;TRUE;TRUE;TRUE;MANUAL;ACTIVE
NODE_DOOR_DECIMAS;STORE_DECIMAS;WALK;FALSE;TRUE;TRUE;TRUE;manual;OK
NODE_DOOR_DEICHMANN;COR_PLZ_W_S_F0;WALK;TRUE;TRUE;TRUE;TRUE;MANUAL;ACTIVE
NODE_DOOR_DEICHMANN;STORE_DEICHMANN;WALK;FALSE;TRUE;TRUE;TRUE;manual;OK
NODE_DOOR_DESIGUAL;COR_MAIN_E1_S;WALK;TRUE;TRUE;TRUE;TRUE;MANUAL;ACTIVE
NODE_DOOR_DESIGUAL;STORE_DESIGUAL;WALK;FALSE;TRUE;TRUE;TRUE;manual;OK
NODE_DOOR_DRUNI;COR_MAIN_E1_S;WALK;TRUE;TRUE;TRUE;TRUE;MANUAL;ACTIVE
NODE_DOOR_DRUNI;STORE_DRUNI;WALK;FALSE;TRUE;TRUE;TRUE;manual;OK
NODE_DOOR_ELKIOSKO;COR_PLZ_FC_N_S_F1;WALK;TRUE;TRUE;TRUE;TRUE;MANUAL;ACTIVE
NODE_DOOR_FASHIONNAILS;COR_MAIN_N1_S;WALK;TRUE;TRUE;TRUE;TRUE;MANUAL;ACTIVE
NODE_DOOR_FIRST_AID_F0;COR_PLZ_STAGE_W_F0;WALK;TRUE;TRUE;TRUE;TRUE;MANUAL;ACTIVE
NODE_DOOR_FLYINGTIGER;COR_MAIN_E1_S;WALK;TRUE;TRUE;TRUE;TRUE;MANUAL;ACTIVE
NODE_DOOR_FLYINGTIGER;STORE_FLYINGTIGER;WALK;FALSE;TRUE;TRUE;TRUE;manual;OK
NODE_DOOR_FOSTERS;COR_PLZ_FC_S_W_F1;WALK;TRUE;TRUE;TRUE;TRUE;MANUAL;ACTIVE
NODE_DOOR_GAME;COR_MAIN_N1_S;WALK;TRUE;TRUE;TRUE;TRUE;MANUAL;ACTIVE
NODE_DOOR_GELATERIA;COR_PLZ_FC_S_N_F1;WALK;TRUE;TRUE;TRUE;TRUE;MANUAL;ACTIVE
NODE_DOOR_GEOX;COR_MAIN_W_E;WALK;TRUE;TRUE;TRUE;TRUE;MANUAL;ACTIVE
NODE_DOOR_GEOX;STORE_GEOX;WALK;FALSE;TRUE;TRUE;TRUE;manual;OK
NODE_DOOR_GOLDRUSH;COR_COVERED_M1;WALK;TRUE;TRUE;TRUE;TRUE;MANUAL;ACTIVE
NODE_DOOR_GOURMETCAFE;COR_PLZ_S_S_F0;WALK;TRUE;TRUE;TRUE;TRUE;MANUAL;ACTIVE
NODE_DOOR_GRABA2;COR_MAIN_W1_W;WALK;TRUE;TRUE;TRUE;TRUE;MANUAL;ACTIVE
NODE_DOOR_GREENWICH;COR_MAIN_E1_N;WALK;TRUE;TRUE;TRUE;TRUE;MANUAL;ACTIVE
NODE_DOOR_GUESS_N;COR_MAIN_N1_N;WALK;TRUE;TRUE;TRUE;TRUE;MANUAL;ACTIVE
NODE_DOOR_GUESS_N;STORE_GUESS_N;WALK;FALSE;TRUE;TRUE;TRUE;manual;OK
NODE_DOOR_GUESS_S;COR_MAIN_W1_W;WALK;TRUE;TRUE;TRUE;TRUE;MANUAL;ACTIVE
NODE_DOOR_GUESS_S;STORE_GUESS_S;WALK;FALSE;TRUE;TRUE;TRUE;manual;OK
NODE_DOOR_GUESS_SS;COR_MAIN_W_E;WALK;TRUE;TRUE;TRUE;TRUE;MANUAL;ACTIVE
NODE_DOOR_HAAGEN_DASZ;COR_MAIN_E1_N;WALK;TRUE;TRUE;TRUE;TRUE;MANUAL;ACTIVE
NODE_DOOR_HM_E;COR_PLZ_E_S_F0;WALK;TRUE;TRUE;TRUE;TRUE;MANUAL;ACTIVE
NODE_DOOR_HM_E;STORE_HM_E;WALK;FALSE;TRUE;TRUE;TRUE;manual;OK
NODE_DOOR_HM_W;COR_MAIN_N1_S;WALK;TRUE;TRUE;TRUE;TRUE;MANUAL;ACTIVE
NODE_DOOR_HM_W;STORE_HM_W;WALK;FALSE;TRUE;TRUE;TRUE;manual;OK
NODE_DOOR_ICECREAM;COR_MAIN_W1_E;WALK;TRUE;TRUE;TRUE;TRUE;MANUAL;ACTIVE
NODE_DOOR_IKEA;COR_MAIN_N1_N;WALK;TRUE;TRUE;TRUE;TRUE;MANUAL;ACTIVE
NODE_DOOR_IKEA;STORE_IKEA;WALK;FALSE;TRUE;TRUE;TRUE;manual;OK
NODE_DOOR_INFINITYLOVE;COR_MAIN_E1_S;WALK;TRUE;TRUE;TRUE;TRUE;MANUAL;ACTIVE
NODE_DOOR_INSIDE;COR_PLZ_W_E_F0;WALK;TRUE;TRUE;TRUE;TRUE;MANUAL;ACTIVE
NODE_DOOR_IPANEMA;COR_PLZ_N_W_F0;WALK;TRUE;TRUE;TRUE;TRUE;MANUAL;ACTIVE
NODE_DOOR_JIJONENCA;COR_MAIN_W1_E;WALK;TRUE;TRUE;TRUE;TRUE;MANUAL;ACTIVE
NODE_DOOR_KEBABEXPRESS;COR_PLZ_FC_S_S_F1;WALK;TRUE;TRUE;TRUE;TRUE;MANUAL;ACTIVE
NODE_DOOR_KIKOMILANO;COR_PLZ_E_S_F0;WALK;TRUE;TRUE;TRUE;TRUE;MANUAL;ACTIVE
NODE_DOOR_KOALABAY;COR_MAIN_E1_N;WALK;TRUE;TRUE;TRUE;TRUE;MANUAL;ACTIVE
NODE_DOOR_LA_TAGLIATELLA;COR_PLZ_FC_S_E_F1;WALK;TRUE;TRUE;TRUE;TRUE;MANUAL;ACTIVE
NODE_DOOR_LASERESTETIC;COR_PLZ_N_E_F0;WALK;TRUE;TRUE;TRUE;TRUE;MANUAL;ACTIVE
NODE_DOOR_LEFTIES;COR_MAIN_N_N;WALK;TRUE;TRUE;TRUE;TRUE;MANUAL;ACTIVE
NODE_DOOR_LEFTIES;STORE_LEFTIES;WALK;FALSE;TRUE;TRUE;TRUE;manual;OK
NODE_DOOR_LEROY_MERLIN;STORE_LEROY_MERLIN;WALK;FALSE;TRUE;TRUE;TRUE;manual;OK
NODE_DOOR_LEVIS;COR_MAIN_N1_N;WALK;TRUE;TRUE;TRUE;TRUE;MANUAL;ACTIVE
NODE_DOOR_LEVIS;STORE_LEVIS;WALK;FALSE;TRUE;TRUE;TRUE;manual;OK
NODE_DOOR_LIONOFPORCHES;COR_PLZ_S_N_F0;WALK;TRUE;TRUE;TRUE;TRUE;MANUAL;ACTIVE
NODE_DOOR_LIZARRAN;COR_PLZ_FC_S_E_F1;WALK;TRUE;TRUE;TRUE;TRUE;MANUAL;ACTIVE
NODE_DOOR_LOCKER_AMAZON_B1;COR_PLZ_W_S_F0;WALK;TRUE;TRUE;TRUE;TRUE;MANUAL;ACTIVE
NODE_DOOR_LOCKER_CORREOS_B1;COR_PLZ_W_S_F0;WALK;TRUE;TRUE;TRUE;TRUE;MANUAL;ACTIVE
NODE_DOOR_LOTERIA;COR_MAIN_N1_S;WALK;TRUE;TRUE;TRUE;TRUE;MANUAL;ACTIVE
NODE_DOOR_LOWCOST;COR_PLZ_S_W_F0;WALK;TRUE;TRUE;TRUE;TRUE;MANUAL;ACTIVE
NODE_DOOR_LUXENTER;COR_MAIN_N_N;WALK;TRUE;TRUE;TRUE;TRUE;MANUAL;ACTIVE
NODE_DOOR_LUXURYFOOD;COR_MAIN_W1_E;WALK;TRUE;TRUE;TRUE;TRUE;MANUAL;ACTIVE
NODE_DOOR_MANGO;COR_PLZ_E_W_F0;WALK;TRUE;TRUE;TRUE;TRUE;MANUAL;ACTIVE
NODE_DOOR_MANGO;STORE_MANGO;WALK;FALSE;TRUE;TRUE;TRUE;manual;OK
NODE_DOOR_MARVIMUNDO;COR_COVERED_M1;WALK;TRUE;TRUE;TRUE;TRUE;MANUAL;ACTIVE
NODE_DOOR_MASSIMODUTTI_N;COR_MAIN_E_S;WALK;TRUE;TRUE;TRUE;TRUE;MANUAL;ACTIVE
NODE_DOOR_MASSIMODUTTI_N;STORE_MASSIMODUTTI_N;WALK;FALSE;TRUE;TRUE;TRUE;manual;OK
NODE_DOOR_MASSIMODUTTI_S;COR_MAIN_E_S;WALK;TRUE;TRUE;TRUE;TRUE;MANUAL;ACTIVE
NODE_DOOR_MASSIMODUTTI_S;STORE_MASSIMODUTTI_S;WALK;FALSE;TRUE;TRUE;TRUE;manual;OK
NODE_DOOR_MAXCOLCHON;COR_PLZ_S_W_F0;WALK;TRUE;TRUE;TRUE;TRUE;MANUAL;ACTIVE
NODE_DOOR_MAXIMA;COR_MAIN_E1_N;WALK;TRUE;TRUE;TRUE;TRUE;MANUAL;ACTIVE
NODE_DOOR_MAYKA_N;COR_MAIN_E1_S;WALK;TRUE;TRUE;TRUE;TRUE;MANUAL;ACTIVE
NODE_DOOR_MAYKA_S;COR_PLZ_STAGE_W_F0;WALK;TRUE;TRUE;TRUE;TRUE;MANUAL;ACTIVE
NODE_DOOR_ME;COR_MAIN_N1_S;WALK;TRUE;TRUE;TRUE;TRUE;MANUAL;ACTIVE
NODE_DOOR_MEDIAMARKT;COR_PLZ_MAIN_E_F0;WALK;TRUE;TRUE;TRUE;TRUE;MANUAL;ACTIVE
NODE_DOOR_MEDIAMARKT;STORE_MEDIAMARKT;WALK;FALSE;TRUE;TRUE;TRUE;manual;OK
NODE_DOOR_MISAKO;COR_MAIN_E2_N;WALK;TRUE;TRUE;TRUE;TRUE;MANUAL;ACTIVE
NODE_DOOR_MISTERMINT;COR_PLZ_N_E_F0;WALK;TRUE;TRUE;TRUE;TRUE;MANUAL;ACTIVE
NODE_DOOR_MR_PEOPLE;COR_MAIN_W1_E;WALK;TRUE;TRUE;TRUE;TRUE;MANUAL;ACTIVE
NODE_DOOR_MUERDELAPASTA;COR_PLZ_FC_N_S_F1;WALK;TRUE;TRUE;TRUE;TRUE;MANUAL;ACTIVE
NODE_DOOR_MYTAPA;COR_PLZ_FC_S_E_F1;WALK;TRUE;TRUE;TRUE;TRUE;MANUAL;ACTIVE
NODE_DOOR_NAILS;COR_COVERED_M1;WALK;TRUE;TRUE;TRUE;TRUE;MANUAL;ACTIVE
NODE_DOOR_NATURAGIFTSHOP;COR_PLZ_MAIN_E_F0;WALK;TRUE;TRUE;TRUE;TRUE;MANUAL;ACTIVE
NODE_DOOR_OYSHO;COR_PLZ_CROSS_NS_N_F0;WALK;TRUE;TRUE;TRUE;TRUE;MANUAL;ACTIVE
NODE_DOOR_OYSHO;STORE_OYSHO;WALK;FALSE;TRUE;TRUE;TRUE;manual;OK
NODE_DOOR_PACOMARTINEZ;COR_MAIN_W1_E;WALK;TRUE;TRUE;TRUE;TRUE;MANUAL;ACTIVE
NODE_DOOR_PALPELO_E;COR_PLZ_N_E_F0;WALK;TRUE;TRUE;TRUE;TRUE;MANUAL;ACTIVE
NODE_DOOR_PALPELO_W;COR_PLZ_N_E_F0;WALK;TRUE;TRUE;TRUE;TRUE;MANUAL;ACTIVE
NODE_DOOR_PANDORA;COR_MAIN_W1_E;WALK;TRUE;TRUE;TRUE;TRUE;MANUAL;ACTIVE
NODE_DOOR_PANDORA;STORE_PANDORA;WALK;FALSE;TRUE;TRUE;TRUE;manual;OK
NODE_DOOR_PARFOIS;COR_MAIN_E1_S;WALK;TRUE;TRUE;TRUE;TRUE;MANUAL;ACTIVE
NODE_DOOR_PASGAR;COR_PLZ_STAGE_N_F0;WALK;TRUE;TRUE;TRUE;TRUE;MANUAL;ACTIVE
NODE_DOOR_PEPEJEANS;COR_PLZ_S_W_F0;WALK;TRUE;TRUE;TRUE;TRUE;MANUAL;ACTIVE
NODE_DOOR_PEWTER;COR_MAIN_N_S;WALK;TRUE;TRUE;TRUE;TRUE;MANUAL;ACTIVE
NODE_DOOR_PHARMACY;COR_MAIN_W_W;WALK;TRUE;TRUE;TRUE;TRUE;MANUAL;ACTIVE
NODE_DOOR_POLINESIA;COR_MAIN_E1_S;WALK;TRUE;TRUE;TRUE;TRUE;MANUAL;ACTIVE
NODE_DOOR_POPEYES;COR_PLZ_FC_S_N_F1;WALK;TRUE;TRUE;TRUE;TRUE;MANUAL;ACTIVE
NODE_DOOR_PRIMARK;COR_PLZ_N_W_F0;WALK;TRUE;TRUE;TRUE;TRUE;MANUAL;ACTIVE
NODE_DOOR_PRIMARK;STORE_PRIMARK;WALK;FALSE;TRUE;TRUE;TRUE;manual;OK
NODE_DOOR_PRIMICHI;COR_MAIN_E1_N;WALK;TRUE;TRUE;TRUE;TRUE;MANUAL;ACTIVE
NODE_DOOR_PRIMOR;COR_PLZ_N_N_F0;WALK;TRUE;TRUE;TRUE;TRUE;MANUAL;ACTIVE
NODE_DOOR_PULLBEAR;COR_PLZ_MAIN_W_F0;WALK;TRUE;TRUE;TRUE;TRUE;MANUAL;ACTIVE
NODE_DOOR_PULLBEAR;STORE_PULLBEAR;WALK;FALSE;TRUE;TRUE;TRUE;manual;OK
NODE_DOOR_PUNTROMA;COR_PLZ_W_E_F0;WALK;TRUE;TRUE;TRUE;TRUE;MANUAL;ACTIVE
NODE_DOOR_RESTAURANTCASACARMEN;COR_PLZ_FC_N_N_F1;WALK;TRUE;TRUE;TRUE;TRUE;MANUAL;ACTIVE
NODE_DOOR_RITUALS;COR_MAIN_N1_N;WALK;TRUE;TRUE;TRUE;TRUE;MANUAL;ACTIVE
NODE_DOOR_RITUALS;STORE_RITUALS;WALK;FALSE;TRUE;TRUE;TRUE;manual;OK
NODE_DOOR_ROBERTOMARTIN;COR_COVERED_M1;WALK;TRUE;TRUE;TRUE;TRUE;MANUAL;ACTIVE
NODE_DOOR_RXS;COR_MAIN_N1_S;WALK;TRUE;TRUE;TRUE;TRUE;MANUAL;ACTIVE
NODE_DOOR_SANTOSOCHOA;COR_MAIN_E_N;WALK;TRUE;TRUE;TRUE;TRUE;MANUAL;ACTIVE
NODE_DOOR_SAXO;COR_MAIN_W1_E;WALK;TRUE;TRUE;TRUE;TRUE;MANUAL;ACTIVE
NODE_DOOR_SCOTTA;COR_MAIN_W1_W;WALK;TRUE;TRUE;TRUE;TRUE;MANUAL;ACTIVE
NODE_DOOR_SMOOY;COR_COVERED_M1;WALK;TRUE;TRUE;TRUE;TRUE;MANUAL;ACTIVE
NODE_DOOR_SOLOOPTICAL_E;COR_MAIN_N1_S;WALK;TRUE;TRUE;TRUE;TRUE;MANUAL;ACTIVE
NODE_DOOR_SOLOOPTICAL_W;COR_PLZ_W_W_F0;WALK;TRUE;TRUE;TRUE;TRUE;MANUAL;ACTIVE
NODE_DOOR_SPRINGFIELD;COR_MAIN_N_S;WALK;TRUE;TRUE;TRUE;TRUE;MANUAL;ACTIVE
NODE_DOOR_STARBUCKS;COR_MAIN_N1_N;WALK;TRUE;TRUE;TRUE;TRUE;MANUAL;ACTIVE
NODE_DOOR_STRADIVARIUS;COR_PLZ_STAGE_W_F0;WALK;TRUE;TRUE;TRUE;TRUE;MANUAL;ACTIVE
NODE_DOOR_STRADIVARIUS;STORE_STRADIVARIUS;WALK;FALSE;TRUE;TRUE;TRUE;manual;OK
NODE_DOOR_SUPERDRY;COR_MAIN_E1_S;WALK;TRUE;TRUE;TRUE;TRUE;MANUAL;ACTIVE
NODE_DOOR_SUPERDRY;STORE_SUPERDRY;WALK;FALSE;TRUE;TRUE;TRUE;manual;OK
NODE_DOOR_SWAROVSKI;COR_MAIN_W1_E;WALK;TRUE;TRUE;TRUE;TRUE;MANUAL;ACTIVE
NODE_DOOR_TACOBELL;COR_PLZ_FC_N_S_F1;WALK;TRUE;TRUE;TRUE;TRUE;MANUAL;ACTIVE
NODE_DOOR_TEASHOP;COR_MAIN_W1_W;WALK;TRUE;TRUE;TRUE;TRUE;MANUAL;ACTIVE
NODE_DOOR_TERRASSA;COR_PLZ_MAIN_S_F0;WALK;TRUE;TRUE;TRUE;TRUE;MANUAL;ACTIVE
NODE_DOOR_THEBODYSHOP;COR_MAIN_W1_W;WALK;TRUE;TRUE;TRUE;TRUE;MANUAL;ACTIVE
NODE_DOOR_THEFITZGERALD;COR_PLZ_FC_N_S_F1;WALK;TRUE;TRUE;TRUE;TRUE;MANUAL;ACTIVE
NODE_DOOR_THENORTHFACE;COR_MAIN_E1_S;WALK;TRUE;TRUE;TRUE;TRUE;MANUAL;ACTIVE
NODE_DOOR_TIENDANIMAL;COR_MAIN_N1_N;WALK;TRUE;TRUE;TRUE;TRUE;MANUAL;ACTIVE
NODE_DOOR_TIMEROAD;COR_MAIN_N_S;WALK;TRUE;TRUE;TRUE;TRUE;MANUAL;ACTIVE
NODE_DOOR_TOUS;COR_PLZ_S_E_F0;WALK;TRUE;TRUE;TRUE;TRUE;MANUAL;ACTIVE
NODE_DOOR_TRAMAS;COR_MAIN_N1_S;WALK;TRUE;TRUE;TRUE;TRUE;MANUAL;ACTIVE
NODE_DOOR_ULANKA;COR_MAIN_N1_S;WALK;TRUE;TRUE;TRUE;TRUE;MANUAL;ACTIVE
NODE_DOOR_UNKNOWN_MAYKA_FLYING;COR_MAIN_N1_N;WALK;TRUE;TRUE;TRUE;TRUE;MANUAL;ACTIVE
NODE_DOOR_UNKNOWN_MAYKA_FLYING;STORE_UNKNOWN_MAYKA_FLYING;WALK;FALSE;TRUE;TRUE;TRUE;manual;OK
NODE_DOOR_UNKNOWN_SUNGLASSES_SMOOY;COR_COVERED_M1;WALK;TRUE;TRUE;TRUE;TRUE;MANUAL;ACTIVE
NODE_DOOR_UNKNOWN_SUNGLASSES_SMOOY;STORE_UNKNOWN_SUNGLASSES_SMOOY;WALK;FALSE;TRUE;TRUE;TRUE;manual;OK
NODE_DOOR_VANS;COR_MAIN_E1_S;WALK;TRUE;TRUE;TRUE;TRUE;MANUAL;ACTIVE
NODE_DOOR_WC_C_F0;COR_PLZ_STAGE_N_F0;WALK;TRUE;TRUE;TRUE;TRUE;MANUAL;ACTIVE
NODE_DOOR_WC_C_F1;COR_PLZ_FC_N_N_F1;WALK;TRUE;TRUE;TRUE;TRUE;MANUAL;ACTIVE
NODE_DOOR_WC_N_F0;COR_PLZ_N_W_F0;WALK;TRUE;TRUE;TRUE;TRUE;MANUAL;ACTIVE
NODE_DOOR_WC_S_F0;COR_PLZ_S_S_F0;WALK;TRUE;TRUE;TRUE;TRUE;MANUAL;ACTIVE
NODE_DOOR_WOKCENTER;COR_PLZ_FC_S_N_F1;WALK;TRUE;TRUE;TRUE;TRUE;MANUAL;ACTIVE
NODE_DOOR_WOMENSECRET;COR_MAIN_N_S;WALK;TRUE;TRUE;TRUE;TRUE;MANUAL;ACTIVE
NODE_DOOR_YVESROCHER;COR_MAIN_E1_S;WALK;TRUE;TRUE;TRUE;TRUE;MANUAL;ACTIVE
NODE_DOOR_ZARA;COR_MAIN_E_S;WALK;TRUE;TRUE;TRUE;TRUE;MANUAL;ACTIVE
NODE_DOOR_ZARA;STORE_ZARA;WALK;FALSE;TRUE;TRUE;TRUE;manual;OK
NODE_DOOR_ZARAHOME;COR_MAIN_E_S;WALK;TRUE;TRUE;TRUE;TRUE;MANUAL;ACTIVE
NODE_DOOR_ZARAHOME;STORE_ZARAHOME;WALK;FALSE;TRUE;TRUE;TRUE;manual;OK
NODE_EXT_E_ENTRANCE;COR_EXT_E_N;WALK;FALSE;TRUE;TRUE;TRUE;06/02/2026 12:10;OK
NODE_EXT_E_ENTRANCE;ENT_E_MAIN;WALK;FALSE;TRUE;TRUE;TRUE;06/02/2026 13:26;OK
NODE_EXT_E_ENTRANCE;PARKING_LOT_E;WALK;FALSE;TRUE;TRUE;TRUE;09/02/2026 7:51;OK
NODE_EXT_MAIN_ENTRANCE;BUS_STOP_1;WALK;FALSE;TRUE;TRUE;TRUE;06/02/2026 12:02;OK
NODE_EXT_MAIN_ENTRANCE;COR_EXT_MAIN_ENTRANCE_E;WALK;FALSE;TRUE;TRUE;TRUE;06/02/2026 12:19;OK
NODE_EXT_MAIN_ENTRANCE;COR_EXT_MAIN_ENTRANCE_W;WALK;FALSE;TRUE;TRUE;TRUE;06/02/2026 14:05;OK
NODE_EXT_MAIN_ENTRANCE;COR_PLZ_MAIN_S_F0;WALK;TRUE;TRUE;TRUE;TRUE;MANUAL;ACTIVE
NODE_EXT_MAIN_ENTRANCE;ENT_S_MAIN;WALK;FALSE;TRUE;TRUE;TRUE;06/02/2026 13:37;OK
NODE_EXT_MAIN_ENTRANCE;TAXI_PICKUP_1;WALK;FALSE;TRUE;TRUE;TRUE;06/02/2026 14:05;OK
NODE_EXT_N_ENTRANCE;COR_EXT_N_MAIN_E;WALK;FALSE;TRUE;TRUE;TRUE;06/02/2026 12:22;OK
NODE_EXT_N_ENTRANCE;COR_EXT_N_MAIN_W;WALK;TRUE;TRUE;TRUE;TRUE;MANUAL;ACTIVE
NODE_EXT_N_ENTRANCE;ENT_N_MAIN;WALK;FALSE;TRUE;TRUE;TRUE;06/02/2026 14:09;OK
NODE_EXT_N_ENTRANCE;PARKING_LOT_N;WALK;FALSE;TRUE;TRUE;TRUE;06/02/2026 14:09;OK
NODE_EXT_W_ENTRANCE;COR_EXT_W_S;WALK;FALSE;TRUE;TRUE;TRUE;06/02/2026 14:10;OK
NODE_EXT_W_ENTRANCE;COR_MAIN_W_W;WALK;TRUE;TRUE;TRUE;TRUE;MANUAL;ACTIVE
NODE_EXT_W_ENTRANCE;ENT_W_MAIN;WALK;FALSE;TRUE;TRUE;TRUE;06/02/2026 13:38;OK
NODE_EXT_W_ENTRANCE;EV_CHARGING_1_F0;WALK;FALSE;TRUE;TRUE;TRUE;06/02/2026 13:52;OK
NODE_EXT_W_ENTRANCE;PARKING_LOT_W;WALK;FALSE;TRUE;TRUE;TRUE;06/02/2026 14:10;OK
NODE_EXT_W_ENTRANCE;STR_W_OUTSIDE_F0;WALK;TRUE;TRUE;TRUE;TRUE;09/02/2026 13:19;OK
NODE_EXT_W_ENTRANCE;STR_WEST1_OUTSIDE_F0;WALK;TRUE;TRUE;TRUE;TRUE;09/02/2026 13:21;OK
NODE_PARKING_GARAGE_LVL_B1;COR_MAIN_N_N;WALK;TRUE;TRUE;TRUE;TRUE;MANUAL;ACTIVE
NODE_PARKING_GARAGE_LVL_B1;ELV_C_B1;WALK;FALSE;TRUE;TRUE;TRUE;06/02/2026 13:05;OK
NODE_PARKING_GARAGE_LVL_B1;ELV_W_B1;WALK;FALSE;TRUE;TRUE;TRUE;06/02/2026 13:11;OK
NODE_PARKING_GARAGE_LVL_B1;ELV_W1_B1;WALK;FALSE;TRUE;TRUE;TRUE;06/02/2026 13:21;OK
NODE_PARKING_GARAGE_LVL_B1;ENT_PARKING_1;WALK;FALSE;TRUE;TRUE;TRUE;06/02/2026 13:33;OK
NODE_PARKING_GARAGE_LVL_B1;ENT_PARKING_2;WALK;FALSE;TRUE;TRUE;TRUE;06/02/2026 13:34;OK
NODE_PARKING_GARAGE_LVL_B1;ENT_PARKING_3;WALK;FALSE;TRUE;TRUE;TRUE;06/02/2026 13:35;OK
NODE_PARKING_GARAGE_LVL_B1;ENT_PARKING_4;WALK;FALSE;TRUE;TRUE;TRUE;06/02/2026 13:35;OK
NODE_PARKING_GARAGE_LVL_B1;ESC_C_B1;WALK;FALSE;TRUE;TRUE;TRUE;06/02/2026 13:40;OK
NODE_PARKING_GARAGE_LVL_B1;ESC_E_B1;WALK;FALSE;TRUE;TRUE;TRUE;06/02/2026 13:42;OK
NODE_PARKING_GARAGE_LVL_B1;ESC_W_B1;WALK;FALSE;TRUE;TRUE;TRUE;06/02/2026 13:45;OK
NODE_PARKING_GARAGE_LVL_B1;EV_CHARGING_2_B1;WALK;FALSE;TRUE;TRUE;TRUE;06/02/2026 13:52;OK
NODE_PARKING_GARAGE_LVL_B1;LOCKER_AMAZON_B1;WALK;FALSE;TRUE;TRUE;TRUE;06/02/2026 13:56;OK
NODE_PARKING_GARAGE_LVL_B1;LOCKER_CORREOS_B1;WALK;FALSE;TRUE;TRUE;TRUE;06/02/2026 13:57;OK
NODE_PARKING_GARAGE_LVL_B1;RAMP_B1;WALK;FALSE;TRUE;TRUE;TRUE;06/02/2026 14:12;OK
NODE_PARKING_GARAGE_LVL_B1;RAMP1_B1;WALK;FALSE;TRUE;TRUE;TRUE;06/02/2026 14:12;OK
NODE_PARKING_GARAGE_LVL_B1;STR_C_MAIN_B1;WALK;FALSE;TRUE;TRUE;TRUE;06/02/2026 14:12;OK
NODE_PARKING_GARAGE_LVL_B1;STR_C_MAIN_OUTSIDE_N_B1;WALK;FALSE;TRUE;TRUE;TRUE;06/02/2026 14:12;OK
NODE_PARKING_GARAGE_LVL_B1;STR_C_MAIN_OUTSIDE_S_B1;WALK;FALSE;TRUE;TRUE;TRUE;06/02/2026 14:12;OK
NODE_PARKING_GARAGE_LVL_B1;STR_N_B1;WALK;FALSE;TRUE;TRUE;TRUE;06/02/2026 14:12;OK
NODE_PARKING_GARAGE_LVL_B1;STR_W_B1;WALK;FALSE;TRUE;TRUE;TRUE;06/02/2026 14:12;OK
NODE_PARKING_GARAGE_LVL_B1;STR_W_OUTSIDE_B1;WALK;FALSE;TRUE;TRUE;TRUE;06/02/2026 14:12;OK
NODE_PARKING_GARAGE_LVL_B1;STR_WEST1_OUTSIDE_B1;WALK;FALSE;TRUE;TRUE;TRUE;06/02/2026 14:12;OK
NODE_PLZ_CROSS_CENTER_F0;COR_PLZ_STAGE_E_F0;WALK;TRUE;TRUE;TRUE;TRUE;MANUAL;ACTIVE
NODE_PLZ_CROSS_CENTER_F0;ELV_C_F0;WALK;TRUE;TRUE;TRUE;TRUE;MANUAL;ACTIVE
NODE_PLZ_CROSS_CENTER_F0;ELV_C_F0;WALK;TRUE;TRUE;TRUE;TRUE;MANUAL;ACTIVE
NODE_PLZ_CROSS_CENTER_F0;ESC_C_F0;WALK;TRUE;TRUE;TRUE;TRUE;MANUAL;ACTIVE
NODE_PLZ_CROSS_CENTER_F0;ESC_C_F0;WALK;TRUE;FALSE;TRUE;TRUE;MANUAL;ACTIVE
NODE_PLZ_CROSS_CENTER_F0;ESC_C_FC_F0;WALK;TRUE;TRUE;TRUE;TRUE;MANUAL;ACTIVE
NODE_PLZ_CROSS_CENTER_F0;ESC_C_FC_F0;WALK;TRUE;FALSE;TRUE;TRUE;MANUAL;ACTIVE
NODE_PLZ_CROSS_CENTER_F0;STR_C_F0;WALK;TRUE;TRUE;TRUE;TRUE;MANUAL;ACTIVE
NODE_PLZ_CROSS_CENTER_F0;STR_C_F0;WALK;TRUE;FALSE;FALSE;TRUE;MANUAL;ACTIVE
PARKING_LOT_E;COR_MAIN_E2_N;WALK;TRUE;TRUE;TRUE;TRUE;MANUAL;ACTIVE
PARKING_LOT_E;NODE_EXT_E_ENTRANCE;WALK;FALSE;TRUE;TRUE;TRUE;09/02/2026 7:51;OK
PARKING_LOT_N;COR_EXT_N_MAIN_W;WALK;TRUE;TRUE;TRUE;TRUE;MANUAL;ACTIVE
PARKING_LOT_N;NODE_EXT_N_ENTRANCE;WALK;FALSE;TRUE;TRUE;TRUE;06/02/2026 14:09;OK
PARKING_LOT_W;COR_MAIN_W_W;WALK;TRUE;TRUE;TRUE;TRUE;MANUAL;ACTIVE
PARKING_LOT_W;EXT_GAS_STATION_PARKING;WALK;FALSE;TRUE;TRUE;TRUE;09/02/2026 7:55;OK
PARKING_LOT_W;NODE_EXT_W_ENTRANCE;WALK;FALSE;TRUE;TRUE;TRUE;06/02/2026 14:10;OK
PHARMACY_MAIN_F0;COR_MAIN_W_W;WALK;TRUE;TRUE;TRUE;TRUE;09/02/2026 11:08;OK
RAMP_B1;NODE_PARKING_GARAGE_LVL_B1;WALK;FALSE;TRUE;TRUE;TRUE;06/02/2026 14:12;OK
RAMP_B1;RAMP_F0;WALK;TRUE;TRUE;TRUE;TRUE;09/02/2026 12:17;OK
RAMP_F0;RAMP_B1;WALK;TRUE;TRUE;TRUE;TRUE;09/02/2026 12:17;OK
RAMP1_B1;NODE_PARKING_GARAGE_LVL_B1;WALK;FALSE;TRUE;TRUE;TRUE;06/02/2026 14:12;OK
RAMP1_B1;RAMP1_F0;WALK;TRUE;TRUE;TRUE;TRUE;09/02/2026 12:18;OK
RAMP1_F0;RAMP1_B1;WALK;TRUE;TRUE;TRUE;TRUE;09/02/2026 12:18;OK
SHORTCUT_HM_E_F0;COR_MAIN_E_S;WALK;TRUE;TRUE;TRUE;TRUE;09/02/2026 12:23;OK
SHORTCUT_HM_E_F0;SHORTCUT_HM_W_F0;WALK;TRUE;TRUE;TRUE;TRUE;09/02/2026 12:23;OK
SHORTCUT_HM_W_F0;COR_MAIN_N1_S;WALK;TRUE;TRUE;TRUE;TRUE;09/02/2026 12:24;OK
SHORTCUT_HM_W_F0;SHORTCUT_HM_E_F0;WALK;TRUE;TRUE;TRUE;TRUE;09/02/2026 12:23;OK
STORE_100_MONTADITOS;COR_PLZ_FC_S_S_F1;WALK;TRUE;TRUE;TRUE;TRUE;MANUAL;ACTIVE
STORE_100_MONTADITOS;NODE_DOOR_100_MONTADITOS;WALK;FALSE;TRUE;TRUE;TRUE;manual;OK
STORE_ADIDASORIGINALS;COR_PLZ_CROSS_WE_E_F0;WALK;TRUE;TRUE;TRUE;TRUE;MANUAL;ACTIVE
STORE_ADIDASORIGINALS;NODE_DOOR_ADIDASORIGINALS;WALK;FALSE;TRUE;TRUE;TRUE;manual;OK
STORE_ALCAMPO_N;COR_COVERED_N;WALK;TRUE;TRUE;TRUE;TRUE;MANUAL;ACTIVE
STORE_ALCAMPO_N;NODE_DOOR_ALCAMPO_N;WALK;FALSE;TRUE;TRUE;TRUE;manual;OK
STORE_ALCAMPO_S;COR_COVERED_M1;WALK;TRUE;TRUE;TRUE;TRUE;MANUAL;ACTIVE
STORE_ALCAMPO_S;NODE_DOOR_ALCAMPO_S;WALK;FALSE;TRUE;TRUE;TRUE;manual;OK
STORE_ALEHOP;NODE_DOOR_ALEHOP;WALK;FALSE;TRUE;TRUE;TRUE;manual;OK
STORE_ALEJOR;COR_MAIN_N1_N;WALK;TRUE;TRUE;TRUE;TRUE;MANUAL;ACTIVE
STORE_ALEJOR;NODE_DOOR_ALEJOR;WALK;FALSE;TRUE;TRUE;TRUE;manual;OK
STORE_AVATEL;COR_PLZ_W_W_F0;WALK;TRUE;TRUE;TRUE;TRUE;MANUAL;ACTIVE
STORE_AVATEL;NODE_DOOR_AVATEL;WALK;FALSE;TRUE;TRUE;TRUE;manual;OK
STORE_BANKCAJARURAL;COR_MAIN_W_W;WALK;TRUE;TRUE;TRUE;TRUE;MANUAL;ACTIVE
STORE_BANKCAJARURAL;NODE_DOOR_BANKCAJARURAL;WALK;FALSE;TRUE;TRUE;TRUE;manual;OK
STORE_BELROS;COR_PLZ_N_S_F0;WALK;TRUE;TRUE;TRUE;TRUE;MANUAL;ACTIVE
STORE_BELROS;NODE_DOOR_BELROS;WALK;FALSE;TRUE;TRUE;TRUE;manual;OK
STORE_BENETTON;COR_MAIN_E_N;WALK;TRUE;TRUE;TRUE;TRUE;MANUAL;ACTIVE
STORE_BENETTON;NODE_DOOR_BENETTON;WALK;FALSE;TRUE;TRUE;TRUE;manual;OK
STORE_BERSHKA;COR_MAIN_N_S;WALK;TRUE;TRUE;TRUE;TRUE;MANUAL;ACTIVE
STORE_BERSHKA;NODE_DOOR_BERSHKA;WALK;FALSE;TRUE;TRUE;TRUE;manual;OK
STORE_BIGGERBETTERBURGER;COR_PLZ_FC_S_S_F1;WALK;TRUE;TRUE;TRUE;TRUE;MANUAL;ACTIVE
STORE_BIGGERBETTERBURGER;NODE_DOOR_BIGGERBETTERBURGER;WALK;FALSE;TRUE;TRUE;TRUE;manual;OK
STORE_BIJOUBRIGITTE;COR_MAIN_W1_E;WALK;TRUE;TRUE;TRUE;TRUE;MANUAL;ACTIVE
STORE_BIJOUBRIGITTE;NODE_DOOR_BIJOUBRIGITTE;WALK;FALSE;TRUE;TRUE;TRUE;manual;OK
STORE_BLACK;COR_PLZ_E_W_F0;WALK;TRUE;TRUE;TRUE;TRUE;MANUAL;ACTIVE
STORE_BLACK;NODE_DOOR_BLACK;WALK;FALSE;TRUE;TRUE;TRUE;manual;OK
STORE_BOMBONBOSS;COR_MAIN_E1_N;WALK;TRUE;TRUE;TRUE;TRUE;MANUAL;ACTIVE
STORE_BOMBONBOSS;NODE_DOOR_BOMBONBOSS;WALK;FALSE;TRUE;TRUE;TRUE;manual;OK
STORE_BOSTON;COR_COVERED_M1;WALK;TRUE;TRUE;TRUE;TRUE;MANUAL;ACTIVE
STORE_BOSTON;NODE_DOOR_BOSTON;WALK;FALSE;TRUE;TRUE;TRUE;manual;OK
STORE_BOTTICELLI;COR_MAIN_W1_W;WALK;TRUE;TRUE;TRUE;TRUE;MANUAL;ACTIVE
STORE_BOTTICELLI;NODE_DOOR_BOTTICELLI;WALK;FALSE;TRUE;TRUE;TRUE;manual;OK
STORE_BOWLING;COR_PLZ_MAIN_S_F0;WALK;TRUE;TRUE;TRUE;TRUE;MANUAL;ACTIVE
STORE_BOWLING;NODE_DOOR_BOWLING;WALK;FALSE;TRUE;TRUE;TRUE;manual;OK
STORE_CA;NODE_DOOR_CA;WALK;FALSE;TRUE;TRUE;TRUE;manual;OK
STORE_CAFEOLE;COR_PLZ_CROSS_WE_E_F0;WALK;TRUE;TRUE;TRUE;TRUE;MANUAL;ACTIVE
STORE_CAFEOLE;NODE_DOOR_CAFEOLE;WALK;FALSE;TRUE;TRUE;TRUE;manual;OK
STORE_CAFETERIAEXPRE3SS;COR_COVERED_S;WALK;TRUE;TRUE;TRUE;TRUE;MANUAL;ACTIVE
STORE_CAFETERIAEXPRE3SS;NODE_DOOR_CAFETERIAEXPRE3SS;WALK;FALSE;TRUE;TRUE;TRUE;manual;OK
STORE_CALZEDONIA;COR_PLZ_E_S_F0;WALK;TRUE;TRUE;TRUE;TRUE;MANUAL;ACTIVE
STORE_CALZEDONIA;NODE_DOOR_CALZEDONIA;WALK;FALSE;TRUE;TRUE;TRUE;manual;OK
STORE_CASINO;NODE_DOOR_CASINO;WALK;FALSE;TRUE;TRUE;TRUE;manual;OK
STORE_CHE;COR_PLZ_FC_S_N_F1;WALK;TRUE;TRUE;TRUE;TRUE;MANUAL;ACTIVE
STORE_CHE;NODE_DOOR_CHE;WALK;FALSE;TRUE;TRUE;TRUE;manual;OK
STORE_CLAIRES;COR_MAIN_N_N;WALK;TRUE;TRUE;TRUE;TRUE;MANUAL;ACTIVE
STORE_CLAIRES;NODE_DOOR_CLAIRES;WALK;FALSE;TRUE;TRUE;TRUE;manual;OK
STORE_CONFORMA;NODE_DOOR_CONFORMA;WALK;FALSE;TRUE;TRUE;TRUE;manual;OK
STORE_CONFORMA_2;COR_EXT_N_MAIN_M1;WALK;TRUE;TRUE;TRUE;TRUE;MANUAL;ACTIVE
STORE_CORTEFIEL;COR_MAIN_E1_S;WALK;TRUE;TRUE;TRUE;TRUE;MANUAL;ACTIVE
STORE_CORTEFIEL;NODE_DOOR_CORTEFIEL;WALK;FALSE;TRUE;TRUE;TRUE;manual;OK
STORE_COSTABLANCAWOHNUNGEN;COR_PLZ_W_W_F0;WALK;TRUE;TRUE;TRUE;TRUE;MANUAL;ACTIVE
STORE_DAFAVOLA;COR_COVERED_M1;WALK;TRUE;TRUE;TRUE;TRUE;MANUAL;ACTIVE
STORE_DECATHLON;NODE_DOOR_DECATHLON;WALK;FALSE;TRUE;TRUE;TRUE;manual;OK
STORE_DECIMAS;COR_MAIN_E2_N;WALK;TRUE;TRUE;TRUE;TRUE;MANUAL;ACTIVE
STORE_DECIMAS;NODE_DOOR_DECIMAS;WALK;FALSE;TRUE;TRUE;TRUE;manual;OK
STORE_DEICHMANN;COR_PLZ_W_S_F0;WALK;TRUE;TRUE;TRUE;TRUE;MANUAL;ACTIVE
STORE_DEICHMANN;NODE_DOOR_DEICHMANN;WALK;FALSE;TRUE;TRUE;TRUE;manual;OK
STORE_DESIGUAL;COR_MAIN_E1_S;WALK;TRUE;TRUE;TRUE;TRUE;MANUAL;ACTIVE
STORE_DESIGUAL;NODE_DOOR_DESIGUAL;WALK;FALSE;TRUE;TRUE;TRUE;manual;OK
STORE_DRUNI;COR_MAIN_E1_S;WALK;TRUE;TRUE;TRUE;TRUE;MANUAL;ACTIVE
STORE_DRUNI;NODE_DOOR_DRUNI;WALK;FALSE;TRUE;TRUE;TRUE;manual;OK
STORE_ELKIOSKO;COR_PLZ_FC_N_S_F1;WALK;TRUE;TRUE;TRUE;TRUE;MANUAL;ACTIVE
STORE_FLYINGTIGER;COR_MAIN_E1_S;WALK;TRUE;TRUE;TRUE;TRUE;MANUAL;ACTIVE
STORE_FLYINGTIGER;NODE_DOOR_FLYINGTIGER;WALK;FALSE;TRUE;TRUE;TRUE;manual;OK
STORE_FOSTERS;COR_PLZ_FC_S_W_F1;WALK;TRUE;TRUE;TRUE;TRUE;MANUAL;ACTIVE
STORE_GAME;COR_MAIN_N1_S;WALK;TRUE;TRUE;TRUE;TRUE;MANUAL;ACTIVE
STORE_GELATERIA;COR_PLZ_FC_S_N_F1;WALK;TRUE;TRUE;TRUE;TRUE;MANUAL;ACTIVE
STORE_GEOX;COR_MAIN_W_E;WALK;TRUE;TRUE;TRUE;TRUE;MANUAL;ACTIVE
STORE_GEOX;NODE_DOOR_GEOX;WALK;FALSE;TRUE;TRUE;TRUE;manual;OK
STORE_GOLDRUSH;COR_COVERED_M1;WALK;TRUE;TRUE;TRUE;TRUE;MANUAL;ACTIVE
STORE_GOURMETCAFE;COR_PLZ_S_S_F0;WALK;TRUE;TRUE;TRUE;TRUE;MANUAL;ACTIVE
STORE_GRABA2;COR_MAIN_W1_W;WALK;TRUE;TRUE;TRUE;TRUE;MANUAL;ACTIVE
STORE_GREENWICH;COR_MAIN_E1_N;WALK;TRUE;TRUE;TRUE;TRUE;MANUAL;ACTIVE
STORE_GUESS_N;COR_MAIN_N1_N;WALK;TRUE;TRUE;TRUE;TRUE;MANUAL;ACTIVE
STORE_GUESS_N;NODE_DOOR_GUESS_N;WALK;FALSE;TRUE;TRUE;TRUE;manual;OK
STORE_GUESS_S;COR_MAIN_W1_W;WALK;TRUE;TRUE;TRUE;TRUE;MANUAL;ACTIVE
STORE_GUESS_S;NODE_DOOR_GUESS_S;WALK;FALSE;TRUE;TRUE;TRUE;manual;OK
STORE_GUESS_SS;COR_MAIN_W_E;WALK;TRUE;TRUE;TRUE;TRUE;MANUAL;ACTIVE
STORE_HAAGEN_DASZ;COR_MAIN_E1_N;WALK;TRUE;TRUE;TRUE;TRUE;MANUAL;ACTIVE
STORE_HM_E;COR_PLZ_E_S_F0;WALK;TRUE;TRUE;TRUE;TRUE;MANUAL;ACTIVE
STORE_HM_E;NODE_DOOR_HM_E;WALK;FALSE;TRUE;TRUE;TRUE;manual;OK
STORE_HM_W;COR_MAIN_N1_S;WALK;TRUE;TRUE;TRUE;TRUE;MANUAL;ACTIVE
STORE_HM_W;NODE_DOOR_HM_W;WALK;FALSE;TRUE;TRUE;TRUE;manual;OK
STORE_ICECREAM;COR_MAIN_W1_E;WALK;TRUE;TRUE;TRUE;TRUE;MANUAL;ACTIVE
STORE_IKEA;COR_MAIN_N1_N;WALK;TRUE;TRUE;TRUE;TRUE;MANUAL;ACTIVE
STORE_IKEA;NODE_DOOR_IKEA;WALK;FALSE;TRUE;TRUE;TRUE;manual;OK
STORE_INFINITYLOVE;COR_MAIN_E1_S;WALK;TRUE;TRUE;TRUE;TRUE;MANUAL;ACTIVE
STORE_INSIDE;COR_PLZ_W_E_F0;WALK;TRUE;TRUE;TRUE;TRUE;MANUAL;ACTIVE
STORE_IPANEMA;COR_PLZ_N_W_F0;WALK;TRUE;TRUE;TRUE;TRUE;MANUAL;ACTIVE
STORE_JIJONENCA;COR_MAIN_W1_E;WALK;TRUE;TRUE;TRUE;TRUE;MANUAL;ACTIVE
STORE_KEBABEXPRESS;COR_PLZ_FC_S_S_F1;WALK;TRUE;TRUE;TRUE;TRUE;MANUAL;ACTIVE
STORE_KIKOMILANO;COR_PLZ_E_S_F0;WALK;TRUE;TRUE;TRUE;TRUE;MANUAL;ACTIVE
STORE_KOALABAY;COR_MAIN_E1_N;WALK;TRUE;TRUE;TRUE;TRUE;MANUAL;ACTIVE
STORE_LA_TAGLIATELLA;COR_PLZ_FC_S_E_F1;WALK;TRUE;TRUE;TRUE;TRUE;MANUAL;ACTIVE
STORE_LASERESTETIC;COR_PLZ_N_E_F0;WALK;TRUE;TRUE;TRUE;TRUE;MANUAL;ACTIVE
STORE_LEFTIES;COR_MAIN_N_N;WALK;TRUE;TRUE;TRUE;TRUE;MANUAL;ACTIVE
STORE_LEFTIES;NODE_DOOR_LEFTIES;WALK;FALSE;TRUE;TRUE;TRUE;manual;OK
STORE_LEROY_MERLIN;NODE_DOOR_LEROY_MERLIN;WALK;FALSE;TRUE;TRUE;TRUE;manual;OK
STORE_LEVIS;COR_MAIN_N1_N;WALK;TRUE;TRUE;TRUE;TRUE;MANUAL;ACTIVE
STORE_LEVIS;NODE_DOOR_LEVIS;WALK;FALSE;TRUE;TRUE;TRUE;manual;OK
STORE_LIONOFPORCHES;COR_PLZ_S_N_F0;WALK;TRUE;TRUE;TRUE;TRUE;MANUAL;ACTIVE
STORE_LIZARRAN;COR_PLZ_FC_S_E_F1;WALK;TRUE;TRUE;TRUE;TRUE;MANUAL;ACTIVE
STORE_LOTERIA;COR_MAIN_N1_S;WALK;TRUE;TRUE;TRUE;TRUE;MANUAL;ACTIVE
STORE_LOWCOST;COR_PLZ_S_W_F0;WALK;TRUE;TRUE;TRUE;TRUE;MANUAL;ACTIVE
STORE_LUXENTER;COR_MAIN_N_N;WALK;TRUE;TRUE;TRUE;TRUE;MANUAL;ACTIVE
STORE_LUXURYFOOD;COR_MAIN_W1_E;WALK;TRUE;TRUE;TRUE;TRUE;MANUAL;ACTIVE
STORE_MANGO;COR_PLZ_E_W_F0;WALK;TRUE;TRUE;TRUE;TRUE;MANUAL;ACTIVE
STORE_MANGO;NODE_DOOR_MANGO;WALK;FALSE;TRUE;TRUE;TRUE;manual;OK
STORE_MARVIMUNDO;COR_COVERED_M1;WALK;TRUE;TRUE;TRUE;TRUE;MANUAL;ACTIVE
STORE_MASSIMODUTTI_N;COR_MAIN_E_S;WALK;TRUE;TRUE;TRUE;TRUE;MANUAL;ACTIVE
STORE_MASSIMODUTTI_N;NODE_DOOR_MASSIMODUTTI_N;WALK;FALSE;TRUE;TRUE;TRUE;manual;OK
STORE_MASSIMODUTTI_S;COR_MAIN_E_S;WALK;TRUE;TRUE;TRUE;TRUE;MANUAL;ACTIVE
STORE_MASSIMODUTTI_S;NODE_DOOR_MASSIMODUTTI_S;WALK;FALSE;TRUE;TRUE;TRUE;manual;OK
STORE_MAXCOLCHON;COR_PLZ_S_W_F0;WALK;TRUE;TRUE;TRUE;TRUE;MANUAL;ACTIVE
STORE_MAXIMA;COR_MAIN_E1_N;WALK;TRUE;TRUE;TRUE;TRUE;MANUAL;ACTIVE
STORE_MAYKA_N;COR_MAIN_E1_S;WALK;TRUE;TRUE;TRUE;TRUE;MANUAL;ACTIVE
STORE_MAYKA_S;COR_PLZ_STAGE_W_F0;WALK;TRUE;TRUE;TRUE;TRUE;MANUAL;ACTIVE
STORE_ME;COR_MAIN_N1_S;WALK;TRUE;TRUE;TRUE;TRUE;MANUAL;ACTIVE
STORE_MEDIAMARKT;COR_PLZ_MAIN_E_F0;WALK;TRUE;TRUE;TRUE;TRUE;MANUAL;ACTIVE
STORE_MEDIAMARKT;NODE_DOOR_MEDIAMARKT;WALK;FALSE;TRUE;TRUE;TRUE;manual;OK
STORE_MISAKO;COR_MAIN_E2_N;WALK;TRUE;TRUE;TRUE;TRUE;MANUAL;ACTIVE
STORE_MISTERMINT;COR_PLZ_N_E_F0;WALK;TRUE;TRUE;TRUE;TRUE;MANUAL;ACTIVE
STORE_MR_PEOPLE;COR_MAIN_W1_E;WALK;TRUE;TRUE;TRUE;TRUE;MANUAL;ACTIVE
STORE_MUERDELAPASTA;COR_PLZ_FC_N_S_F1;WALK;TRUE;TRUE;TRUE;TRUE;MANUAL;ACTIVE
STORE_MYTAPA;COR_PLZ_FC_S_E_F1;WALK;TRUE;TRUE;TRUE;TRUE;MANUAL;ACTIVE
STORE_NAILS;COR_COVERED_M1;WALK;TRUE;TRUE;TRUE;TRUE;MANUAL;ACTIVE
STORE_NATURAGIFTSHOP;COR_PLZ_MAIN_E_F0;WALK;TRUE;TRUE;TRUE;TRUE;MANUAL;ACTIVE
STORE_OYSHO;COR_PLZ_CROSS_NS_N_F0;WALK;TRUE;TRUE;TRUE;TRUE;MANUAL;ACTIVE
STORE_OYSHO;NODE_DOOR_OYSHO;WALK;FALSE;TRUE;TRUE;TRUE;manual;OK
STORE_PACOMARTINEZ;COR_MAIN_W1_E;WALK;TRUE;TRUE;TRUE;TRUE;MANUAL;ACTIVE
STORE_PALPELO_E;COR_PLZ_N_E_F0;WALK;TRUE;TRUE;TRUE;TRUE;MANUAL;ACTIVE
STORE_PALPELO_W;COR_PLZ_N_E_F0;WALK;TRUE;TRUE;TRUE;TRUE;MANUAL;ACTIVE
STORE_PANDORA;COR_MAIN_W1_E;WALK;TRUE;TRUE;TRUE;TRUE;MANUAL;ACTIVE
STORE_PANDORA;NODE_DOOR_PANDORA;WALK;FALSE;TRUE;TRUE;TRUE;manual;OK
STORE_PASGAR;COR_PLZ_STAGE_N_F0;WALK;TRUE;TRUE;TRUE;TRUE;MANUAL;ACTIVE
STORE_PEPEJEANS;COR_PLZ_S_W_F0;WALK;TRUE;TRUE;TRUE;TRUE;MANUAL;ACTIVE
STORE_PEWTER;COR_MAIN_N_S;WALK;TRUE;TRUE;TRUE;TRUE;MANUAL;ACTIVE
STORE_PHARMACY;COR_MAIN_W_W;WALK;TRUE;TRUE;TRUE;TRUE;MANUAL;ACTIVE
STORE_POLINESIA;COR_MAIN_E1_S;WALK;TRUE;TRUE;TRUE;TRUE;MANUAL;ACTIVE
STORE_POPEYES;COR_PLZ_FC_S_N_F1;WALK;TRUE;TRUE;TRUE;TRUE;MANUAL;ACTIVE
STORE_PRIMARK;COR_PLZ_N_W_F0;WALK;TRUE;TRUE;TRUE;TRUE;MANUAL;ACTIVE
STORE_PRIMARK;NODE_DOOR_PRIMARK;WALK;FALSE;TRUE;TRUE;TRUE;manual;OK
STORE_PRIMOR;COR_PLZ_N_N_F0;WALK;TRUE;TRUE;TRUE;TRUE;MANUAL;ACTIVE
STORE_PULLBEAR;COR_PLZ_MAIN_W_F0;WALK;TRUE;TRUE;TRUE;TRUE;MANUAL;ACTIVE
STORE_PULLBEAR;NODE_DOOR_PULLBEAR;WALK;FALSE;TRUE;TRUE;TRUE;manual;OK
STORE_PUNTROMA;COR_PLZ_W_E_F0;WALK;TRUE;TRUE;TRUE;TRUE;MANUAL;ACTIVE
STORE_RESTAURANTCASACARMEN;COR_PLZ_FC_N_N_F1;WALK;TRUE;TRUE;TRUE;TRUE;MANUAL;ACTIVE
STORE_RITUALS;COR_MAIN_N1_N;WALK;TRUE;TRUE;TRUE;TRUE;MANUAL;ACTIVE
STORE_RITUALS;NODE_DOOR_RITUALS;WALK;FALSE;TRUE;TRUE;TRUE;manual;OK
STORE_ROBERTOMARTIN;COR_COVERED_M1;WALK;TRUE;TRUE;TRUE;TRUE;MANUAL;ACTIVE
STORE_RXS;COR_MAIN_N1_S;WALK;TRUE;TRUE;TRUE;TRUE;MANUAL;ACTIVE
STORE_SANTOSOCHOA;COR_MAIN_E_N;WALK;TRUE;TRUE;TRUE;TRUE;MANUAL;ACTIVE
STORE_SAXO;COR_MAIN_W1_E;WALK;TRUE;TRUE;TRUE;TRUE;MANUAL;ACTIVE
STORE_SCOTTA;COR_MAIN_W1_W;WALK;TRUE;TRUE;TRUE;TRUE;MANUAL;ACTIVE
STORE_SMOOY;COR_COVERED_M1;WALK;TRUE;TRUE;TRUE;TRUE;MANUAL;ACTIVE
STORE_SOLOOPTICAL_E;COR_MAIN_N1_S;WALK;TRUE;TRUE;TRUE;TRUE;MANUAL;ACTIVE
STORE_SOLOOPTICAL_W;COR_PLZ_W_W_F0;WALK;TRUE;TRUE;TRUE;TRUE;MANUAL;ACTIVE
STORE_SPRINGFIELD;COR_MAIN_N_S;WALK;TRUE;TRUE;TRUE;TRUE;MANUAL;ACTIVE
STORE_STRADIVARIUS;COR_PLZ_STAGE_W_F0;WALK;TRUE;TRUE;TRUE;TRUE;MANUAL;ACTIVE
STORE_STRADIVARIUS;NODE_DOOR_STRADIVARIUS;WALK;FALSE;TRUE;TRUE;TRUE;manual;OK
STORE_SUPERDRY;COR_MAIN_E1_S;WALK;TRUE;TRUE;TRUE;TRUE;MANUAL;ACTIVE
STORE_SUPERDRY;NODE_DOOR_SUPERDRY;WALK;FALSE;TRUE;TRUE;TRUE;manual;OK
STORE_SWAROVSKI;COR_MAIN_W1_E;WALK;TRUE;TRUE;TRUE;TRUE;MANUAL;ACTIVE
STORE_TACOBELL;COR_PLZ_FC_N_S_F1;WALK;TRUE;TRUE;TRUE;TRUE;MANUAL;ACTIVE
STORE_TEASHOP;COR_MAIN_W1_W;WALK;TRUE;TRUE;TRUE;TRUE;MANUAL;ACTIVE
STORE_TERRASSA;COR_PLZ_MAIN_S_F0;WALK;TRUE;TRUE;TRUE;TRUE;MANUAL;ACTIVE
STORE_THEBODYSHOP;COR_MAIN_W1_W;WALK;TRUE;TRUE;TRUE;TRUE;MANUAL;ACTIVE
STORE_THEFITZGERALD;COR_PLZ_FC_N_S_F1;WALK;TRUE;TRUE;TRUE;TRUE;MANUAL;ACTIVE
STORE_THENORTHFACE;COR_MAIN_E1_S;WALK;TRUE;TRUE;TRUE;TRUE;MANUAL;ACTIVE
STORE_TIENDANIMAL;COR_MAIN_N1_N;WALK;TRUE;TRUE;TRUE;TRUE;MANUAL;ACTIVE
STORE_TIMEROAD;COR_MAIN_N_S;WALK;TRUE;TRUE;TRUE;TRUE;MANUAL;ACTIVE
STORE_TOUS;COR_PLZ_S_E_F0;WALK;TRUE;TRUE;TRUE;TRUE;MANUAL;ACTIVE
STORE_TRAMAS;COR_MAIN_N1_S;WALK;TRUE;TRUE;TRUE;TRUE;MANUAL;ACTIVE
STORE_ULANKA;COR_MAIN_N1_S;WALK;TRUE;TRUE;TRUE;TRUE;MANUAL;ACTIVE
STORE_UNKNOWN_MAYKA_FLYING;NODE_DOOR_UNKNOWN_MAYKA_FLYING;WALK;FALSE;TRUE;TRUE;TRUE;manual;OK
STORE_UNKNOWN_SUNGLASSES_SMOOY;COR_COVERED_M1;WALK;TRUE;TRUE;TRUE;TRUE;MANUAL;ACTIVE
STORE_UNKNOWN_SUNGLASSES_SMOOY;NODE_DOOR_UNKNOWN_SUNGLASSES_SMOOY;WALK;FALSE;TRUE;TRUE;TRUE;manual;OK
STORE_VANS;COR_MAIN_E1_S;WALK;TRUE;TRUE;TRUE;TRUE;MANUAL;ACTIVE
STORE_WOKCENTER;COR_PLZ_FC_S_N_F1;WALK;TRUE;TRUE;TRUE;TRUE;MANUAL;ACTIVE
STORE_WOMENSECRET;COR_MAIN_N_S;WALK;TRUE;TRUE;TRUE;TRUE;MANUAL;ACTIVE
STORE_YVESROCHER;COR_MAIN_E1_S;WALK;TRUE;TRUE;TRUE;TRUE;MANUAL;ACTIVE
STORE_ZARA;COR_MAIN_E_S;WALK;TRUE;TRUE;TRUE;TRUE;MANUAL;ACTIVE
STORE_ZARA;NODE_DOOR_ZARA;WALK;FALSE;TRUE;TRUE;TRUE;manual;OK
STORE_ZARAHOME;COR_MAIN_E_S;WALK;TRUE;TRUE;TRUE;TRUE;MANUAL;ACTIVE
STORE_ZARAHOME;NODE_DOOR_ZARAHOME;WALK;FALSE;TRUE;TRUE;TRUE;manual;OK
STR_C_F0;STR_C_F1;STAIRS;TRUE;FALSE;FALSE;TRUE;09/02/2026 12:24;OK
STR_C_F1;STR_C_F0;STAIRS;TRUE;FALSE;FALSE;TRUE;09/02/2026 12:24;OK
STR_C_MAIN_B1;NODE_PARKING_GARAGE_LVL_B1;STAIRS;FALSE;FALSE;FALSE;TRUE;06/02/2026 14:12;OK
STR_C_MAIN_B1;STR_C_MAIN_F0;STAIRS;TRUE;FALSE;FALSE;TRUE;09/02/2026 12:26;OK
STR_C_MAIN_F0;STR_C_MAIN_B1;STAIRS;TRUE;FALSE;FALSE;TRUE;09/02/2026 12:26;OK
STR_C_MAIN_OUTSIDE_N_B1;NODE_PARKING_GARAGE_LVL_B1;STAIRS;FALSE;FALSE;FALSE;TRUE;06/02/2026 14:12;OK
STR_C_MAIN_OUTSIDE_N_B1;STR_C_MAIN_OUTSIDE_N_F0;STAIRS;TRUE;FALSE;FALSE;TRUE;09/02/2026 12:28;OK
STR_C_MAIN_OUTSIDE_N_F0;STR_C_MAIN_OUTSIDE_N_B1;STAIRS;TRUE;FALSE;FALSE;TRUE;09/02/2026 12:28;OK
STR_C_MAIN_OUTSIDE_S_B1;NODE_PARKING_GARAGE_LVL_B1;STAIRS;FALSE;FALSE;FALSE;TRUE;06/02/2026 14:12;OK
STR_C_MAIN_OUTSIDE_S_B1;STR_C_MAIN_OUTSIDE_S_F0;STAIRS;TRUE;FALSE;FALSE;TRUE;09/02/2026 12:29;OK
STR_C_MAIN_OUTSIDE_S_F0;STR_C_MAIN_OUTSIDE_S_B1;STAIRS;TRUE;FALSE;FALSE;TRUE;09/02/2026 12:29;OK
STR_N_B1;NODE_PARKING_GARAGE_LVL_B1;STAIRS;FALSE;FALSE;FALSE;TRUE;06/02/2026 14:12;OK
STR_N_B1;STR_N_F0;STAIRS;TRUE;FALSE;FALSE;TRUE;09/02/2026 12:31;OK
STR_N_EXIT_F0;STR_N_EXIT_F1;STAIRS;TRUE;FALSE;FALSE;TRUE;09/02/2026 12:31;OK
STR_N_EXIT_F1;ENT_N_MAIN;STAIRS;FALSE;FALSE;FALSE;TRUE;06/02/2026 13:29;OK
STR_N_EXIT_F1;STR_N_EXIT_F0;STAIRS;TRUE;FALSE;FALSE;TRUE;09/02/2026 12:31;OK
STR_N_F0;STR_N_B1;STAIRS;TRUE;FALSE;FALSE;TRUE;09/02/2026 12:31;OK
STR_W_B1;NODE_PARKING_GARAGE_LVL_B1;STAIRS;FALSE;FALSE;FALSE;TRUE;06/02/2026 14:12;OK
STR_W_B1;STR_W_F0;STAIRS;TRUE;FALSE;FALSE;TRUE;09/02/2026 12:33;OK
STR_W_F0;STR_W_B1;STAIRS;TRUE;FALSE;FALSE;TRUE;09/02/2026 12:33;OK
STR_W_OUTSIDE_B1;NODE_PARKING_GARAGE_LVL_B1;STAIRS;FALSE;FALSE;FALSE;TRUE;06/02/2026 14:12;OK
STR_W_OUTSIDE_B1;STR_W_OUTSIDE_F0;STAIRS;TRUE;FALSE;FALSE;TRUE;09/02/2026 13:15;OK
STR_W_OUTSIDE_F0;COR_EXT_W_S;STAIRS;TRUE;FALSE;FALSE;TRUE;09/02/2026 13:19;OK
STR_W_OUTSIDE_F0;ELV_W_F0;STAIRS;TRUE;FALSE;FALSE;TRUE;09/02/2026 13:19;OK
STR_W_OUTSIDE_F0;NODE_EXT_W_ENTRANCE;STAIRS;TRUE;FALSE;FALSE;TRUE;09/02/2026 13:19;OK
STR_W_OUTSIDE_F0;STR_W_OUTSIDE_B1;STAIRS;TRUE;FALSE;FALSE;TRUE;09/02/2026 13:15;OK
STR_WEST1_OUTSIDE_B1;ELV_W1_B1;STAIRS;TRUE;FALSE;FALSE;TRUE;09/02/2026 13:20;OK
STR_WEST1_OUTSIDE_B1;NODE_PARKING_GARAGE_LVL_B1;STAIRS;FALSE;FALSE;FALSE;TRUE;06/02/2026 14:12;OK
STR_WEST1_OUTSIDE_B1;STR_WEST1_OUTSIDE_F0;STAIRS;TRUE;FALSE;FALSE;TRUE;09/02/2026 13:20;OK
STR_WEST1_OUTSIDE_F0;ELV_W1_F0;STAIRS;TRUE;FALSE;FALSE;TRUE;09/02/2026 13:21;OK
STR_WEST1_OUTSIDE_F0;NODE_EXT_W_ENTRANCE;STAIRS;TRUE;FALSE;FALSE;TRUE;09/02/2026 13:21;OK
STR_WEST1_OUTSIDE_F0;STR_WEST1_OUTSIDE_B1;STAIRS;TRUE;FALSE;FALSE;TRUE;09/02/2026 13:20;OK
TAXI_PICKUP_1;BUS_STOP_1;WALK;TRUE;TRUE;TRUE;TRUE;09/02/2026 13:22;OK
TAXI_PICKUP_1;COR_EXT_MAIN_ENTRANCE_E;WALK;TRUE;TRUE;TRUE;TRUE;MANUAL;ACTIVE
TAXI_PICKUP_1;COR_EXT_N_MAIN_E;WALK;TRUE;TRUE;TRUE;TRUE;09/02/2026 13:22;OK
TAXI_PICKUP_1;NODE_EXT_MAIN_ENTRANCE;WALK;FALSE;TRUE;TRUE;TRUE;06/02/2026 14:05;OK
