ANCHOR_ID,ANCHOR_TYPE,NAME,ANCHOR_ROLE,ANCHOR_CLASS,FLOOR,FLOOR_TYPE,VERTICAL,X,Y,POLYGON,WALKABLE,NOTES,STATUS,ACCESS_WHEELCHAIR,ACCESS_STROLLER,ACCESS_LUGGAGE,PRE_SITE_QA,
ATM_F0,ATM,ATM West Banco Caja Rural,AMENITY,ATM,F0,MALL,FALSE,0.4926,0.7919,,FALSE,,PRE_SITE_QA,TRUE,TRUE,TRUE,TRUE,
ATM1_F0,ATM,ATM Plaza De La Lonja,AMENITY,ATM,F0,MALL,FALSE,0.3626,0.1229,,FALSE,,PRE_SITE_QA,TRUE,TRUE,TRUE,TRUE,
ATM2_F0,ATM,ATM BitBase Plaza Mayor,AMENITY,ATM,F0,MALL,FALSE,0.7076,0.5529,,FALSE,,PRE_SITE_QA,TRUE,TRUE,TRUE,TRUE,
ATM3_F0,ATM,ATM  ING Plaza De Las Flores ,AMENITY,ATM,F0,MALL,FALSE,0.5676,0.7379,,FALSE,,PRE_SITE_QA,TRUE,TRUE,TRUE,TRUE,
ATM4_F0,ATM,ATM Euronet Al Campo,AMENITY,ATM,F0,MALL,FALSE,0.3926,0.3689,,FALSE,,PRE_SITE_QA,TRUE,TRUE,TRUE,TRUE,
ATM5_F0,ATM,ATM CaixaBank  Plaza De La Lonja,AMENITY,ATM,F0,MALL,FALSE,0.3766,0.2209,,FALSE,,PRE_SITE_QA,TRUE,TRUE,TRUE,TRUE,
ATM6_F0,ATM,ATM Euronet Plaza De Las Flores,AMENITY,ATM,F0,MALL,FALSE,0.6066,0.7389,,FALSE,,PRE_SITE_QA,TRUE,TRUE,TRUE,TRUE,
BUS_STOP_1,NODE,Bus Stop,BUS_STOP,TRANSPORT,F0,outdoor,FALSE,0.7976,0.6579,,FALSE,Public bus stop,PRE_SITE_QA,TRUE,TRUE,TRUE,TRUE,
COR_COVERED_N,CORRIDOR,Covered Corridor North,CORRIDOR,CORRIDOR,F0,GROUND,FALSE,0.3576,0.2249,,TRUE,,PRE_SITE_QA,TRUE,TRUE,TRUE,TRUE,
COR_COVERED_S,CORRIDOR,Covered Corridor South,CORRIDOR,CORRIDOR,F0,GROUND,FALSE,0.4286,0.4899,,TRUE,,PRE_SITE_QA,TRUE,TRUE,TRUE,TRUE,
COR_EXT_E_N,CORRIDOR,Corridor Outside East,CORRIDOR,CORRIDOR,F3,GROUND,FALSE,0.5026,0.1049,,TRUE,,PRE_SITE_QA,TRUE,TRUE,TRUE,TRUE,
COR_EXT_E_S,CORRIDOR,Corridor Outside East,CORRIDOR,CORRIDOR,F4,GROUND,FALSE,0.972,0.4179,,TRUE,,PRE_SITE_QA,TRUE,TRUE,TRUE,TRUE,
COR_EXT_MAIN_ENTRANCE_E,CORRIDOR,Corridor Outside West,CORRIDOR,CORRIDOR,F2,GROUND,FALSE,0.8126,0.5679,,TRUE,,PRE_SITE_QA,TRUE,TRUE,TRUE,TRUE,
COR_EXT_MAIN_ENTRANCE_W,CORRIDOR,Corridor Outside West,CORRIDOR,CORRIDOR,F2,GROUND,FALSE,0.7586,0.6479,,TRUE,,PRE_SITE_QA,TRUE,TRUE,TRUE,TRUE,
COR_EXT_NORTH_MAIN_E,CORRIDOR,Corridor Outside North Main,CORRIDOR,CORRIDOR,F0,GROUND,FALSE,0.18,0.1019,,TRUE,,PRE_SITE_QA,TRUE,TRUE,TRUE,TRUE,
COR_EXT_NORTH_MAIN_W,CORRIDOR,Corridor Outside North Main,CORRIDOR,CORRIDOR,F0,GROUND,FALSE,0.393,0.0529,,TRUE,,PRE_SITE_QA,TRUE,TRUE,TRUE,TRUE,
COR_EXT_W_N,CORRIDOR,Corridor Outside West,CORRIDOR,CORRIDOR,F1,GROUND,FALSE,0.2746,0.6909,,TRUE,,PRE_SITE_QA,TRUE,TRUE,TRUE,TRUE,
COR_EXT_W_S,CORRIDOR,Corridor Outside West,CORRIDOR,CORRIDOR,F2,GROUND,FALSE,0.6506,0.9279,,TRUE,,PRE_SITE_QA,TRUE,TRUE,TRUE,TRUE,
COR_MAIN_E_N,CORRIDOR,Avenida de Mediterraneo,CORRIDOR,CORRIDOR,F0,GROUND,FALSE,0.6286,0.3139,,TRUE,,PRE_SITE_QA,TRUE,TRUE,TRUE,TRUE,
COR_MAIN_E_S,CORRIDOR,Avenida de Mediterraneo,CORRIDOR,CORRIDOR,F0,GROUND,FALSE,0.6646,0.4719,,TRUE,,PRE_SITE_QA,TRUE,TRUE,TRUE,TRUE,
COR_MAIN_E1_N,CORRIDOR,Avenida de Mediterraneo,CORRIDOR,CORRIDOR,F0,GROUND,FALSE,0.4146,0.1599,,TRUE,,PRE_SITE_QA,TRUE,TRUE,TRUE,TRUE,
COR_MAIN_E1_S,CORRIDOR,Avenida de Mediterraneo,CORRIDOR,CORRIDOR,F0,GROUND,FALSE,0.5866,0.2589,,TRUE,,PRE_SITE_QA,TRUE,TRUE,TRUE,TRUE,
COR_MAIN_E2_N,CORRIDOR,Corridor East Short,CORRIDOR,CORRIDOR,F0,GROUND,FALSE,0.6506,0.2399,,TRUE,,PRE_SITE_QA,TRUE,TRUE,TRUE,TRUE,
COR_MAIN_E2_S,CORRIDOR,Corridor East Short,CORRIDOR,CORRIDOR,F0,GROUND,FALSE,0.6346,0.2639,,TRUE,,PRE_SITE_QA,TRUE,TRUE,TRUE,TRUE,
COR_MAIN_N_N,CORRIDOR,Paseo del Azahar,CORRIDOR,CORRIDOR,F0,GROUND,FALSE,0.4986,0.4769,,TRUE,,PRE_SITE_QA,TRUE,TRUE,TRUE,TRUE,
COR_MAIN_N_S,CORRIDOR,Paseo del Azahar,CORRIDOR,CORRIDOR,F0,GROUND,FALSE,0.6016,0.5429,,TRUE,,PRE_SITE_QA,TRUE,TRUE,TRUE,TRUE,
COR_MAIN_N1_N,CORRIDOR,Paseo de la Vega,CORRIDOR,CORRIDOR,F0,GROUND,FALSE,0.4226,0.2289,,TRUE,,PRE_SITE_QA,TRUE,TRUE,TRUE,TRUE,
COR_MAIN_N1_S,CORRIDOR,Paseo de la Vega,CORRIDOR,CORRIDOR,F0,GROUND,FALSE,0.4726,0.4569,,TRUE,,PRE_SITE_QA,TRUE,TRUE,TRUE,TRUE,
COR_MAIN_W_E,CORRIDOR,West Corridor,CORRIDOR,CORRIDOR,F0,GROUND,FALSE,0.5626,0.7499,,TRUE,,PRE_SITE_QA,TRUE,TRUE,TRUE,TRUE,
COR_MAIN_W_W,CORRIDOR,West Corridor,CORRIDOR,CORRIDOR,F0,GROUND,FALSE,0.5076,0.8119,,TRUE,,PRE_SITE_QA,TRUE,TRUE,TRUE,TRUE,
COR_MAIN_W1_E,CORRIDOR,West Corridor,CORRIDOR,CORRIDOR,F0,GROUND,FALSE,0.6566,0.5879,,TRUE,,PRE_SITE_QA,TRUE,TRUE,TRUE,TRUE,
COR_MAIN_W1_W,CORRIDOR,West Corridor,CORRIDOR,CORRIDOR,F0,GROUND,FALSE,0.5986,0.6889,,TRUE,,PRE_SITE_QA,TRUE,TRUE,TRUE,TRUE,
ELV_CENTER_B1,ELEVATOR,Central Elevator,VERTICAL,TRANSPORT,B1,BASEMENT,TRUE,0.7326,0.5909,,TRUE,,PRE_SITE_QA,TRUE,TRUE,TRUE,TRUE,
ELV_CENTER_F0,ELEVATOR,Central Elevator,VERTICAL,TRANSPORT,F0,GROUND,TRUE,0.7326,0.5909,,TRUE,,PRE_SITE_QA,TRUE,TRUE,TRUE,TRUE,
ELV_CENTER_F1,ELEVATOR,Central Elevator,VERTICAL,TRANSPORT,F1,UPPER,TRUE,0.7326,0.5909,,TRUE,,PRE_SITE_QA,TRUE,TRUE,TRUE,TRUE,
ELV_N_F0,ELEVATOR,North Elevator,VERTICAL,TRANSPORT,F0,GROUND,TRUE,0.3586,0.1209,,TRUE,,PRE_SITE_QA,TRUE,TRUE,TRUE,TRUE,
ELV_N_F1,ELEVATOR,North Elevator,VERTICAL,TRANSPORT,F1,UPPER,TRUE,0.3586,0.1209,,TRUE,,PRE_SITE_QA,TRUE,TRUE,TRUE,TRUE,
ELV_W_B1,ELEVATOR,West Elevator Decathlon,VERTICAL,TRANSPORT,B1,BASEMENT,TRUE,0.6006,0.8949,,TRUE,,PRE_SITE_QA,TRUE,TRUE,TRUE,TRUE,
ELV_W_F0,ELEVATOR,West Elevator Decathlon,VERTICAL,TRANSPORT,F0,GROUND,TRUE,0.6006,0.8949,,TRUE,,PRE_SITE_QA,TRUE,TRUE,TRUE,TRUE,
ELV_W1_B1,ELEVATOR,West Elevator Leroy Merlin,VERTICAL,TRANSPORT,B1,BASEMENT,TRUE,0.3706,0.7499,,TRUE,,PRE_SITE_QA,TRUE,TRUE,TRUE,TRUE,
ELV_W1_F0,ELEVATOR,West Elevator Leroy Merlin,VERTICAL,TRANSPORT,F0,GROUND,TRUE,0.3706,0.7499,,TRUE,,PRE_SITE_QA,TRUE,TRUE,TRUE,TRUE,
ENT_EAST_MAIN,ENTRANCE,East Main Entrance,ENTRY,ENTRANCE,F0,GROUND,FALSE,0.6656,0.2169,,FALSE,,PRE_SITE_QA,TRUE,TRUE,TRUE,TRUE,
ENT_NORTH_MAIN,ENTRANCE,North Main Entrance,ENTRY,ENTRANCE,F0,GROUND,FALSE,0.3516,0.0549,,FALSE,,PRE_SITE_QA,TRUE,TRUE,TRUE,TRUE,
ENT_PARKING_1,ENTRANCE,Parking Entrance Main,ENTRY,ENTRANCE,F0,GROUND,FALSE,0.7676,0.7109,,FALSE,,PRE_SITE_QA,TRUE,TRUE,TRUE,TRUE,
ENT_PARKING_2,ENTRANCE,Parking Entrance West,ENTRY,ENTRANCE,F0,GROUND,FALSE,0.2026,0.7989,,FALSE,,PRE_SITE_QA,TRUE,TRUE,TRUE,TRUE,
ENT_PARKING_3,ENTRANCE,Parking Entrance NE,ENTRY,ENTRANCE,F0,GROUND,FALSE,0.4916,0.1069,,FALSE,,PRE_SITE_QA,TRUE,TRUE,TRUE,TRUE,
ENT_PARKING_4,ENTRANCE,Parking Entrance SE,ENTRY,ENTRANCE,F1,GROUND,FALSE,0.997,0.3579,,FALSE,,PRE_SITE_QA,TRUE,TRUE,TRUE,TRUE,
ENT_SOUTH_MAIN,ENTRANCE,South Main Entrance,ENTRY,ENTRANCE,B1,BASEMENT,FALSE,0.7946,0.6119,,FALSE,,PRE_SITE_QA,TRUE,TRUE,TRUE,TRUE,
ENT_WEST_MAIN,ENTRANCE,West Main Entrance,ENTRY,ENTRANCE,F0,GROUND,FALSE,0.4916,0.8379,,FALSE,,PRE_SITE_QA,TRUE,TRUE,TRUE,TRUE,
ESC_CENTER_B1,ESCALATOR,Central Escalator,VERTICAL,TRANSPORT,B1,BASEMENT,TRUE,0.7156,0.5619,,TRUE,,PRE_SITE_QA,FALSE,FALSE,FALSE,TRUE,
ESC_CENTER_F0,ESCALATOR,Central Escalator,VERTICAL,TRANSPORT,F0,GROUND,TRUE,0.7416,0.5779,,TRUE,,PRE_SITE_QA,FALSE,FALSE,FALSE,TRUE,
ESC_CENTER_FC_F0,ESCALATOR,Central Escalator Foodcourt,VERTICAL,TRANSPORT,B1,BASEMENT,TRUE,0.6416,0.5439,,TRUE,,PRE_SITE_QA,FALSE,FALSE,FALSE,TRUE,
ESC_CENTER_FC_F1,ESCALATOR,Central Escalator Foodcourt,VERTICAL,TRANSPORT,F0,GROUND,TRUE,0.6226,0.5149,,TRUE,,PRE_SITE_QA,FALSE,FALSE,FALSE,TRUE,
ESC_EAST_B1,ESCALATOR,East Escalator,VERTICAL,TRANSPORT,F1,GROUND,TRUE,0.6226,0.2839,,TRUE,,PRE_SITE_QA,FALSE,FALSE,FALSE,TRUE,
ESC_EAST_F0,ESCALATOR,East Escalator,VERTICAL,TRANSPORT,F1,GROUND,TRUE,0.6276,0.2769,,TRUE,,PRE_SITE_QA,FALSE,FALSE,FALSE,TRUE,
ESC_NORTH_F0,ESCALATOR,North Escalator,VERTICAL,TRANSPORT,F0,GROUND,TRUE,0.3726,0.1269,,TRUE,,PRE_SITE_QA,FALSE,FALSE,FALSE,TRUE,
ESC_NORTH_F1,ESCALATOR,North Escalator,VERTICAL,TRANSPORT,F1,GROUND,TRUE,0.3626,0.0929,,TRUE,,PRE_SITE_QA,FALSE,FALSE,FALSE,TRUE,
ESC_WEST_B1,ESCALATOR,West Escalator,VERTICAL,TRANSPORT,F0,BASEMENT,TRUE,0.5786,0.7219,,TRUE,,PRE_SITE_QA,FALSE,FALSE,FALSE,TRUE,
ESC_WEST_F0,ESCALATOR,West Escalator,VERTICAL,TRANSPORT,F1,GROUND,TRUE,0.5676,0.7399,,TRUE,,PRE_SITE_QA,FALSE,FALSE,FALSE,TRUE,
EV_CHARGING_1_F0,EV_CHARGING,EV Charging Station 1,AMENITY,SERVICE,F0,GROUND,FALSE,0.433,0.8295,,FALSE,,PRE_SITE_QA,TRUE,TRUE,TRUE,TRUE,
EV_CHARGING_2_B1,EV_CHARGING,EV Charging Station 2,AMENITY,SERVICE,B1,BASEMENT,FALSE,0.3676,0.6039,,FALSE,,PRE_SITE_QA,TRUE,TRUE,TRUE,TRUE,
EXT_GAS_STATION_PARKING,POI,Gas Station,PARKING_SERVICE,SERVICE,F0,outdoor,FALSE,0.2446,0.6809,,FALSE,"Outside mall, located on parking lot",PRE_SITE_QA,TRUE,TRUE,TRUE,TRUE,
FIRST_AID_F0,FIRST_AID,First Aid Point,AMENITY,AMENITY,F0,GROUND,FALSE,0.6176,0.5399,,FALSE,,PRE_SITE_QA,TRUE,TRUE,TRUE,TRUE,
INFO_MAIN_F0,INFO,Information Desk,AMENITY,AMENITY,F0,GROUND,FALSE,0.6176,0.5399,,FALSE,,PRE_SITE_QA,TRUE,TRUE,TRUE,TRUE,
LOCKER_AMAZON_B1,Locker Amazon,Amazon Parcel Locker,AMENITY,AMENITY,B1,BASEMENT,FALSE,0.452,0.5195,,FALSE,,PRE_SITE_QA,TRUE,TRUE,TRUE,TRUE,
LOCKER_CORREOS_B1,Locker Correos,Correos Parcel Locker,AMENITY,AMENITY,B1,BASEMENT,FALSE,0.453,0.5215,,FALSE,,PRE_SITE_QA,TRUE,TRUE,TRUE,TRUE,
MALL_SHELL_LZ,SHELL,Outside Shell,BOUNDARY,SHELL,F0,GROUND,FALSE,,,,FALSE,Mall boundary / shell (non-navigable),PRE_SITE_QA,FALSE,FALSE,FALSE,TRUE,
NODE_DOOR_100_MONTADITOS,STORE,100 Montaditos,NODE,DOOR,F1,UPPER,FALSE,0.717,0.6535,,FALSE,,PRE_SITE_QA,TRUE,TRUE,TRUE,TRUE,
NODE_DOOR_ADIDASORIGINALS,STORE,Adidas Originals,NODE,DOOR,F0,GROUND,FALSE,0.735,0.5145,,FALSE,,PRE_SITE_QA,TRUE,TRUE,TRUE,TRUE,
NODE_DOOR_ALCAMPO_N,STORE,Al Campo,NODE,DOOR,F0,GROUND,FALSE,0.357,0.249,,FALSE,,PRE_SITE_QA,TRUE,TRUE,TRUE,TRUE,
NODE_DOOR_ALCAMPO_S,STORE,Al Campo,NODE,DOOR,F0,GROUND,FALSE,0.38,0.31,,FALSE,,PRE_SITE_QA,TRUE,TRUE,TRUE,TRUE,
NODE_DOOR_ALEHOP,STORE,Ale Hop,NODE,DOOR,F0,GROUND,FALSE,0.514,0.179,,FALSE,,PRE_SITE_QA,TRUE,TRUE,TRUE,TRUE,
NODE_DOOR_ALEJOR,STORE,Alejor,NODE,DOOR,F0,GROUND,FALSE,0.431,0.2605,,FALSE,,PRE_SITE_QA,TRUE,TRUE,TRUE,TRUE,
NODE_DOOR_AVATEL,STORE,Avatel,NODE,DOOR,F0,GROUND,FALSE,0.43,0.4485,,FALSE,,PRE_SITE_QA,TRUE,TRUE,TRUE,TRUE,
NODE_DOOR_BANKCAJARURAL,STORE,Bank Caja Rural,NODE,DOOR,F0,GROUND,FALSE,0.484,0.7965,,FALSE,,PRE_SITE_QA,TRUE,TRUE,TRUE,TRUE,
NODE_DOOR_BELROS,STORE,Belros,NODE,DOOR,F0,GROUND,FALSE,0.382,0.233,,FALSE,,PRE_SITE_QA,TRUE,TRUE,TRUE,TRUE,
NODE_DOOR_BENETTON,STORE,Benetton,NODE,DOOR,F0,GROUND,FALSE,0.647,0.327,,FALSE,,PRE_SITE_QA,TRUE,TRUE,TRUE,TRUE,
NODE_DOOR_BERSHKA,STORE,Bershka,NODE,DOOR,F0,GROUND,FALSE,0.596,0.5435,,FALSE,,PRE_SITE_QA,TRUE,TRUE,TRUE,TRUE,
NODE_DOOR_BIGGERBETTERBURGER,STORE,Bigger Better Burger,NODE,DOOR,F1,UPPER,FALSE,0.717,0.6535,,FALSE,,PRE_SITE_QA,TRUE,TRUE,TRUE,TRUE,
NODE_DOOR_BIJOUBRIGITTE,STORE,Bijou Brigitte,NODE,DOOR,F0,GROUND,FALSE,0.641,0.5835,,FALSE,,PRE_SITE_QA,TRUE,TRUE,TRUE,TRUE,
NODE_DOOR_BLACK,STORE,Black,NODE,DOOR,F0,GROUND,FALSE,0.583,0.2855,,FALSE,,PRE_SITE_QA,TRUE,TRUE,TRUE,TRUE,
NODE_DOOR_BOMBONBOSS,STORE,BomBon Boss,NODE,DOOR,F0,GROUND,FALSE,0.427,0.1865,,FALSE,,PRE_SITE_QA,TRUE,TRUE,TRUE,TRUE,
NODE_DOOR_BOSTON,STORE,Boston,NODE,DOOR,F0,GROUND,FALSE,0.423,0.2865,,FALSE,,PRE_SITE_QA,TRUE,TRUE,TRUE,TRUE,
NODE_DOOR_BOTTICELLI,STORE,Botticelli,NODE,DOOR,F0,GROUND,FALSE,0.613,0.6885,,FALSE,,PRE_SITE_QA,TRUE,TRUE,TRUE,TRUE,
NODE_DOOR_BOWLING,STORE,Bowling,NODE,DOOR,F0,GROUND,FALSE,0.733,0.6215,,FALSE,,PRE_SITE_QA,TRUE,TRUE,TRUE,TRUE,
NODE_DOOR_CA,STORE,C&A,NODE,DOOR,F0,GROUND,FALSE,0.46,0.3425,,FALSE,,PRE_SITE_QA,TRUE,TRUE,TRUE,TRUE,
NODE_DOOR_CAFEOLE,STORE,Café Ole,NODE,DOOR,F0,GROUND,FALSE,0.7,0.5065,,FALSE,,PRE_SITE_QA,TRUE,TRUE,TRUE,TRUE,
NODE_DOOR_CAFETERIAEXPRE3SS,STORE,Cafeteria Expre3ss,NODE,DOOR,F0,GROUND,FALSE,0.43,0.4915,,FALSE,,PRE_SITE_QA,TRUE,TRUE,TRUE,TRUE,
NODE_DOOR_CALZEDONIA,STORE,Calzedonia,NODE,DOOR,F0,GROUND,FALSE,0.624,0.33,,FALSE,,PRE_SITE_QA,TRUE,TRUE,TRUE,TRUE,
NODE_DOOR_CASINO,STORE,Casino Mediterraneo,NODE,DOOR,F0,GROUND,FALSE,0.947,0.392,,FALSE,,PRE_SITE_QA,TRUE,TRUE,TRUE,TRUE,
NODE_DOOR_CHE,STORE,Che,NODE,DOOR,F1,UPPER,FALSE,0.693,0.4605,,FALSE,,PRE_SITE_QA,TRUE,TRUE,TRUE,TRUE,
NODE_DOOR_CLAIRES,STORE,Claire's,NODE,DOOR,F0,GROUND,FALSE,0.493,0.4895,,FALSE,,PRE_SITE_QA,TRUE,TRUE,TRUE,TRUE,
NODE_DOOR_CONFORMA,STORE,Conforma,NODE,DOOR,F1,UPPER,FALSE,0.235,0.0939,,FALSE,,PRE_SITE_QA,TRUE,TRUE,TRUE,TRUE,
NODE_DOOR_CONFORMA_2,STORE,Conforma,NODE,DOOR,F1,UPPER,FALSE,0.227,0.085,,FALSE,,PRE_SITE_QA,TRUE,TRUE,TRUE,TRUE,
NODE_DOOR_CORTEFIEL,STORE,Cortefiel,NODE,DOOR,F0,GROUND,FALSE,0.563,0.221,,FALSE,,PRE_SITE_QA,TRUE,TRUE,TRUE,TRUE,
NODE_DOOR_COSTABLANCAWOHNUNGEN,STORE,Costablanca Wohnungen,NODE,DOOR,F0,GROUND,FALSE,0.425,0.4305,,FALSE,,PRE_SITE_QA,TRUE,TRUE,TRUE,TRUE,
NODE_DOOR_DAFAVOLA,STORE,Da Favola,NODE,DOOR,F0,GROUND,FALSE,0.407,0.3305,,FALSE,,PRE_SITE_QA,TRUE,TRUE,TRUE,TRUE,
NODE_DOOR_DECATHLON,STORE,Decathlon,NODE,DOOR,F0,GROUND,FALSE,0.613,0.898,,FALSE,,PRE_SITE_QA,TRUE,TRUE,TRUE,TRUE,
NODE_DOOR_DECIMAS,STORE,Decimas,NODE,DOOR,F0,GROUND,FALSE,0.64,0.247,,FALSE,,PRE_SITE_QA,TRUE,TRUE,TRUE,TRUE,
NODE_DOOR_DEICHMANN,STORE,Deichmann,NODE,DOOR,F0,GROUND,FALSE,0.446,0.5055,,FALSE,,PRE_SITE_QA,TRUE,TRUE,TRUE,TRUE,
NODE_DOOR_DESIGUAL,STORE,Desigual,NODE,DOOR,F0,GROUND,FALSE,0.559,0.2485,,FALSE,,PRE_SITE_QA,TRUE,TRUE,TRUE,TRUE,
NODE_DOOR_DONDINO,STORE,Don Dino,NODE,DOOR,F1,UPPER,FALSE,0.381,0.061,,FALSE,,PRE_SITE_QA,TRUE,TRUE,TRUE,TRUE,
NODE_DOOR_DRUNI,STORE,Druni,NODE,DOOR,F0,GROUND,FALSE,0.593,0.244,,FALSE,,PRE_SITE_QA,TRUE,TRUE,TRUE,TRUE,
NODE_DOOR_ELKIOSKO,STORE,El Kiosko,NODE,DOOR,F1,UPPER,FALSE,0.586,0.5075,,FALSE,,PRE_SITE_QA,TRUE,TRUE,TRUE,TRUE,
NODE_DOOR_ENCUENTRO,STORE,Encuentro,NODE,DOOR,F1,UPPER,FALSE,0.588,0.3075,,FALSE,,PRE_SITE_QA,TRUE,TRUE,TRUE,TRUE,
NODE_DOOR_FASHIONNAILS,STORE,Fashion Nails,NODE,DOOR,F0,GROUND,FALSE,0.419,0.3965,,FALSE,,PRE_SITE_QA,TRUE,TRUE,TRUE,TRUE,
NODE_DOOR_FIRST_AID_F0,INFO,Information Desk,AMENITY,AMENITY,F0,GROUND,FALSE,0.6176,0.5399,,FALSE,,PRE_SITE_QA,TRUE,TRUE,TRUE,TRUE,
NODE_DOOR_FLYINGTIGER,STORE,Flying Tiger,NODE,DOOR,F0,GROUND,FALSE,0.558,0.2465,,FALSE,,PRE_SITE_QA,TRUE,TRUE,TRUE,TRUE,
NODE_DOOR_FOSTERS,STORE,Foster’s Hollywood,NODE,DOOR,F1,UPPER,FALSE,0.618,0.5745,,FALSE,,PRE_SITE_QA,TRUE,TRUE,TRUE,TRUE,
NODE_DOOR_GAME,STORE,GAME,NODE,DOOR,F0,GROUND,FALSE,0.447,0.3945,,FALSE,,PRE_SITE_QA,TRUE,TRUE,TRUE,TRUE,
NODE_DOOR_GELATERIA,STORE,Gelateria Icecream,NODE,DOOR,F1,UPPER,FALSE,0.6916,0.4999,,FALSE,,PRE_SITE_QA,TRUE,TRUE,TRUE,TRUE,
NODE_DOOR_GEOX,STORE,Geox,NODE,DOOR,F0,GROUND,FALSE,0.56,0.7725,,FALSE,,PRE_SITE_QA,TRUE,TRUE,TRUE,TRUE,
NODE_DOOR_GOLDRUSH,STORE,Goldrush,NODE,DOOR,F0,GROUND,FALSE,0.401,0.3055,,FALSE,,PRE_SITE_QA,TRUE,TRUE,TRUE,TRUE,
NODE_DOOR_GOURMETCAFE,STORE,Gourmet Café,NODE,DOOR,F0,GROUND,FALSE,0.596,0.7475,,FALSE,,PRE_SITE_QA,TRUE,TRUE,TRUE,TRUE,
NODE_DOOR_GRABA2,STORE,Graba 2,NODE,DOOR,F0,GROUND,FALSE,0.6136,0.6719,,FALSE,,PRE_SITE_QA,TRUE,TRUE,TRUE,TRUE,
NODE_DOOR_GREENWICH,STORE,Greenwich,NODE,DOOR,F0,GROUND,FALSE,0.464,0.154,,FALSE,,PRE_SITE_QA,TRUE,TRUE,TRUE,TRUE,
NODE_DOOR_GUESS_N,STORE,Guess,NODE,DOOR,F0,GROUND,FALSE,0.422,0.2645,,FALSE,,PRE_SITE_QA,TRUE,TRUE,TRUE,TRUE,
NODE_DOOR_GUESS_S,STORE,Guess,NODE,DOOR,F0,GROUND,FALSE,0.592,0.6735,,FALSE,,PRE_SITE_QA,TRUE,TRUE,TRUE,TRUE,
NODE_DOOR_GUESS_SS,STORE,Guess,NODE,DOOR,F0,GROUND,FALSE,0.549,0.7865,,FALSE,,PRE_SITE_QA,TRUE,TRUE,TRUE,TRUE,
NODE_DOOR_HAAGEN_DASZ,STORE,Haagen Dasz,NODE,DOOR,F0,GROUND,FALSE,0.394,0.1715,,FALSE,,PRE_SITE_QA,TRUE,TRUE,TRUE,TRUE,
NODE_DOOR_HM_E,STORE,H&M,NODE,DOOR,F0,GROUND,FALSE,0.636,0.385,,FALSE,,PRE_SITE_QA,TRUE,TRUE,TRUE,TRUE,
NODE_DOOR_HM_W,STORE,H&M,NODE,DOOR,F0,GROUND,FALSE,0.471,0.414,,FALSE,,PRE_SITE_QA,TRUE,TRUE,TRUE,TRUE,
NODE_DOOR_ICECREAM,STORE,Icecream,NODE,DOOR,F0,GROUND,FALSE,0.635,0.6245,,FALSE,,PRE_SITE_QA,TRUE,TRUE,TRUE,TRUE,
NODE_DOOR_IKEA,STORE,Ikea,NODE,DOOR,F0,GROUND,FALSE,0.439,0.2375,,FALSE,,PRE_SITE_QA,TRUE,TRUE,TRUE,TRUE,
NODE_DOOR_INFINITYLOVE,STORE,Infinity Love,NODE,DOOR,F0,GROUND,FALSE,0.588,0.2715,,FALSE,,PRE_SITE_QA,TRUE,TRUE,TRUE,TRUE,
NODE_DOOR_INSIDE,STORE,Inside,NODE,DOOR,F0,GROUND,FALSE,0.474,0.4895,,FALSE,,PRE_SITE_QA,TRUE,TRUE,TRUE,TRUE,
NODE_DOOR_IPANEMA,STORE,Ipanema,NODE,DOOR,F0,GROUND,FALSE,0.357,0.162,,FALSE,,PRE_SITE_QA,TRUE,TRUE,TRUE,TRUE,
NODE_DOOR_JIJONENCA,STORE,Jijonenca Icecream,NODE,DOOR,F0,GROUND,FALSE,0.6306,0.6329,,FALSE,,PRE_SITE_QA,TRUE,TRUE,TRUE,TRUE,
NODE_DOOR_KEBABEXPRESS,STORE,Kebab Express,NODE,DOOR,F1,UPPER,FALSE,0.672,0.6525,,FALSE,,PRE_SITE_QA,TRUE,TRUE,TRUE,TRUE,
NODE_DOOR_KIKOMILANO,STORE,KIKO Milano,NODE,DOOR,F0,GROUND,FALSE,0.636,0.3645,,FALSE,,PRE_SITE_QA,TRUE,TRUE,TRUE,TRUE,
NODE_DOOR_KOALABAY,STORE,Koala Bay,NODE,DOOR,F0,GROUND,FALSE,0.439,0.142,,FALSE,,PRE_SITE_QA,TRUE,TRUE,TRUE,TRUE,
NODE_DOOR_LA_TAGLIATELLA,STORE,La Tagliatella,NODE,DOOR,F1,UPPER,FALSE,0.783,0.5245,,FALSE,,PRE_SITE_QA,TRUE,TRUE,TRUE,TRUE,
NODE_DOOR_LASERESTETIC,STORE,Laser Estetic,NODE,DOOR,F0,GROUND,FALSE,0.396,0.2675,,FALSE,,PRE_SITE_QA,TRUE,TRUE,TRUE,TRUE,
NODE_DOOR_LEFTIES,STORE,Lefties,NODE,DOOR,F0,GROUND,FALSE,0.537,0.5095,,FALSE,,PRE_SITE_QA,TRUE,TRUE,TRUE,TRUE,
NODE_DOOR_LEROY_MERLIN,STORE,Leroy Merlin,NODE,DOOR,F0,GROUND,FALSE,0.401,0.771,,FALSE,,PRE_SITE_QA,TRUE,TRUE,TRUE,TRUE,
NODE_DOOR_LEROYMERLIN_PICKUP,STORE,Leroy Merlin,NODE,DOOR,F0,GROUND,FALSE,0.272,0.681,,FALSE,,PRE_SITE_QA,TRUE,TRUE,TRUE,TRUE,
NODE_DOOR_LEVIS,STORE,Levi's,NODE,DOOR,F0,GROUND,FALSE,0.434,0.2255,,FALSE,,PRE_SITE_QA,TRUE,TRUE,TRUE,TRUE,
NODE_DOOR_LIONOFPORCHES,STORE,Lion of Porches,NODE,DOOR,F0,GROUND,FALSE,0.561,0.6945,,FALSE,,PRE_SITE_QA,TRUE,TRUE,TRUE,TRUE,
NODE_DOOR_LIZARRAN,STORE,Lizarran,NODE,DOOR,F1,UPPER,FALSE,0.769,0.5545,,FALSE,,PRE_SITE_QA,TRUE,TRUE,TRUE,TRUE,
NODE_DOOR_LOCKER_AMAZON_B1,Locker Amazon,Amazon Parcel Locker,AMENITY,AMENITY,B1,BASEMENT,FALSE,0.452,0.5195,,FALSE,,PRE_SITE_QA,TRUE,TRUE,TRUE,TRUE,
NODE_DOOR_LOCKER_CORREOS_B1,Locker Correos,Correos Parcel Locker,AMENITY,AMENITY,B1,BASEMENT,FALSE,0.453,0.5215,,FALSE,,PRE_SITE_QA,TRUE,TRUE,TRUE,TRUE,
NODE_DOOR_LOTERIA,STORE,Loteria Nacional,NODE,DOOR,F0,GROUND,FALSE,0.4216,0.4139,,FALSE,,PRE_SITE_QA,TRUE,TRUE,TRUE,TRUE,
NODE_DOOR_LOWCOST,STORE,Lowcost,NODE,DOOR,F0,GROUND,FALSE,0.547,0.7445,,FALSE,,PRE_SITE_QA,TRUE,TRUE,TRUE,TRUE,
NODE_DOOR_LUXENTER,STORE,Luxenter,NODE,DOOR,F0,GROUND,FALSE,0.507,0.4905,,FALSE,,PRE_SITE_QA,TRUE,TRUE,TRUE,TRUE,
NODE_DOOR_LUXURYFOOD,STORE,Luxury Food,NODE,DOOR,F0,GROUND,FALSE,0.648,0.5915,,FALSE,,PRE_SITE_QA,TRUE,TRUE,TRUE,TRUE,
NODE_DOOR_MANGO,STORE,Mango,NODE,DOOR,F0,GROUND,FALSE,0.589,0.297,,FALSE,,PRE_SITE_QA,TRUE,TRUE,TRUE,TRUE,
NODE_DOOR_MARVIMUNDO,STORE,Marvimundo,NODE,DOOR,F0,GROUND,FALSE,0.453,0.3015,,FALSE,,PRE_SITE_QA,TRUE,TRUE,TRUE,TRUE,
NODE_DOOR_MASSIMODUTTI_N,STORE,Massimo Dutti,NODE,DOOR,F0,GROUND,FALSE,0.649,0.4715,,FALSE,,PRE_SITE_QA,TRUE,TRUE,TRUE,TRUE,
NODE_DOOR_MASSIMODUTTI_S,STORE,Massimo Dutti,NODE,DOOR,F0,GROUND,FALSE,0.649,0.4715,,FALSE,,PRE_SITE_QA,TRUE,TRUE,TRUE,TRUE,
NODE_DOOR_MAXCOLCHON,STORE,Maxcolchon,NODE,DOOR,F0,GROUND,FALSE,0.547,0.7445,,FALSE,,PRE_SITE_QA,TRUE,TRUE,TRUE,TRUE,
NODE_DOOR_MAXIMA,STORE,Maxima,NODE,DOOR,F0,GROUND,FALSE,0.481,0.163,,FALSE,,PRE_SITE_QA,TRUE,TRUE,TRUE,TRUE,
NODE_DOOR_MAYKA_N,STORE,Mayka,NODE,DOOR,F0,GROUND,FALSE,0.516,0.2245,,FALSE,,PRE_SITE_QA,TRUE,TRUE,TRUE,TRUE,
NODE_DOOR_MAYKA_S,STORE,Mayka,NODE,DOOR,F0,GROUND,FALSE,0.612,0.5245,,FALSE,,PRE_SITE_QA,TRUE,TRUE,TRUE,TRUE,
NODE_DOOR_ME,STORE,ME,NODE,DOOR,F0,GROUND,FALSE,0.464,0.4065,,FALSE,,PRE_SITE_QA,TRUE,TRUE,TRUE,TRUE,
NODE_DOOR_MEDIAMARKT,STORE,MediaMarkt,NODE,DOOR,F0,GROUND,FALSE,0.742,0.518,,FALSE,,PRE_SITE_QA,TRUE,TRUE,TRUE,TRUE,
NODE_DOOR_MISAKO,STORE,Misako,NODE,DOOR,F0,GROUND,FALSE,0.629,0.233,,FALSE,,PRE_SITE_QA,TRUE,TRUE,TRUE,TRUE,
NODE_DOOR_MISTERMINT,STORE,Mister Mint,NODE,DOOR,F0,GROUND,FALSE,0.396,0.2675,,FALSE,,PRE_SITE_QA,TRUE,TRUE,TRUE,TRUE,
NODE_DOOR_MR_PEOPLE,STORE,Mr. People,NODE,DOOR,F0,GROUND,FALSE,0.645,0.6265,,FALSE,,PRE_SITE_QA,TRUE,TRUE,TRUE,TRUE,
NODE_DOOR_MUERDELAPASTA,STORE,Muerde La Pasta,NODE,DOOR,F1,UPPER,FALSE,0.586,0.5075,,FALSE,,PRE_SITE_QA,TRUE,TRUE,TRUE,TRUE,
NODE_DOOR_MYTAPA,STORE,My Tapa,NODE,DOOR,F1,UPPER,FALSE,0.769,0.5545,,FALSE,,PRE_SITE_QA,TRUE,TRUE,TRUE,TRUE,
NODE_DOOR_NAILS,STORE,Nails,NODE,DOOR,F0,GROUND,FALSE,0.399,0.2955,,FALSE,,PRE_SITE_QA,TRUE,TRUE,TRUE,TRUE,
NODE_DOOR_NATURAGIFTSHOP,STORE,Natura Gift Shop,NODE,DOOR,F0,GROUND,FALSE,0.759,0.5605,,FALSE,,PRE_SITE_QA,TRUE,TRUE,TRUE,TRUE,
NODE_DOOR_NORAUTO,STORE,Norauto,NODE,DOOR,F0,GROUND,FALSE,0.774,0.283,,FALSE,,PRE_SITE_QA,TRUE,TRUE,TRUE,TRUE,
NODE_DOOR_OYSHO,STORE,Oysho,NODE,DOOR,F0,GROUND,FALSE,0.69,0.485,,FALSE,,PRE_SITE_QA,TRUE,TRUE,TRUE,TRUE,
NODE_DOOR_PACOMARTINEZ,STORE,Paco Martinez,NODE,DOOR,F0,GROUND,FALSE,0.652,0.6095,,FALSE,,PRE_SITE_QA,TRUE,TRUE,TRUE,TRUE,
NODE_DOOR_PALPELO_E,STORE,Palpelo,NODE,DOOR,F0,GROUND,FALSE,0.404,0.23,,FALSE,,PRE_SITE_QA,TRUE,TRUE,TRUE,TRUE,
NODE_DOOR_PALPELO_W,STORE,Palpelo,NODE,DOOR,F0,GROUND,FALSE,0.396,0.2675,,FALSE,,PRE_SITE_QA,TRUE,TRUE,TRUE,TRUE,
NODE_DOOR_PANDORA,STORE,Pandora,NODE,DOOR,F0,GROUND,FALSE,0.631,0.6025,,FALSE,,PRE_SITE_QA,TRUE,TRUE,TRUE,TRUE,
NODE_DOOR_PARFOIS,STORE,Parfois,NODE,DOOR,F0,GROUND,FALSE,0.531,0.184,,FALSE,,PRE_SITE_QA,TRUE,TRUE,TRUE,TRUE,
NODE_DOOR_PASGAR,STORE,Pasgar,NODE,DOOR,F0,GROUND,FALSE,0.641,0.4825,,FALSE,,PRE_SITE_QA,TRUE,TRUE,TRUE,TRUE,
NODE_DOOR_PEPEJEANS,STORE,Pepe Jeans,NODE,DOOR,F0,GROUND,FALSE,0.547,0.7445,,FALSE,,PRE_SITE_QA,TRUE,TRUE,TRUE,TRUE,
NODE_DOOR_PEWTER,STORE,Pewter,NODE,DOOR,F0,GROUND,FALSE,0.581,0.5145,,FALSE,,PRE_SITE_QA,TRUE,TRUE,TRUE,TRUE,
NODE_DOOR_PHARMACY,STORE,Pharmacy,NODE,DOOR,F0,GROUND,FALSE,0.516,0.807,,FALSE,,PRE_SITE_QA,TRUE,TRUE,TRUE,TRUE,
NODE_DOOR_POLINESIA,STORE,Polinesia,NODE,DOOR,F0,GROUND,FALSE,0.541,0.2335,,FALSE,,PRE_SITE_QA,TRUE,TRUE,TRUE,TRUE,
NODE_DOOR_POPEYES,STORE,Popeyes,NODE,DOOR,F1,UPPER,FALSE,0.712,0.4685,,FALSE,,PRE_SITE_QA,TRUE,TRUE,TRUE,TRUE,
NODE_DOOR_PRIMARK,STORE,Primark,NODE,DOOR,F0,GROUND,FALSE,0.329,0.15,,FALSE,,PRE_SITE_QA,TRUE,TRUE,TRUE,TRUE,
NODE_DOOR_PRIMICHI,STORE,Primichi ,NODE,DOOR,F0,GROUND,FALSE,0.496,0.171,,FALSE,,PRE_SITE_QA,TRUE,TRUE,TRUE,TRUE,
NODE_DOOR_PRIMOR,STORE,Primor,NODE,DOOR,F0,GROUND,FALSE,0.387,0.114,,FALSE,,PRE_SITE_QA,TRUE,TRUE,TRUE,TRUE,
NODE_DOOR_PULLBEAR,STORE,Pull&Bear,NODE,DOOR,F0,GROUND,FALSE,0.613,0.551,,FALSE,,PRE_SITE_QA,TRUE,TRUE,TRUE,TRUE,
NODE_DOOR_PUNTROMA,STORE,Punt Roma,NODE,DOOR,F0,GROUND,FALSE,0.499,0.4615,,FALSE,,PRE_SITE_QA,TRUE,TRUE,TRUE,TRUE,
NODE_DOOR_RESTAURANTCASACARMEN,STORE,Restaurant Casa Carmen,NODE,DOOR,F1,UPPER,FALSE,0.596,0.4365,,FALSE,,PRE_SITE_QA,TRUE,TRUE,TRUE,TRUE,
NODE_DOOR_RITUALS,STORE,Rituals,NODE,DOOR,F0,GROUND,FALSE,0.431,0.2145,,FALSE,,PRE_SITE_QA,TRUE,TRUE,TRUE,TRUE,
NODE_DOOR_ROBERTOMARTIN,STORE,Roberto Martin,NODE,DOOR,F0,GROUND,FALSE,0.43,0.3265,,FALSE,,PRE_SITE_QA,TRUE,TRUE,TRUE,TRUE,
NODE_DOOR_RXS,STORE,RXS,NODE,DOOR,F0,GROUND,FALSE,0.47,0.3805,,FALSE,,PRE_SITE_QA,TRUE,TRUE,TRUE,TRUE,
NODE_DOOR_SANTOSOCHOA,STORE,Santos Ochoa,NODE,DOOR,F0,GROUND,FALSE,0.633,0.308,,FALSE,,PRE_SITE_QA,TRUE,TRUE,TRUE,TRUE,
NODE_DOOR_SAXO,STORE,Saxo,NODE,DOOR,F0,GROUND,FALSE,0.639,0.6415,,FALSE,,PRE_SITE_QA,TRUE,TRUE,TRUE,TRUE,
NODE_DOOR_SCOTTA,STORE,Scotta,NODE,DOOR,F0,GROUND,FALSE,0.598,0.6555,,FALSE,,PRE_SITE_QA,TRUE,TRUE,TRUE,TRUE,
NODE_DOOR_SMOOY,STORE,Smooy,NODE,DOOR,F0,GROUND,FALSE,0.429,0.3485,,FALSE,,PRE_SITE_QA,TRUE,TRUE,TRUE,TRUE,
NODE_DOOR_SOLOOPTICAL_E,STORE,Solooptical,NODE,DOOR,F0,GROUND,FALSE,0.461,0.4505,,FALSE,,PRE_SITE_QA,TRUE,TRUE,TRUE,TRUE,
NODE_DOOR_SOLOOPTICAL_W,STORE,Solooptical,NODE,DOOR,F0,GROUND,FALSE,0.437,0.4645,,FALSE,,PRE_SITE_QA,TRUE,TRUE,TRUE,TRUE,
NODE_DOOR_SPRINGFIELD,STORE,Springfield,NODE,DOOR,F0,GROUND,FALSE,0.566,0.5295,,FALSE,,PRE_SITE_QA,TRUE,TRUE,TRUE,TRUE,
NODE_DOOR_STARBUCKS,STORE,Starbucks,NODE,DOOR,F0,GROUND,FALSE,0.512,0.1995,,FALSE,,PRE_SITE_QA,TRUE,TRUE,TRUE,TRUE,
NODE_DOOR_STRADIVARIUS,STORE,Stradivarius,NODE,DOOR,F0,GROUND,FALSE,0.612,0.513,,FALSE,,PRE_SITE_QA,TRUE,TRUE,TRUE,TRUE,
NODE_DOOR_SUPERDRY,STORE,Superdry,NODE,DOOR,F0,GROUND,FALSE,0.588,0.2715,,FALSE,,PRE_SITE_QA,TRUE,TRUE,TRUE,TRUE,
NODE_DOOR_SWAROVSKI,STORE,Swarovski,NODE,DOOR,F0,GROUND,FALSE,0.661,0.5945,,FALSE,,PRE_SITE_QA,TRUE,TRUE,TRUE,TRUE,
NODE_DOOR_TACOBELL,STORE,Taco Bell,NODE,DOOR,F1,UPPER,FALSE,0.586,0.5075,,FALSE,,PRE_SITE_QA,TRUE,TRUE,TRUE,TRUE,
NODE_DOOR_TEASHOP,STORE,Tea Shop,NODE,DOOR,F0,GROUND,FALSE,0.608,0.6385,,FALSE,,PRE_SITE_QA,TRUE,TRUE,TRUE,TRUE,
NODE_DOOR_TERRASSA,STORE,Terrassa,NODE,DOOR,F0,GROUND,FALSE,0.699,0.5835,,FALSE,,PRE_SITE_QA,TRUE,TRUE,TRUE,TRUE,
NODE_DOOR_THEBODYSHOP,STORE,The Body Shop,NODE,DOOR,F0,GROUND,FALSE,0.605,0.6485,,FALSE,,PRE_SITE_QA,TRUE,TRUE,TRUE,TRUE,
NODE_DOOR_THEFITZGERALD,STORE,The Fitzgerald,NODE,DOOR,F1,UPPER,FALSE,0.586,0.5075,,FALSE,,PRE_SITE_QA,TRUE,TRUE,TRUE,TRUE,
NODE_DOOR_THENORTHFACE,STORE,The North Face,NODE,DOOR,F0,GROUND,FALSE,0.541,0.201,,FALSE,,PRE_SITE_QA,TRUE,TRUE,TRUE,TRUE,
NODE_DOOR_TIENDANIMAL,STORE,Tiendanimal,NODE,DOOR,F0,GROUND,FALSE,0.443,0.2665,,FALSE,,PRE_SITE_QA,TRUE,TRUE,TRUE,TRUE,
NODE_DOOR_TIMEROAD,STORE,Time Road,NODE,DOOR,F0,GROUND,FALSE,0.581,0.5145,,FALSE,,PRE_SITE_QA,TRUE,TRUE,TRUE,TRUE,
NODE_DOOR_TOUS,STORE,Tous,NODE,DOOR,F0,GROUND,FALSE,0.611,0.7325,,FALSE,,PRE_SITE_QA,TRUE,TRUE,TRUE,TRUE,
NODE_DOOR_TRAMAS,STORE,Tramas,NODE,DOOR,F0,GROUND,FALSE,0.457,0.4375,,FALSE,,PRE_SITE_QA,TRUE,TRUE,TRUE,TRUE,
NODE_DOOR_ULANKA,STORE,Ulanka,NODE,DOOR,F0,GROUND,FALSE,0.455,0.4185,,FALSE,,PRE_SITE_QA,TRUE,TRUE,TRUE,TRUE,
NODE_DOOR_UNKNOWN_MAYKA_FLYING,STORE,??? MAYKA/Flying,NODE,DOOR,F0,GROUND,FALSE,0.506,0.2135,,FALSE,,PRE_SITE_QA,TRUE,TRUE,TRUE,TRUE,
NODE_DOOR_UNKNOWN_MAYKA_FLYING,,,,,,,,,,,,,,,,,,
NODE_DOOR_UNKNOWN_SUNGLASSES_SMOOY,STORE,???Sunglasses/smooy,NODE,DOOR,F0,GROUND,FALSE,0.429,0.3025,,FALSE,,PRE_SITE_QA,TRUE,TRUE,TRUE,TRUE,
NODE_DOOR_UNKNOWN_SUNGLASSES_SMOOY,,,,,,,,,,,,,,,,,,
NODE_DOOR_VANS,STORE,Vans,NODE,DOOR,F0,GROUND,FALSE,0.587,0.2735,,FALSE,,PRE_SITE_QA,TRUE,TRUE,TRUE,TRUE,
NODE_DOOR_WC_CENTER_F0,WC,Restrooms – Central,AMENITY,AMENITY,F0,GROUND,FALSE,0.6416,0.4909,,FALSE,,PRE_SITE_QA,TRUE,TRUE,TRUE,TRUE,
NODE_DOOR_WC_CENTER_F1,WC,Restrooms – Upper Floor,AMENITY,AMENITY,F1,UPPER,FALSE,0.5946,0.4419,,FALSE,,PRE_SITE_QA,TRUE,TRUE,TRUE,TRUE,
NODE_DOOR_WC_NORTH_F0,WC,Restrooms – North,AMENITY,AMENITY,F0,GROUND,FALSE,0.3466,0.1309,,FALSE,,PRE_SITE_QA,TRUE,TRUE,TRUE,TRUE,
NODE_DOOR_WC_SOUTH_F0,WC,Restrooms – South,AMENITY,AMENITY,F0,GROUND,FALSE,0.6036,0.7399,,FALSE,,PRE_SITE_QA,TRUE,TRUE,TRUE,TRUE,
NODE_DOOR_WOKCENTER,STORE,Wok Center,NODE,DOOR,F1,UPPER,FALSE,0.693,0.4605,,FALSE,,PRE_SITE_QA,TRUE,TRUE,TRUE,TRUE,
NODE_DOOR_WOMENSECRET,STORE,Women Secret,NODE,DOOR,F0,GROUND,FALSE,0.581,0.5145,,FALSE,,PRE_SITE_QA,TRUE,TRUE,TRUE,TRUE,
NODE_DOOR_YVESROCHER,STORE,Yves Rocher,NODE,DOOR,F0,GROUND,FALSE,0.574,0.2625,,FALSE,,PRE_SITE_QA,TRUE,TRUE,TRUE,TRUE,
NODE_DOOR_ZARA,STORE,Zara,NODE,DOOR,F0,GROUND,FALSE,0.661,0.402,,FALSE,,PRE_SITE_QA,TRUE,TRUE,TRUE,TRUE,
NODE_DOOR_ZARAHOME,STORE,Zara Home,NODE,DOOR,F0,GROUND,FALSE,0.67,0.47,,FALSE,,PRE_SITE_QA,TRUE,TRUE,TRUE,TRUE,
NODE_EXT_E_ENTRANCE,NODE,Corridor Outside East,JUNCTION,EXTERIOR,F1,GROUND,FALSE,0.6646,0.2149,,TRUE,,PRE_SITE_QA,TRUE,TRUE,TRUE,TRUE,
NODE_EXT_MAIN_ENTRANCE,NODE,Corridor Outside West,JUNCTION,EXTERIOR,F0,GROUND,FALSE,0.7906,0.6129,,TRUE,,PRE_SITE_QA,TRUE,TRUE,TRUE,TRUE,
NODE_EXT_N_ENTRANCE,NODE,Corridor Outside North,JUNCTION,EXTERIOR,F0,GROUND,FALSE,0.348,0.0669,,TRUE,,PRE_SITE_QA,TRUE,TRUE,TRUE,TRUE,
NODE_EXT_W_ENTRANCE,NODE,Corridor Outside West,JUNCTION,EXTERIOR,F0,GROUND,FALSE,0.4866,0.8339,,TRUE,,PRE_SITE_QA,TRUE,TRUE,TRUE,TRUE,
NODE_PARKING_GARAGE_LVL_B1,NODE,Parking Garage Circulation Hub,CIRCULATION,PARKING,B1,BASEMENT,FALSE,0.5,0.5,,TRUE,Parking garage circulation hub,PRE_SITE_QA,TRUE,TRUE,TRUE,TRUE,
PARKING_LOT_E,NODE,Outside Parking East,PARKING_OUTDOOR,PARKING,F0,GROUND,FALSE,0.6676,0.2139,,TRUE,Outdoor parking lot (east),PRE_SITE_QA,TRUE,TRUE,TRUE,TRUE,
PARKING_LOT_N,NODE,Outside Parking North,parking_outdoor,PARKING,F0,GROUND,FALSE,0.312,0.0699,,TRUE,Outdoor parking lot (north),PRE_SITE_QA,TRUE,TRUE,TRUE,TRUE,
PARKING_LOT_W,NODE,Outside Parking West,parking_outdoor,PARKING,F0,GROUND,FALSE,0.4886,0.8429,,TRUE,Outdoor parking lot (west),PRE_SITE_QA,TRUE,TRUE,TRUE,TRUE,
PHARMACY_MAIN_F0,PHARMACY,Pharmacy,AMENITY,AMENITY,F0,GROUND,FALSE,0.5276,0.8109,,FALSE,,PRE_SITE_QA,TRUE,TRUE,TRUE,TRUE,
PLAY_KIDS_N_F0,PLAY_AREA,Children’s Play Area 3,AMENITY,AMENITY,F0,GROUND,FALSE,0.3706,0.1499,,FALSE,,PRE_SITE_QA,TRUE,TRUE,TRUE,TRUE,
PLAY_KIDS_S_F0,PLAY_AREA,Children’s Play Area 1,AMENITY,AMENITY,F0,GROUND,FALSE,0.6876,0.5409,,FALSE,,PRE_SITE_QA,TRUE,TRUE,TRUE,TRUE,
PLAY_KIDS_S_F1,PLAY_AREA,Children’s Play Area 2,AMENITY,AMENITY,F1,UPPER,FALSE,0.624,0.4825,,FALSE,,PRE_SITE_QA,TRUE,TRUE,TRUE,TRUE,
PLZ_E_CENTER_F0,PLAZA,Plaza de Miguel Hernandez,PLAZA,PLAZA,F0,GROUND,FALSE,0.6286,0.2679,,TRUE,,PRE_SITE_QA,TRUE,TRUE,TRUE,TRUE,
PLZ_FOOD_COURT_N_F1,PLAZA,Food Court – North,PLAZA,PLAZA,F1,UPPER,FALSE,0.6086,0.4819,,TRUE,,PRE_SITE_QA,TRUE,TRUE,TRUE,TRUE,
PLZ_FOOD_COURT_S_F1,PLAZA,Food Court – South,PLAZA,PLAZA,F1,UPPER,FALSE,0.7546,0.5899,,TRUE,,PRE_SITE_QA,TRUE,TRUE,TRUE,TRUE,
PLZ_MAIN_CENTER_F0,PLAZA,Plaza Mayor,PLAZA,PLAZA,F0,GROUND,FALSE,0.6586,0.5269,,TRUE,,PRE_SITE_QA,TRUE,TRUE,TRUE,TRUE,
PLZ_MAIN_STAGE,PLAZA,Event Stage,AMENITY,AMENITY,F1,GROUND,FALSE,0.6436,0.5219,,FALSE,,PRE_SITE_QA,TRUE,TRUE,TRUE,TRUE,
PLZ_N_CENTER_F0,PLAZA,Plaza de la Lonja,PLAZA,PLAZA,F0,GROUND,FALSE,0.3686,0.1679,,TRUE,,PRE_SITE_QA,TRUE,TRUE,TRUE,TRUE,
PLZ_S_CENTER_F0,PLAZA,Plaza De Las Flores,PLAZA,PLAZA,F0,GROUND,FALSE,0.5806,0.7169,,TRUE,,PRE_SITE_QA,TRUE,TRUE,TRUE,TRUE,
PLZ_W_CENTER_F0,PLAZA,London Square,PLAZA,PLAZA,F0,GROUND,FALSE,0.4566,0.4799,,TRUE,,PRE_SITE_QA,TRUE,TRUE,TRUE,TRUE,
RAMP_B1,RAMP,London Square Ramp,VERTICAL,TRANSPORT,B1,BASEMENT,TRUE,0.4456,0.5249,,TRUE,,PRE_SITE_QA,TRUE,TRUE,TRUE,TRUE,
RAMP_F0,RAMP,London Square Ramp,VERTICAL,TRANSPORT,F0,GROUND,TRUE,0.4386,0.4949,,TRUE,,PRE_SITE_QA,TRUE,TRUE,TRUE,TRUE,
RAMP1_B1,RAMP,Plaza de la Lonja ,VERTICAL,TRANSPORT,B1,BASEMENT,TRUE,0.3746,0.2009,,TRUE,,PRE_SITE_QA,TRUE,TRUE,TRUE,TRUE,
RAMP1_F0,RAMP,Plaza de la Lonja ,VERTICAL,TRANSPORT,F0,GROUND,TRUE,0.3686,0.1699,,TRUE,,PRE_SITE_QA,TRUE,TRUE,TRUE,TRUE,
SEATING_MAIN_F0,SEATING,Main seating,AMENITY,SEATING_AREA,F0,MALL,FALSE,0.6476,0.4979,,FALSE,,PRE_SITE_QA,TRUE,TRUE,TRUE,TRUE,
SEATING_PLAY_KIDS_N_F0,SEATING,Kids play seating (North),AMENITY,SEATING_AREA,F0,MALL,FALSE,0.3826,0.1489,,FALSE,,PRE_SITE_QA,TRUE,TRUE,TRUE,TRUE,
SEATING_PLAY_KIDS_S_F0,SEATING,Kids play seating (South),AMENITY,SEATING_AREA,F0,MALL,FALSE,0.7116,0.5819,,FALSE,,PRE_SITE_QA,TRUE,TRUE,TRUE,TRUE,
SEATING_PLAY_KIDS_S_F1,SEATING,Kids play seating (South),AMENITY,SEATING_AREA,F1,MALL,FALSE,0.6316,0.4729,,FALSE,,PRE_SITE_QA,TRUE,TRUE,TRUE,TRUE,
SHORTCUT_HM_E_F0,Shortcut H&M,H&M Shortcut – East,SHORTCUT,AMENITY,0,GROUND,TRUE,0.636,0.385,,TRUE,,PRE_SITE_QA,TRUE,TRUE,TRUE,TRUE,
SHORTCUT_HM_W_F0,Shortcut H&M,H&M Shortcut – West,SHORTCUT,AMENITY,0,GROUND,TRUE,0.471,0.414,,TRUE,,PRE_SITE_QA,TRUE,TRUE,TRUE,TRUE,
STORE_100_MONTADITOS,STORE,100 Montaditos,DESTINATION,DOOR,F1,GROUND,FALSE,0.717,0.6535,,FALSE,,PRE_SITE_QA,TRUE,TRUE,TRUE,TRUE,
STORE_ADIDASORIGINALS,STORE,Adidas Originals,DESTINATION,DOOR,F0,UPPER,FALSE,0.735,0.5145,,FALSE,,PRE_SITE_QA,TRUE,TRUE,TRUE,TRUE,
STORE_ALCAMPO_N,STORE,Al Campo,DESTINATION,DOOR,F0,GROUND,FALSE,0.357,0.249,,FALSE,,PRE_SITE_QA,TRUE,TRUE,TRUE,TRUE,
STORE_ALCAMPO_S,STORE,Al Campo,DESTINATION,DOOR,F0,GROUND,FALSE,0.38,0.31,,FALSE,,PRE_SITE_QA,TRUE,TRUE,TRUE,TRUE,
STORE_ALEHOP,STORE,Ale Hop,DESTINATION,DOOR,F0,BASEMENT,FALSE,0.514,0.179,,FALSE,,PRE_SITE_QA,TRUE,TRUE,TRUE,TRUE,
STORE_ALEJOR,STORE,Alejor,DESTINATION,DOOR,F0,GROUND,FALSE,0.431,0.2605,,FALSE,,PRE_SITE_QA,TRUE,TRUE,TRUE,TRUE,
STORE_AVATEL,STORE,Avatel,DESTINATION,DOOR,F0,BASEMENT,FALSE,0.43,0.4485,,FALSE,,PRE_SITE_QA,TRUE,TRUE,TRUE,TRUE,
STORE_BANKCAJARURAL,STORE,Bank Caja Rural,DESTINATION,DOOR,F0,GROUND,FALSE,0.484,0.7965,,FALSE,,PRE_SITE_QA,TRUE,TRUE,TRUE,TRUE,
STORE_BELROS,STORE,Belros,DESTINATION,DOOR,F0,BASEMENT,FALSE,0.382,0.233,,FALSE,,PRE_SITE_QA,TRUE,TRUE,TRUE,TRUE,
STORE_BENETTON,STORE,Benetton,DESTINATION,DOOR,F0,GROUND,FALSE,0.647,0.327,,FALSE,,PRE_SITE_QA,TRUE,TRUE,TRUE,TRUE,
STORE_BERSHKA,STORE,Bershka,DESTINATION,DOOR,F0,UPPER,FALSE,0.596,0.5435,,FALSE,,PRE_SITE_QA,TRUE,TRUE,TRUE,TRUE,
STORE_BIGGERBETTERBURGER,STORE,Bigger Better Burger,DESTINATION,DOOR,F1,GROUND,FALSE,0.717,0.6535,,FALSE,,PRE_SITE_QA,TRUE,TRUE,TRUE,TRUE,
STORE_BIJOUBRIGITTE,STORE,Bijou Brigitte,DESTINATION,DOOR,F0,BASEMENT,FALSE,0.641,0.5835,,FALSE,,PRE_SITE_QA,TRUE,TRUE,TRUE,TRUE,
STORE_BLACK,STORE,Black,DESTINATION,DOOR,F0,GROUND,FALSE,0.583,0.2855,,FALSE,,PRE_SITE_QA,TRUE,TRUE,TRUE,TRUE,
STORE_BOMBONBOSS,STORE,BomBon Boss,DESTINATION,DOOR,F0,BASEMENT,FALSE,0.427,0.1865,,FALSE,,PRE_SITE_QA,TRUE,TRUE,TRUE,TRUE,
STORE_BOSTON,STORE,Boston,DESTINATION,DOOR,F0,GROUND,FALSE,0.423,0.2865,,FALSE,,PRE_SITE_QA,TRUE,TRUE,TRUE,TRUE,
STORE_BOTTICELLI,STORE,Botticelli,DESTINATION,DOOR,F0,BASEMENT,FALSE,0.613,0.6885,,FALSE,,PRE_SITE_QA,TRUE,TRUE,TRUE,TRUE,
STORE_BOWLING,STORE,Bowling,DESTINATION,DOOR,F0,GROUND,FALSE,0.733,0.6215,,FALSE,,PRE_SITE_QA,TRUE,TRUE,TRUE,TRUE,
STORE_CA,STORE,C&A,DESTINATION,DOOR,F0,BASEMENT,FALSE,0.46,0.3425,,FALSE,,PRE_SITE_QA,TRUE,TRUE,TRUE,TRUE,
STORE_CAFEOLE,STORE,Café Ole,DESTINATION,DOOR,F0,GROUND,FALSE,0.7,0.5065,,FALSE,,PRE_SITE_QA,TRUE,TRUE,TRUE,TRUE,
STORE_CAFETERIAEXPRE3SS,STORE,Cafeteria Expre3ss,DESTINATION,DOOR,F0,UPPER,FALSE,0.43,0.4915,,FALSE,,PRE_SITE_QA,TRUE,TRUE,TRUE,TRUE,
STORE_CALZEDONIA,STORE,Calzedonia,DESTINATION,DOOR,F0,GROUND,FALSE,0.624,0.33,,FALSE,,PRE_SITE_QA,TRUE,TRUE,TRUE,TRUE,
STORE_CASINO,STORE,Casino Mediterraneo,DESTINATION,DOOR,F0,GROUND,FALSE,0.947,0.392,,FALSE,,PRE_SITE_QA,TRUE,TRUE,TRUE,TRUE,
STORE_CHE,STORE,Che,DESTINATION,DOOR,F1,,FALSE,0.693,0.4605,,FALSE,,PRE_SITE_QA,TRUE,TRUE,TRUE,TRUE,
STORE_CLAIRES,STORE,Claire's,DESTINATION,DOOR,F0,,FALSE,0.493,0.4895,,FALSE,,PRE_SITE_QA,TRUE,TRUE,TRUE,TRUE,
STORE_CONFORMA,STORE,Conforma,DESTINATION,DOOR,F1,,FALSE,0.235,0.0939,,FALSE,,PRE_SITE_QA,TRUE,TRUE,TRUE,TRUE,
STORE_CONFORMA_2,STORE,Conforma,DESTINATION,DOOR,F1,,FALSE,0.227,0.085,,FALSE,,PRE_SITE_QA,TRUE,TRUE,TRUE,TRUE,
STORE_CORTEFIEL,STORE,Cortefiel,DESTINATION,DOOR,F0,,FALSE,0.563,0.221,,FALSE,,PRE_SITE_QA,TRUE,TRUE,TRUE,TRUE,
STORE_COSTABLANCAWOHNUNGEN,STORE,Costablanca Wohnungen,DESTINATION,DOOR,F0,,FALSE,0.425,0.4305,,FALSE,,PRE_SITE_QA,TRUE,TRUE,TRUE,TRUE,
STORE_DAFAVOLA,STORE,Da Favola,DESTINATION,DOOR,F0,,FALSE,0.407,0.3305,,FALSE,,PRE_SITE_QA,TRUE,TRUE,TRUE,TRUE,
STORE_DECATHLON,STORE,Decathlon,DESTINATION,DOOR,F0,,FALSE,0.613,0.898,,FALSE,,PRE_SITE_QA,TRUE,TRUE,TRUE,TRUE,
STORE_DECIMAS,STORE,Decimas,DESTINATION,DOOR,F0,,FALSE,0.64,0.247,,FALSE,,PRE_SITE_QA,TRUE,TRUE,TRUE,TRUE,
STORE_DEICHMANN,STORE,Deichmann,DESTINATION,DOOR,F0,,FALSE,0.446,0.5055,,FALSE,,PRE_SITE_QA,TRUE,TRUE,TRUE,TRUE,
STORE_DESIGUAL,STORE,Desigual,DESTINATION,DOOR,F0,,FALSE,0.559,0.2485,,FALSE,,PRE_SITE_QA,TRUE,TRUE,TRUE,TRUE,
STORE_DONDINO,STORE,Don Dino,DESTINATION,DOOR,F1,,FALSE,0.381,0.061,,FALSE,,PRE_SITE_QA,TRUE,TRUE,TRUE,TRUE,
STORE_DRUNI,STORE,Druni,DESTINATION,DOOR,F0,,FALSE,0.593,0.244,,FALSE,,PRE_SITE_QA,TRUE,TRUE,TRUE,TRUE,
STORE_ELKIOSKO,STORE,El Kiosko,DESTINATION,DOOR,F1,,FALSE,0.586,0.5075,,FALSE,,PRE_SITE_QA,TRUE,TRUE,TRUE,TRUE,
STORE_ENCUENTRO,STORE,Encuentro,DESTINATION,DOOR,F1,,FALSE,0.588,0.3075,,FALSE,,PRE_SITE_QA,TRUE,TRUE,TRUE,TRUE,
STORE_FASHIONNAILS,STORE,Fashion Nails,DESTINATION,DOOR,F0,,FALSE,0.419,0.3965,,FALSE,,PRE_SITE_QA,TRUE,TRUE,TRUE,TRUE,
STORE_FLYINGTIGER,STORE,Flying Tiger,DESTINATION,DOOR,F0,,FALSE,0.558,0.2465,,FALSE,,PRE_SITE_QA,TRUE,TRUE,TRUE,TRUE,
STORE_FOSTERS,STORE,Foster’s Hollywood,DESTINATION,DOOR,F1,,FALSE,0.618,0.5745,,FALSE,,PRE_SITE_QA,TRUE,TRUE,TRUE,TRUE,
STORE_GAME,STORE,GAME,DESTINATION,DOOR,F0,,FALSE,0.447,0.3945,,FALSE,,PRE_SITE_QA,TRUE,TRUE,TRUE,TRUE,
STORE_GELATERIA,STORE,Gelateria Icecream,DESTINATION,DOOR,F1,,FALSE,0.6916,0.4999,,FALSE,,PRE_SITE_QA,TRUE,TRUE,TRUE,TRUE,
STORE_GEOX,STORE,Geox,DESTINATION,DOOR,F0,,FALSE,0.56,0.7725,,FALSE,,PRE_SITE_QA,TRUE,TRUE,TRUE,TRUE,
STORE_GOLDRUSH,STORE,Goldrush,DESTINATION,DOOR,F0,,FALSE,0.401,0.3055,,FALSE,,PRE_SITE_QA,TRUE,TRUE,TRUE,TRUE,
STORE_GOURMETCAFE,STORE,Gourmet Café,DESTINATION,DOOR,F0,,FALSE,0.596,0.7475,,FALSE,,PRE_SITE_QA,TRUE,TRUE,TRUE,TRUE,
STORE_GRABA2,STORE,Graba 2,DESTINATION,DOOR,F0,,FALSE,0.6136,0.6719,,FALSE,,PRE_SITE_QA,TRUE,TRUE,TRUE,TRUE,
STORE_GREENWICH,STORE,Greenwich,DESTINATION,DOOR,F0,,FALSE,0.464,0.154,,FALSE,,PRE_SITE_QA,TRUE,TRUE,TRUE,TRUE,
STORE_GUESS_N,STORE,Guess,DESTINATION,DOOR,F0,,FALSE,0.422,0.2645,,FALSE,,PRE_SITE_QA,TRUE,TRUE,TRUE,TRUE,
STORE_GUESS_S,STORE,Guess,DESTINATION,DOOR,F0,,FALSE,0.592,0.6735,,FALSE,,PRE_SITE_QA,TRUE,TRUE,TRUE,TRUE,
STORE_GUESS_SS,STORE,Guess,DESTINATION,DOOR,F0,,FALSE,0.549,0.7865,,FALSE,,PRE_SITE_QA,TRUE,TRUE,TRUE,TRUE,
STORE_HAAGEN_DASZ,STORE,Haagen Dasz,DESTINATION,DOOR,F0,,FALSE,0.394,0.1715,,FALSE,,PRE_SITE_QA,TRUE,TRUE,TRUE,TRUE,
STORE_HM_E,STORE,H&M,DESTINATION,DOOR,F0,,FALSE,0.636,0.385,,FALSE,,PRE_SITE_QA,TRUE,TRUE,TRUE,TRUE,
STORE_HM_W,STORE,H&M,DESTINATION,DOOR,F0,,FALSE,0.471,0.414,,FALSE,,PRE_SITE_QA,TRUE,TRUE,TRUE,TRUE,
STORE_ICECREAM,STORE,Icecream,DESTINATION,DOOR,F0,,FALSE,0.635,0.6245,,FALSE,,PRE_SITE_QA,TRUE,TRUE,TRUE,TRUE,
STORE_IKEA,STORE,Ikea,DESTINATION,DOOR,F0,,FALSE,0.439,0.2375,,FALSE,,PRE_SITE_QA,TRUE,TRUE,TRUE,TRUE,
STORE_INFINITYLOVE,STORE,Infinity Love,DESTINATION,DOOR,F0,,FALSE,0.588,0.2715,,FALSE,,PRE_SITE_QA,TRUE,TRUE,TRUE,TRUE,
STORE_INSIDE,STORE,Inside,DESTINATION,DOOR,F0,,FALSE,0.474,0.4895,,FALSE,,PRE_SITE_QA,TRUE,TRUE,TRUE,TRUE,
STORE_IPANEMA,STORE,Ipanema,DESTINATION,DOOR,F0,,FALSE,0.357,0.162,,FALSE,,PRE_SITE_QA,TRUE,TRUE,TRUE,TRUE,
STORE_JIJONENCA,STORE,Jijonenca Icecream,DESTINATION,DOOR,F0,,FALSE,0.6306,0.6329,,FALSE,,PRE_SITE_QA,TRUE,TRUE,TRUE,TRUE,
STORE_KEBABEXPRESS,STORE,Kebab Express,DESTINATION,DOOR,F1,,FALSE,0.672,0.6525,,FALSE,,PRE_SITE_QA,TRUE,TRUE,TRUE,TRUE,
STORE_KIKOMILANO,STORE,KIKO Milano,DESTINATION,DOOR,F0,,FALSE,0.636,0.3645,,FALSE,,PRE_SITE_QA,TRUE,TRUE,TRUE,TRUE,
STORE_KOALABAY,STORE,Koala Bay,DESTINATION,DOOR,F0,,FALSE,0.439,0.142,,FALSE,,PRE_SITE_QA,TRUE,TRUE,TRUE,TRUE,
STORE_LA_TAGLIATELLA,STORE,La Tagliatella,DESTINATION,DOOR,F1,,FALSE,0.783,0.5245,,FALSE,,PRE_SITE_QA,TRUE,TRUE,TRUE,TRUE,
STORE_LASERESTETIC,STORE,Laser Estetic,DESTINATION,DOOR,F0,,FALSE,0.396,0.2675,,FALSE,,PRE_SITE_QA,TRUE,TRUE,TRUE,TRUE,
STORE_LEFTIES,STORE,Lefties,DESTINATION,DOOR,F0,,FALSE,0.537,0.5095,,FALSE,,PRE_SITE_QA,TRUE,TRUE,TRUE,TRUE,
STORE_LEROY_MERLIN,STORE,Leroy Merlin,DESTINATION,DOOR,F0,,FALSE,0.401,0.771,,FALSE,,PRE_SITE_QA,TRUE,TRUE,TRUE,TRUE,
STORE_LEROYMERLIN_PICKUP,STORE,Leroy Merlin,DESTINATION,DOOR,F0,,FALSE,0.272,0.681,,FALSE,,PRE_SITE_QA,TRUE,TRUE,TRUE,TRUE,
STORE_LEVIS,STORE,Levi's,DESTINATION,DOOR,F0,,FALSE,0.434,0.2255,,FALSE,,PRE_SITE_QA,TRUE,TRUE,TRUE,TRUE,
STORE_LIONOFPORCHES,STORE,Lion of Porches,DESTINATION,DOOR,F0,,FALSE,0.561,0.6945,,FALSE,,PRE_SITE_QA,TRUE,TRUE,TRUE,TRUE,
STORE_LIZARRAN,STORE,Lizarran,DESTINATION,DOOR,F1,,FALSE,0.769,0.5545,,FALSE,,PRE_SITE_QA,TRUE,TRUE,TRUE,TRUE,
STORE_LOTERIA,STORE,Loteria Nacional,DESTINATION,DOOR,F0,,FALSE,0.4216,0.4139,,FALSE,,PRE_SITE_QA,TRUE,TRUE,TRUE,TRUE,
STORE_LOWCOST,STORE,Lowcost,DESTINATION,DOOR,F0,,FALSE,0.547,0.7445,,FALSE,,PRE_SITE_QA,TRUE,TRUE,TRUE,TRUE,
STORE_LUXENTER,STORE,Luxenter,DESTINATION,DOOR,F0,,FALSE,0.507,0.4905,,FALSE,,PRE_SITE_QA,TRUE,TRUE,TRUE,TRUE,
STORE_LUXURYFOOD,STORE,Luxury Food,DESTINATION,DOOR,F0,,FALSE,0.648,0.5915,,FALSE,,PRE_SITE_QA,TRUE,TRUE,TRUE,TRUE,
STORE_MANGO,STORE,Mango,DESTINATION,DOOR,F0,,FALSE,0.589,0.297,,FALSE,,PRE_SITE_QA,TRUE,TRUE,TRUE,TRUE,
STORE_MARVIMUNDO,STORE,Marvimundo,DESTINATION,DOOR,F0,,FALSE,0.453,0.3015,,FALSE,,PRE_SITE_QA,TRUE,TRUE,TRUE,TRUE,
STORE_MASSIMODUTTI_N,STORE,Massimo Dutti,DESTINATION,DOOR,F0,,FALSE,0.649,0.4715,,FALSE,,PRE_SITE_QA,TRUE,TRUE,TRUE,TRUE,
STORE_MASSIMODUTTI_S,STORE,Massimo Dutti,DESTINATION,DOOR,F0,,FALSE,0.649,0.4715,,FALSE,,PRE_SITE_QA,TRUE,TRUE,TRUE,TRUE,
STORE_MAXCOLCHON,STORE,Maxcolchon,DESTINATION,DOOR,F0,,FALSE,0.547,0.7445,,FALSE,,PRE_SITE_QA,TRUE,TRUE,TRUE,TRUE,
STORE_MAXIMA,STORE,Maxima,DESTINATION,DOOR,F0,,FALSE,0.481,0.163,,FALSE,,PRE_SITE_QA,TRUE,TRUE,TRUE,TRUE,
STORE_MAYKA_N,STORE,Mayka,DESTINATION,DOOR,F0,,FALSE,0.516,0.2245,,FALSE,,PRE_SITE_QA,TRUE,TRUE,TRUE,TRUE,
STORE_MAYKA_S,STORE,Mayka,DESTINATION,DOOR,F0,,FALSE,0.612,0.5245,,FALSE,,PRE_SITE_QA,TRUE,TRUE,TRUE,TRUE,
STORE_ME,STORE,ME,DESTINATION,DOOR,F0,,FALSE,0.464,0.4065,,FALSE,,PRE_SITE_QA,TRUE,TRUE,TRUE,TRUE,
STORE_MEDIAMARKT,STORE,MediaMarkt,DESTINATION,DOOR,F0,,FALSE,0.742,0.518,,FALSE,,PRE_SITE_QA,TRUE,TRUE,TRUE,TRUE,
STORE_MISAKO,STORE,Misako,DESTINATION,DOOR,F0,,FALSE,0.629,0.233,,FALSE,,PRE_SITE_QA,TRUE,TRUE,TRUE,TRUE,
STORE_MISTERMINT,STORE,Mister Mint,DESTINATION,DOOR,F0,,FALSE,0.396,0.2675,,FALSE,,PRE_SITE_QA,TRUE,TRUE,TRUE,TRUE,
STORE_MR_PEOPLE,STORE,Mr. People,DESTINATION,DOOR,F0,,FALSE,0.645,0.6265,,FALSE,,PRE_SITE_QA,TRUE,TRUE,TRUE,TRUE,
STORE_MUERDELAPASTA,STORE,Muerde La Pasta,DESTINATION,DOOR,F1,,FALSE,0.586,0.5075,,FALSE,,PRE_SITE_QA,TRUE,TRUE,TRUE,TRUE,
STORE_MYTAPA,STORE,My Tapa,DESTINATION,DOOR,F1,,FALSE,0.769,0.5545,,FALSE,,PRE_SITE_QA,TRUE,TRUE,TRUE,TRUE,
STORE_NAILS,STORE,Nails,DESTINATION,DOOR,F0,,FALSE,0.399,0.2955,,FALSE,,PRE_SITE_QA,TRUE,TRUE,TRUE,TRUE,
STORE_NATURAGIFTSHOP,STORE,Natura Gift Shop,DESTINATION,DOOR,F0,,FALSE,0.759,0.5605,,FALSE,,PRE_SITE_QA,TRUE,TRUE,TRUE,TRUE,
STORE_NORAUTO,STORE,Norauto,DESTINATION,DOOR,F0,,FALSE,0.774,0.283,,FALSE,,PRE_SITE_QA,TRUE,TRUE,TRUE,TRUE,
STORE_OYSHO,STORE,Oysho,DESTINATION,DOOR,F0,,FALSE,0.69,0.485,,FALSE,,PRE_SITE_QA,TRUE,TRUE,TRUE,TRUE,
STORE_PACOMARTINEZ,STORE,Paco Martinez,DESTINATION,DOOR,F0,,FALSE,0.652,0.6095,,FALSE,,PRE_SITE_QA,TRUE,TRUE,TRUE,TRUE,
STORE_PALPELO_E,STORE,Palpelo,DESTINATION,DOOR,F0,,FALSE,0.404,0.23,,FALSE,,PRE_SITE_QA,TRUE,TRUE,TRUE,TRUE,
STORE_PALPELO_W,STORE,Palpelo,DESTINATION,DOOR,F0,,FALSE,0.396,0.2675,,FALSE,,PRE_SITE_QA,TRUE,TRUE,TRUE,TRUE,
STORE_PANDORA,STORE,Pandora,DESTINATION,DOOR,F0,,FALSE,0.631,0.6025,,FALSE,,PRE_SITE_QA,TRUE,TRUE,TRUE,TRUE,
STORE_PARFOIS,STORE,Parfois,DESTINATION,DOOR,F0,,FALSE,0.531,0.184,,FALSE,,PRE_SITE_QA,TRUE,TRUE,TRUE,TRUE,
STORE_PASGAR,STORE,Pasgar,DESTINATION,DOOR,F0,,FALSE,0.641,0.4825,,FALSE,,PRE_SITE_QA,TRUE,TRUE,TRUE,TRUE,
STORE_PEPEJEANS,STORE,Pepe Jeans,DESTINATION,DOOR,F0,,FALSE,0.547,0.7445,,FALSE,,PRE_SITE_QA,TRUE,TRUE,TRUE,TRUE,
STORE_PEWTER,STORE,Pewter,DESTINATION,DOOR,F0,,FALSE,0.581,0.5145,,FALSE,,PRE_SITE_QA,TRUE,TRUE,TRUE,TRUE,
STORE_PHARMACY,STORE,Pharmacy,DESTINATION,DOOR,F0,,FALSE,0.516,0.807,,FALSE,,PRE_SITE_QA,TRUE,TRUE,TRUE,TRUE,
STORE_POLINESIA,STORE,Polinesia,DESTINATION,DOOR,F0,,FALSE,0.541,0.2335,,FALSE,,PRE_SITE_QA,TRUE,TRUE,TRUE,TRUE,
STORE_POPEYES,STORE,Popeyes,DESTINATION,DOOR,F1,,FALSE,0.712,0.4685,,FALSE,,PRE_SITE_QA,TRUE,TRUE,TRUE,TRUE,
STORE_PRIMARK,STORE,Primark,DESTINATION,DOOR,F0,,FALSE,0.329,0.15,,FALSE,,PRE_SITE_QA,TRUE,TRUE,TRUE,TRUE,
STORE_PRIMICHI,STORE,Primichi ,DESTINATION,DOOR,F0,,FALSE,0.496,0.171,,FALSE,,PRE_SITE_QA,TRUE,TRUE,TRUE,TRUE,
STORE_PRIMOR,STORE,Primor,DESTINATION,DOOR,F0,,FALSE,0.387,0.114,,FALSE,,PRE_SITE_QA,TRUE,TRUE,TRUE,TRUE,
STORE_PULLBEAR,STORE,Pull&Bear,DESTINATION,DOOR,F0,,FALSE,0.613,0.551,,FALSE,,PRE_SITE_QA,TRUE,TRUE,TRUE,TRUE,
STORE_PUNTROMA,STORE,Punt Roma,DESTINATION,DOOR,F0,,FALSE,0.499,0.4615,,FALSE,,PRE_SITE_QA,TRUE,TRUE,TRUE,TRUE,
STORE_RESTAURANTCASACARMEN,STORE,Restaurant Casa Carmen,DESTINATION,DOOR,F1,,FALSE,0.596,0.4365,,FALSE,,PRE_SITE_QA,TRUE,TRUE,TRUE,TRUE,
STORE_RITUALS,STORE,Rituals,DESTINATION,DOOR,F0,,FALSE,0.431,0.2145,,FALSE,,PRE_SITE_QA,TRUE,TRUE,TRUE,TRUE,
STORE_ROBERTOMARTIN,STORE,Roberto Martin,DESTINATION,DOOR,F0,,FALSE,0.43,0.3265,,FALSE,,PRE_SITE_QA,TRUE,TRUE,TRUE,TRUE,
STORE_RXS,STORE,RXS,DESTINATION,DOOR,F0,,FALSE,0.47,0.3805,,FALSE,,PRE_SITE_QA,TRUE,TRUE,TRUE,TRUE,
STORE_SANTOSOCHOA,STORE,Santos Ochoa,DESTINATION,DOOR,F0,,FALSE,0.633,0.308,,FALSE,,PRE_SITE_QA,TRUE,TRUE,TRUE,TRUE,
STORE_SAXO,STORE,Saxo,DESTINATION,DOOR,F0,,FALSE,0.639,0.6415,,FALSE,,PRE_SITE_QA,TRUE,TRUE,TRUE,TRUE,
STORE_SCOTTA,STORE,Scotta,DESTINATION,DOOR,F0,,FALSE,0.598,0.6555,,FALSE,,PRE_SITE_QA,TRUE,TRUE,TRUE,TRUE,
STORE_SMOOY,STORE,Smooy,DESTINATION,DOOR,F0,,FALSE,0.429,0.3485,,FALSE,,PRE_SITE_QA,TRUE,TRUE,TRUE,TRUE,
STORE_SOLOOPTICAL_E,STORE,Solooptical,DESTINATION,DOOR,F0,,FALSE,0.461,0.4505,,FALSE,,PRE_SITE_QA,TRUE,TRUE,TRUE,TRUE,
STORE_SOLOOPTICAL_W,STORE,Solooptical,DESTINATION,DOOR,F0,,FALSE,0.437,0.4645,,FALSE,,PRE_SITE_QA,TRUE,TRUE,TRUE,TRUE,
STORE_SPRINGFIELD,STORE,Springfield,DESTINATION,DOOR,F0,,FALSE,0.566,0.5295,,FALSE,,PRE_SITE_QA,TRUE,TRUE,TRUE,TRUE,
STORE_STARBUCKS,STORE,Starbucks,DESTINATION,DOOR,F0,,FALSE,0.512,0.1995,,FALSE,,PRE_SITE_QA,TRUE,TRUE,TRUE,TRUE,
STORE_STRADIVARIUS,STORE,Stradivarius,DESTINATION,DOOR,F0,,FALSE,0.612,0.513,,FALSE,,PRE_SITE_QA,TRUE,TRUE,TRUE,TRUE,
STORE_SUPERDRY,STORE,Superdry,DESTINATION,DOOR,F0,,FALSE,0.588,0.2715,,FALSE,,PRE_SITE_QA,TRUE,TRUE,TRUE,TRUE,
STORE_SWAROVSKI,STORE,Swarovski,DESTINATION,DOOR,F0,,FALSE,0.661,0.5945,,FALSE,,PRE_SITE_QA,TRUE,TRUE,TRUE,TRUE,
STORE_TACOBELL,STORE,Taco Bell,DESTINATION,DOOR,F1,,FALSE,0.586,0.5075,,FALSE,,PRE_SITE_QA,TRUE,TRUE,TRUE,TRUE,
STORE_TEASHOP,STORE,Tea Shop,DESTINATION,DOOR,F0,,FALSE,0.608,0.6385,,FALSE,,PRE_SITE_QA,TRUE,TRUE,TRUE,TRUE,
STORE_TERRASSA,STORE,Terrassa,DESTINATION,DOOR,F0,,FALSE,0.699,0.5835,,FALSE,,PRE_SITE_QA,TRUE,TRUE,TRUE,TRUE,
STORE_THEBODYSHOP,STORE,The Body Shop,DESTINATION,DOOR,F0,,FALSE,0.605,0.6485,,FALSE,,PRE_SITE_QA,TRUE,TRUE,TRUE,TRUE,
STORE_THEFITZGERALD,STORE,The Fitzgerald,DESTINATION,DOOR,F1,,FALSE,0.586,0.5075,,FALSE,,PRE_SITE_QA,TRUE,TRUE,TRUE,TRUE,
STORE_THENORTHFACE,STORE,The North Face,DESTINATION,DOOR,F0,,FALSE,0.541,0.201,,FALSE,,PRE_SITE_QA,TRUE,TRUE,TRUE,TRUE,
STORE_TIENDANIMAL,STORE,Tiendanimal,DESTINATION,DOOR,F0,,FALSE,0.443,0.2665,,FALSE,,PRE_SITE_QA,TRUE,TRUE,TRUE,TRUE,
STORE_TIMEROAD,STORE,Time Road,DESTINATION,DOOR,F0,,FALSE,0.581,0.5145,,FALSE,,PRE_SITE_QA,TRUE,TRUE,TRUE,TRUE,
STORE_TOUS,STORE,Tous,DESTINATION,DOOR,F0,,FALSE,0.611,0.7325,,FALSE,,PRE_SITE_QA,TRUE,TRUE,TRUE,TRUE,
STORE_TRAMAS,STORE,Tramas,DESTINATION,DOOR,F0,,FALSE,0.457,0.4375,,FALSE,,PRE_SITE_QA,TRUE,TRUE,TRUE,TRUE,
STORE_ULANKA,STORE,Ulanka,DESTINATION,DOOR,F0,,FALSE,0.455,0.4185,,FALSE,,PRE_SITE_QA,TRUE,TRUE,TRUE,TRUE,
STORE_UNKNOWN_MAYKA_FLYING,STORE,??? MAYKA/Flying,DESTINATION,DOOR,F0,,FALSE,0.506,0.2135,,FALSE,,PRE_SITE_QA,TRUE,TRUE,TRUE,TRUE,
STORE_UNKNOWN_SUNGLASSES_SMOOY,STORE,???Sunglasses/smooy,DESTINATION,DOOR,F0,,FALSE,0.429,0.3025,,FALSE,,PRE_SITE_QA,TRUE,TRUE,TRUE,TRUE,
STORE_VANS,STORE,Vans,DESTINATION,DOOR,F0,,FALSE,0.587,0.2735,,FALSE,,PRE_SITE_QA,TRUE,TRUE,TRUE,TRUE,
STORE_WOKCENTER,STORE,Wok Center,DESTINATION,DOOR,F1,,FALSE,0.693,0.4605,,FALSE,,PRE_SITE_QA,TRUE,TRUE,TRUE,TRUE,
STORE_WOMENSECRET,STORE,Women Secret,DESTINATION,DOOR,F0,,FALSE,0.581,0.5145,,FALSE,,PRE_SITE_QA,TRUE,TRUE,TRUE,TRUE,
STORE_YVESROCHER,STORE,Yves Rocher,DESTINATION,DOOR,F0,,FALSE,0.574,0.2625,,FALSE,,PRE_SITE_QA,TRUE,TRUE,TRUE,TRUE,
STORE_ZARA,STORE,Zara,DESTINATION,DOOR,F0,,FALSE,0.661,0.402,,FALSE,,PRE_SITE_QA,TRUE,TRUE,TRUE,TRUE,
STORE_ZARAHOME,STORE,Zara Home,DESTINATION,DOOR,F0,,FALSE,0.67,0.47,,FALSE,,PRE_SITE_QA,TRUE,TRUE,TRUE,TRUE,
STR_CENTER_F0,STAIRS,Central Stairs,VERTICAL,TRANSPORT,F0,GROUND,TRUE,0.6356,0.5479,,TRUE,,PRE_SITE_QA,FALSE,FALSE,FALSE,TRUE,
STR_CENTER_F1,STAIRS,Central Stairs,VERTICAL,TRANSPORT,F1,UPPER,TRUE,0.6156,0.5209,,TRUE,,PRE_SITE_QA,FALSE,FALSE,FALSE,TRUE,
STR_CENTER_MAIN_B1,STAIRS,Main Entrance Stairs Inside,VERTICAL,TRANSPORT,F0,GROUND,TRUE,0.7156,0.5669,,TRUE,,PRE_SITE_QA,FALSE,FALSE,FALSE,TRUE,
STR_CENTER_MAIN_F0,STAIRS,Main Entrance Stairs Inside,VERTICAL,TRANSPORT,F0,GROUND,TRUE,0.7376,0.5789,,TRUE,,PRE_SITE_QA,FALSE,FALSE,FALSE,TRUE,
STR_CENTER_MAIN_OUTSIDE_N_B1,STAIRS,Main Entrance Stairs Outside,VERTICAL,TRANSPORT,B1,BASEMENT,TRUE,0.7646,0.5729,,TRUE,,PRE_SITE_QA,FALSE,FALSE,FALSE,TRUE,
STR_CENTER_MAIN_OUTSIDE_N_F0,STAIRS,Main Entrance Stairs Outside,VERTICAL,TRANSPORT,F0,GROUND,TRUE,0.7546,0.5649,,TRUE,,PRE_SITE_QA,FALSE,FALSE,FALSE,TRUE,
STR_CENTER_MAIN_OUTSIDE_S_B1,STAIRS,Main Entrance Stairs Outside,VERTICAL,TRANSPORT,B1,BASEMENT,TRUE,0.7456,0.6069,,TRUE,,PRE_SITE_QA,FALSE,FALSE,FALSE,TRUE,
STR_CENTER_MAIN_OUTSIDE_S_F0,STAIRS,Main Entrance Stairs Outside,VERTICAL,TRANSPORT,F0,GROUND,TRUE,0.7336,0.5989,,TRUE,,PRE_SITE_QA,FALSE,FALSE,FALSE,TRUE,
STR_NORTH_B1,STAIRS,North Stairs,VERTICAL,TRANSPORT,B1,GROUND,TRUE,0.3726,0.2079,,TRUE,,PRE_SITE_QA,FALSE,FALSE,FALSE,TRUE,
STR_NORTH_EXIT_F0,STAIRS,North Stairs,VERTICAL,TRANSPORT,F0,GROUND,TRUE,0.3656,0.1279,,TRUE,,PRE_SITE_QA,FALSE,FALSE,FALSE,TRUE,
STR_NORTH_EXIT_F1,STAIRS,North Stairs,VERTICAL,TRANSPORT,F1,GROUND,TRUE,0.3556,0.0939,,TRUE,,PRE_SITE_QA,FALSE,FALSE,FALSE,TRUE,
STR_NORTH_F0,STAIRS,North Stairs,VERTICAL,TRANSPORT,F0,GROUND,TRUE,0.3736,0.2189,,TRUE,,PRE_SITE_QA,FALSE,FALSE,FALSE,TRUE,
STR_WEST_B1,STAIRS,Plaza De Las Flores,VERTICAL,TRANSPORT,B1,BASEMENT,TRUE,0.5986,0.7009,,TRUE,,PRE_SITE_QA,FALSE,FALSE,FALSE,TRUE,
STR_WEST_F0,STAIRS,Plaza De Las Flores,VERTICAL,TRANSPORT,F0,GROUND,TRUE,0.5836,0.7129,,TRUE,,PRE_SITE_QA,FALSE,FALSE,FALSE,TRUE,
STR_WEST_OUTSIDE_B1,STAIRS,West Stairs Decathlon,VERTICAL,TRANSPORT,B1,BASEMENT,TRUE,0.5766,0.8789,,TRUE,,PRE_SITE_QA,FALSE,FALSE,FALSE,TRUE,
STR_WEST_OUTSIDE_F0,STAIRS,West Stairs Decathlon,VERTICAL,TRANSPORT,F0,GROUND,TRUE,0.5766,0.8789,,TRUE,,PRE_SITE_QA,FALSE,FALSE,FALSE,TRUE,
STR_WEST1_OUTSIDE_B1,STAIRS,West Stairs Leroy Merlin,VERTICAL,TRANSPORT,B1,BASEMENT,TRUE,0.3386,0.7289,,TRUE,,PRE_SITE_QA,FALSE,FALSE,FALSE,TRUE,
STR_WEST1_OUTSIDE_F0,STAIRS,West Stairs Leroy Merlin,VERTICAL,TRANSPORT,F0,GROUND,TRUE,0.3386,0.7289,,TRUE,,PRE_SITE_QA,FALSE,FALSE,FALSE,TRUE,
TAXI_PICKUP_1,NODE,Taxi Pickup,TAXI_PICKUP,TRANSPORT,B1,outdoor,FALSE,0.8456,0.5839,,FALSE,Taxi rank / pickup point,PRE_SITE_QA,TRUE,TRUE,TRUE,TRUE,
WC_CENTER_F0,WC,Restrooms – Central,AMENITY,AMENITY,F0,GROUND,FALSE,0.6416,0.4909,,FALSE,,PRE_SITE_QA,TRUE,TRUE,TRUE,TRUE,
WC_CENTER_F1,WC,Restrooms – Upper Floor,AMENITY,AMENITY,F1,UPPER,FALSE,0.5946,0.4419,,FALSE,,PRE_SITE_QA,TRUE,TRUE,TRUE,TRUE,
WC_NORTH_F0,WC,Restrooms – North,AMENITY,AMENITY,F0,GROUND,FALSE,0.3466,0.1309,,FALSE,,PRE_SITE_QA,TRUE,TRUE,TRUE,TRUE,
WC_SOUTH_F0,WC,Restrooms – South,AMENITY,AMENITY,F0,GROUND,FALSE,0.6036,0.7399,,FALSE,,PRE_SITE_QA,TRUE,TRUE,TRUE,TRUE,
,,,,,,,,,,,,,PRE_SITE_QA,TRUE,TRUE,TRUE,TRUE,
